district_id,district_name,state,development_index,population_lakhs,rural_pct,literacy_rate,female_literacy_rate,sc_st_pct,bpl_pct,agricultural_hh_pct,avg_landholding_ha,internet_penetration,health_facilities_per_lakh,pmkisan_eligible,pmkisan_enrolled,pmkisan_uptake_rate,pmkisan_gap_count,ab_eligible,ab_enrolled,ab_uptake_rate,ab_gap_count,combined_gap_score,pmkisan_gap_tier,ab_gap_tier,pmkisan_gap_rate,ab_gap_rate,priority_score,digital_access_index,gender_literacy_gap,log_population,state_avg_pmkisan_uptake,state_avg_ab_uptake,state_total_pmkisan_gap,state_total_ab_gap,pmkisan_residual,ab_residual,pmkisan_std_residual,pmkisan_anomalous,ab_std_residual,ab_anomalous,dual_anomalous,cluster_id,district_segment,pca_1,pca_2,recommended_intervention
D0001,UTT_Dist_01,Uttar Pradesh,0.4397,26.12,0.7479,0.6396,0.4677,0.3907,0.3276,0.7065,1.302,0.3174,11.02,184538,96503,0.5229,88035,77025,53074,0.6891,23951,0.394,High,Moderate,0.4770999999999999,0.3108999999999999,0.2924,0.4463,0.1719,3.3003,0.6442813333333334,0.6424413333333333,8250549,4592090,-0.11635404777482072,0.06319375465796295,-2.049651845635272,True,1.045374794735494,False,False,2,Critical Priority,2.474181416965557,0.8104686894160571,"Immediate outreach, mobile camps, beneficiary verification, and awareness campaigns"
D0002,UTT_Dist_02,Uttar Pradesh,0.4653,27.04,0.6529,0.568,0.4392,0.2282,0.3693,0.5392,1.071,0.412,14.64,145763,88182,0.605,57581,89852,61515,0.6846,28337,0.3552,Moderate,Moderate,0.395,0.3154,0.2809,0.4744,0.1288,3.3336,0.6442813333333334,0.6424413333333333,8250549,4592090,-0.058497098791766566,0.016171929111468808,-1.0304642493823328,False,0.2675221177609353,False,False,1,Low Coverage,1.6447950988094633,-0.2964670400692575,Increase enrollment drives and improve local service access
D0003,UTT_Dist_03,Uttar Pradesh,0.3519,14.35,0.6787,0.5909,0.428,0.4269,0.3909,0.5765,1.445,0.221,15.31,82737,61260,0.7404,21477,50486,35278,0.6988,15208,0.2804,Moderate,Moderate,0.2596,0.3012,0.2414,0.369,0.1629,2.7311,0.6442813333333334,0.6424413333333333,8250549,4592090,0.11571637716009164,0.051413454118722224,2.038418865111804,False,0.8505006441997449,False,False,1,Low Coverage,1.2821627026892948,0.4454848436047239,Increase enrollment drives and improve local service access
D0004,UTT_Dist_04,Uttar Pradesh,0.4175,52.88,0.6232,0.6908,0.521,0.1765,0.4105,0.6037,0.897,0.2556,12.19,319220,195467,0.6123,123753,195359,132023,0.6758,63336,0.3559,Moderate,Moderate,0.3877,0.3242,0.3265,0.4297,0.1698,3.9868,0.6442813333333334,0.6424413333333333,8250549,4592090,-0.050361439146980325,0.02638242185618922,-0.8871493400577792,False,0.4364279188948567,False,False,1,Low Coverage,2.019182377604639,1.2240710517857547,Increase enrollment drives and improve local service access
D0005,UTT_Dist_05,Uttar Pradesh,0.4825,108.31,0.614,0.723,0.6309,0.256,0.3428,0.5989,1.401,0.2115,11.95,648646,463350,0.7143,185296,334152,228404,0.6835,105748,0.3011,Moderate,Moderate,0.2856999999999999,0.3165,0.3182,0.4161,0.0921,4.6942,0.6442813333333334,0.6424413333333333,8250549,4592090,0.03605773408537383,0.025182863151423707,0.6351803192999332,False,0.4165843688232547,False,False,1,Low Coverage,1.2893763901646833,-0.6197415602109071,Increase enrollment drives and improve local service access
D0006,UTT_Dist_06,Uttar Pradesh,0.317,41.6,0.8169,0.5881,0.4777,0.3581,0.2136,0.8039,1.522,0.2401,10.44,334425,198516,0.5936,135909,79985,36417,0.4553,43568,0.4755,High,High,0.4064,0.5447,0.3128,0.3793,0.1104,3.7519,0.6442813333333334,0.6424413333333333,8250549,4592090,-0.020190759656235957,-0.14781499425582206,-0.35567329702454015,False,-2.445211083206407,True,False,2,Critical Priority,4.257567620869572,-0.7484223156813293,"Immediate outreach, mobile camps, beneficiary verification, and awareness campaigns"
D0007,UTT_Dist_07,Uttar Pradesh,0.3824,49.25,0.8344,0.6435,0.4799,0.2564,0.4371,0.6793,1.721,0.2572,13.59,334576,232133,0.6938,102443,193764,124360,0.6418,69404,0.3322,Moderate,Moderate,0.3062,0.3581999999999999,0.3201,0.4117,0.1636,3.917,0.6442813333333334,0.6424413333333333,8250549,4592090,0.0585590925531827,-0.00224413853693628,1.031556309605761,False,-0.037123381497536266,False,False,2,Critical Priority,2.460337702453012,0.9423580277954232,"Immediate outreach, mobile camps, beneficiary verification, and awareness campaigns"
D0008,UTT_Dist_08,Uttar Pradesh,0.3753,12.88,0.6981,0.6593,0.5178,0.268,0.4003,0.6117,1.293,0.2896,11.24,78757,48105,0.6108,30652,46387,26139,0.5635,20248,0.4128,Moderate,High,0.3892,0.4365,0.3018,0.4375,0.1415,2.6304,0.6442813333333334,0.6424413333333333,8250549,4592090,-0.03846276541565563,-0.07015330751409798,-0.677546502507899,False,-1.1605023287434775,False,False,2,Critical Priority,2.9868321662062662,0.5416118385755857,"Immediate outreach, mobile camps, beneficiary verification, and awareness campaigns"
D0009,UTT_Dist_09,Uttar Pradesh,0.3871,43.62,0.8654,0.6484,0.5011,0.3042,0.3094,0.6185,1.083,0.2729,11.44,269745,160885,0.5964,108860,121437,74890,0.6167,46547,0.3934,High,Moderate,0.4035999999999999,0.3833,0.3009,0.4231,0.1473,3.7982,0.6442813333333334,0.6424413333333333,8250549,4592090,-0.028815186693440298,-0.0007289192974030412,-0.507598160253703,False,-0.012058056449513747,False,False,2,Critical Priority,2.998942684236336,0.2789754530847483,"Immediate outreach, mobile camps, beneficiary verification, and awareness campaigns"
D0010,UTT_Dist_10,Uttar Pradesh,0.4382,126.64,0.6506,0.6317,0.504,0.2548,0.438,0.6057,1.185,0.3772,9.56,767036,527029,0.6871,240007,499207,374515,0.7502,124692,0.2813,Moderate,Low,0.3128999999999999,0.2498,0.3629,0.479,0.1277,4.8492,0.6442813333333334,0.6424413333333333,8250549,4592090,0.035266304629809064,0.1281105331517649,0.6212387772967924,False,2.1192524961029005,False,False,1,Low Coverage,1.5965228233819475,0.2113494881129559,Increase enrollment drives and improve local service access
D0011,UTT_Dist_11,Uttar Pradesh,0.3208,59.71,0.7457,0.5604,0.4682,0.2666,0.4736,0.6083,0.914,0.245,8.67,363175,224399,0.6179,138776,254507,139684,0.5488,114823,0.4166,Moderate,High,0.3821,0.4512,0.3914,0.3712,0.0922,4.1061,0.6442813333333334,0.6424413333333333,8250549,4592090,0.03907204816969634,-0.01177594379443958,0.6882794124935935,False,-0.19480207962927892,False,False,2,Critical Priority,4.612446534062513,-0.3054635458647498,"Immediate outreach, mobile camps, beneficiary verification, and awareness campaigns"
D0012,UTT_Dist_12,Uttar Pradesh,0.3689,49.03,0.6923,0.5629,0.4683,0.3336,0.2738,0.68,1.409,0.2819,14.72,333376,182808,0.5484,150568,120824,66007,0.5463,54817,0.4527,High,High,0.4516,0.4537,0.3302,0.3943,0.0946,3.9126,0.6442813333333334,0.6424413333333333,8250549,4592090,-0.09257620635203667,-0.10691147498050713,-1.6307897820503288,False,-1.7685697236631814,False,False,2,Critical Priority,3.520340598585451,-1.022402863733051,"Immediate outreach, mobile camps, beneficiary verification, and awareness campaigns"
D0013,UTT_Dist_13,Uttar Pradesh,0.4418,95.62,0.7154,0.6666,0.5522,0.308,0.3873,0.6674,1.098,0.3146,17.81,638179,443458,0.6949,194721,333280,210990,0.6331,122290,0.336,Moderate,Moderate,0.3051,0.3669,0.354,0.4554,0.1144,4.5708,0.6442813333333334,0.6424413333333333,8250549,4592090,0.01605315876965041,-0.06852022712497396,0.2827867799160187,False,-1.1334873003469568,False,False,1,Low Coverage,1.713096264152211,-0.1639243281268378,Increase enrollment drives and improve local service access
D0014,UTT_Dist_14,Uttar Pradesh,0.3399,19.27,0.7926,0.5351,0.4655,0.3878,0.3944,0.8065,1.084,0.3105,9.35,155382,92207,0.5934,63175,68387,40256,0.5887,28131,0.409,High,High,0.4065999999999999,0.4113,0.3117,0.4003,0.0696,3.0091,0.6442813333333334,0.6424413333333333,8250549,4592090,0.00927274034653991,0.01916513795422914,0.16334532170391738,False,0.31703690124765677,False,False,2,Critical Priority,4.030408076539134,-1.3175797427626046,"Immediate outreach, mobile camps, beneficiary verification, and awareness campaigns"
D0015,UTT_Dist_15,Uttar Pradesh,0.4221,42.29,0.7033,0.6896,0.5623,0.3884,0.3041,0.5954,1.726,0.1915,13.03,251812,159960,0.6352,91852,115756,80083,0.6918,35673,0.3365,Moderate,Moderate,0.3648,0.3082,0.2674,0.3907,0.1273,3.7679,0.6442813333333334,0.6424413333333333,8250549,4592090,-0.021390556021290807,0.038297451453902176,-0.3768084863974091,False,0.6335308080552955,False,False,1,Low Coverage,1.7526451513928665,-0.1615011323067474,Increase enrollment drives and improve local service access
D0016,UTT_Dist_16,Uttar Pradesh,0.3638,19.59,0.8063,0.6603,0.5041,0.2715,0.4183,0.5982,1.461,0.2787,12.74,117156,73263,0.6254,43893,73741,40616,0.5508,33125,0.4119,Moderate,High,0.3746,0.4492,0.3154,0.4313,0.1562,3.0248,0.6442813333333334,0.6424413333333333,8250549,4592090,-0.016151614488143617,-0.08981146051252242,-0.2845211411099509,False,-1.4856948697918966,False,False,2,Critical Priority,3.242202920047153,0.8967159756766223,"Immediate outreach, mobile camps, beneficiary verification, and awareness campaigns"
D0017,UTT_Dist_17,Uttar Pradesh,0.4286,41.82,0.7866,0.6765,0.5222,0.3595,0.4029,0.6264,1.52,0.3562,16.19,261964,191343,0.7304,70621,151658,102218,0.674,49440,0.2978,Moderate,Moderate,0.2695999999999999,0.3259999999999999,0.2792,0.4843,0.1543,3.757,0.6442813333333334,0.6424413333333333,8250549,4592090,0.05372979574273895,-0.017333183281058373,0.9464851211946722,False,-0.2867320198435513,False,False,1,Low Coverage,1.058936083587708,0.5365396127664445,Increase enrollment drives and improve local service access
D0018,UTT_Dist_18,Uttar Pradesh,0.5065,147.41125000000002,0.6913,0.7372,0.5659,0.2864,0.3086,0.571,1.584,0.2738,9.53,1142087,827856,0.7249,314231,555448,311262,0.5604,244186,0.3574,Moderate,High,0.2751,0.4396,0.4177,0.4592,0.1713,5.0,0.6442813333333334,0.6424413333333333,8250549,4592090,0.04745877439912072,-0.08316613953357355,0.8360170221747063,False,-1.3757654773713597,False,False,1,Low Coverage,2.060075521668733,1.265199845633545,Increase enrollment drives and improve local service access
D0019,UTT_Dist_19,Uttar Pradesh,0.3622,118.14,0.7284,0.6783,0.5793,0.2202,0.5962,0.5301,1.896,0.3015,14.73,626310,393044,0.6276,233266,633942,420575,0.6634,213367,0.3545,Moderate,Moderate,0.3723999999999999,0.3366,0.4663,0.4522,0.099,4.7803,0.6442813333333334,0.6424413333333333,8250549,4592090,-0.03959020914065736,-0.009904747998371044,-0.6974071533059827,False,-0.16384805684944723,False,False,2,Critical Priority,3.378786540652812,0.4899591878995171,"Immediate outreach, mobile camps, beneficiary verification, and awareness campaigns"
D0020,UTT_Dist_20,Uttar Pradesh,0.4838,28.85,0.6451,0.63,0.4509,0.1606,0.2604,0.6089,1.425,0.3531,12.72,175651,133779,0.7616,41872,67613,46348,0.6855,21265,0.2764,Low,Moderate,0.2383999999999999,0.3145,0.2093,0.4639,0.1791,3.3962,0.6442813333333334,0.6424413333333333,8250549,4592090,0.07786625352053944,0.012895338866962813,1.3716644439381178,False,0.21331953282476335,False,False,1,Low Coverage,0.0281864836522346,0.3940722705663516,Increase enrollment drives and improve local service access
D0021,UTT_Dist_21,Uttar Pradesh,0.2991,37.86,0.9151,0.6397,0.5015,0.3774,0.4114,0.6882,1.81,0.1835,8.18,260590,135298,0.5192,125292,140181,77043,0.5496,63138,0.4656,High,High,0.4808,0.4504,0.3711,0.366,0.1382,3.66,0.6442813333333334,0.6424413333333333,8250549,4592090,-0.06541582465969331,-0.017073914919792488,-1.1523420827352566,False,-0.282443105354979,False,False,2,Critical Priority,5.214945772688786,0.6989094071685943,"Immediate outreach, mobile camps, beneficiary verification, and awareness campaigns"
D0022,UTT_Dist_22,Uttar Pradesh,0.2404,17.03,0.8893,0.4802,0.3405,0.4066,0.5469,0.6554,1.164,0.3091,11.19,111616,62398,0.559,49218,83823,42122,0.5025,41701,0.4692,High,High,0.4409999999999999,0.4975,0.3814,0.3775,0.1397,2.892,0.6442813333333334,0.6424413333333333,8250549,4592090,0.013665698032331308,-0.05540139168314728,0.24073011407404324,False,-0.9164706033426349,False,False,2,Critical Priority,5.66476360364738,0.6862351010809018,"Immediate outreach, mobile camps, beneficiary verification, and awareness campaigns"
D0023,UTT_Dist_23,Uttar Pradesh,0.4056,57.64,0.7171,0.6094,0.4739,0.3355,0.4427,0.7574,1.43,0.2395,12.79,436552,263357,0.6033,173195,229670,147446,0.642,82224,0.3774,Moderate,Moderate,0.3967,0.358,0.3671,0.3875,0.1355,4.0714,0.6442813333333334,0.6424413333333333,8250549,4592090,-0.01799239118651097,0.016673707654622838,-0.3169476138400794,False,0.27582272664850027,False,False,2,Critical Priority,3.1544863089451964,0.4679218419644291,"Immediate outreach, mobile camps, beneficiary verification, and awareness campaigns"
D0024,UTT_Dist_24,Uttar Pradesh,0.4708,21.59,0.6354,0.634,0.5321,0.2545,0.4267,0.5616,1.695,0.3748,12.74,121253,85879,0.7083,35374,82911,57497,0.6935,25414,0.2991,Moderate,Moderate,0.2916999999999999,0.3065,0.2675,0.4785,0.1019,3.1175,0.6442813333333334,0.6424413333333333,8250549,4592090,0.029987676927484608,0.02711298162066167,0.528252334457887,False,0.44851311256567467,False,False,1,Low Coverage,1.1151289527435002,-0.571073000473836,Increase enrollment drives and improve local service access
D0025,UTT_Dist_25,Uttar Pradesh,0.3983,40.81,0.8128,0.6363,0.4888,0.2488,0.358,0.6601,1.476,0.3879,15.76,269379,166317,0.6174,103062,131496,93459,0.7107,38037,0.3359,Moderate,Moderate,0.3826,0.2893,0.2878,0.4873,0.1475,3.7331,0.6442813333333334,0.6424413333333333,8250549,4592090,-0.05681290932122507,0.023852973629214236,-1.0007961619998051,False,0.39458483747991707,False,False,1,Low Coverage,1.6866736309159176,0.2050571320774654,Increase enrollment drives and improve local service access
D0026,UTT_Dist_26,Uttar Pradesh,0.3809,17.91,0.695,0.6726,0.5986,0.25,0.3322,0.6324,1.999,0.2782,8.97,113296,78056,0.689,35240,53560,34532,0.6447,19028,0.3331,Moderate,Moderate,0.311,0.3552999999999999,0.2506,0.436,0.074,2.9397,0.6442813333333334,0.6424413333333333,8250549,4592090,0.024508710217403307,0.015533222131023261,0.43173679035560164,False,0.25695638729922327,False,False,1,Low Coverage,2.056488728870636,-1.2400578304902374,Increase enrollment drives and improve local service access
D0027,UTT_Dist_27,Uttar Pradesh,0.4499,67.76,0.6915,0.6902,0.4911,0.2197,0.3453,0.7117,1.716,0.1562,18.07,482309,302624,0.6274,179685,210592,149646,0.7106,60946,0.331,Moderate,Moderate,0.3726,0.2894,0.3145,0.3698,0.1991,4.2306,0.6442813333333334,0.6424413333333333,8250549,4592090,-0.04831878322470362,0.002939274564597971,-0.8511666341600524,False,0.04862258242525385,False,False,1,Low Coverage,1.392086494156482,1.5092727244511417,Increase enrollment drives and improve local service access
D0028,UTT_Dist_28,Uttar Pradesh,0.4447,82.15,0.7867,0.7025,0.6248,0.2499,0.397,0.6537,1.91,0.2498,13.41,537024,352983,0.6573,184041,293491,176229,0.6005,117262,0.3711,Moderate,Moderate,0.3427,0.3994999999999999,0.3658,0.4309,0.0777,4.4206,0.6442813333333334,0.6424413333333333,8250549,4592090,-0.012347480608702277,-0.06464490024234681,-0.21750886112353532,False,-1.0693801893454413,False,False,2,Critical Priority,2.839294765365725,-0.6807340890633631,"Immediate outreach, mobile camps, beneficiary verification, and awareness campaigns"
D0029,UTT_Dist_29,Uttar Pradesh,0.3985,30.71,0.7363,0.612,0.5197,0.2323,0.2749,0.6321,1.145,0.3138,14.34,194141,123488,0.6361,70653,76000,53096,0.6986,22904,0.3326,Moderate,Moderate,0.3639,0.3014,0.246,0.4331,0.0923,3.4566,0.6442813333333334,0.6424413333333333,8250549,4592090,-0.0227363525830645,0.036558938203638425,-0.4005155637139357,False,0.6047716697199225,False,False,1,Low Coverage,1.6473408019524365,-1.3062817751400928,Increase enrollment drives and improve local service access
D0030,UTT_Dist_30,Uttar Pradesh,0.4379,147.41125000000002,0.8788,0.6503,0.5457,0.3128,0.4446,0.6933,1.512,0.4478,11.33,1386530,867266,0.6255,519264,800333,479507,0.5991,320826,0.3877,Moderate,High,0.3745,0.4009,0.5625,0.5288,0.1046,5.0,0.6442813333333334,0.6424413333333333,8250549,4592090,-0.029955892066082734,-0.03945805228612864,-0.5276924235567467,False,-0.6527299023861716,False,False,2,Critical Priority,3.892274620202626,0.2594554017115441,"Immediate outreach, mobile camps, beneficiary verification, and awareness campaigns"
D0031,UTT_Dist_31,Uttar Pradesh,0.2301,67.26,0.7087,0.522,0.4671,0.326,0.5037,0.6278,1.436,0.0697,14.03,422279,237452,0.5623,184827,304907,169037,0.5544,135870,0.4416,High,High,0.4377,0.4456,0.4324,0.2506,0.0549,4.2233,0.6442813333333334,0.6424413333333333,8250549,4592090,0.00016957161323372105,-0.034908951105231845,0.002987113698502973,False,-0.5774769641970773,False,False,2,Critical Priority,5.621456019221627,-0.9710769792364388,"Immediate outreach, mobile camps, beneficiary verification, and awareness campaigns"
D0032,UTT_Dist_32,Uttar Pradesh,0.3941,40.5,0.7357,0.6104,0.4738,0.2141,0.2648,0.712,1.211,0.2693,13.02,288341,174053,0.6036,114288,96515,64140,0.6646,32375,0.3659,Moderate,Moderate,0.3964,0.3354,0.2736,0.4057,0.1366,3.7257,0.6442813333333334,0.6424413333333333,8250549,4592090,-0.04168140301924206,0.020108261280095352,-0.7342448867135608,False,0.3326384010877003,False,False,1,Low Coverage,2.1953107868559774,-0.2711293035503483,Increase enrollment drives and improve local service access
D0033,UTT_Dist_33,Uttar Pradesh,0.3146,47.05,0.7495,0.583,0.4348,0.3388,0.3579,0.745,1.181,0.3158,17.43,350498,210513,0.6006,139985,151559,109433,0.7221,42126,0.3387,Moderate,Moderate,0.3994,0.2779,0.3023,0.4227,0.1482,3.8722,0.6442813333333334,0.6424413333333333,8250549,4592090,-0.04488514632255436,0.045169087701444344,-0.7906808981816157,False,0.7472039925440803,False,False,1,Low Coverage,2.078913851868065,0.1455538700137096,Increase enrollment drives and improve local service access
D0034,UTT_Dist_34,Uttar Pradesh,0.4136,94.97,0.7874,0.7053,0.5506,0.2996,0.3074,0.7651,1.626,0.3313,8.0,726567,432454,0.5952,294113,262709,126997,0.4834,135712,0.4607,High,High,0.4048,0.5166,0.4167,0.4809,0.1547,4.564,0.6442813333333334,0.6424413333333333,8250549,4592090,-0.06561686831696456,-0.1367560787337026,-1.1558835968558197,False,-2.2622703542291696,True,False,2,Critical Priority,3.815447364396702,0.9670684388047238,"Immediate outreach, mobile camps, beneficiary verification, and awareness campaigns"
D0035,UTT_Dist_35,Uttar Pradesh,0.3784,31.95,0.8377,0.6634,0.517,0.2984,0.3974,0.7352,1.607,0.339,7.57,234889,149030,0.6345,85859,114278,69503,0.6082,44775,0.3787,Moderate,Moderate,0.3655,0.3918,0.3133,0.4688,0.1464,3.495,0.6442813333333334,0.6424413333333333,8250549,4592090,0.002182976176422158,0.01217718329189188,0.03845453797698934,False,0.2014395339080735,False,False,2,Critical Priority,3.0784589025571147,0.6153350580100405,"Immediate outreach, mobile camps, beneficiary verification, and awareness campaigns"
D0036,UTT_Dist_36,Uttar Pradesh,0.4898,40.24,0.6687,0.5839,0.4238,0.2713,0.313,0.5026,1.217,0.3461,17.66,202238,125152,0.6188,77086,113332,82476,0.7277,30856,0.3267,Moderate,Moderate,0.3812,0.2723,0.2598,0.4412,0.1601,3.7194,0.6442813333333334,0.6424413333333333,8250549,4592090,-0.05162226806488279,0.03012328359431915,-0.9093596573439463,False,0.49831065703565647,False,False,1,Low Coverage,0.8974059237421788,0.1207547688340859,Increase enrollment drives and improve local service access
D0037,UTT_Dist_37,Uttar Pradesh,0.3576,59.77,0.7163,0.5633,0.4176,0.2239,0.3988,0.449,1.349,0.2649,15.77,268383,173534,0.6466,94849,214523,127079,0.5924,87444,0.3805,Moderate,High,0.3534,0.4075999999999999,0.3313,0.3843,0.1457,4.1071,0.6442813333333334,0.6424413333333333,8250549,4592090,0.01486141355485826,-0.06344266036770929,0.26179341676502177,False,-1.0494922863560585,False,False,2,Critical Priority,2.882813965847236,0.3288240570380366,"Immediate outreach, mobile camps, beneficiary verification, and awareness campaigns"
D0038,UTT_Dist_38,Uttar Pradesh,0.3411,62.29,0.6868,0.6383,0.5086,0.2129,0.5452,0.6795,1.237,0.1474,12.76,423251,317802,0.7509,105449,305619,206421,0.6754,99198,0.2869,Low,Moderate,0.2491,0.3246,0.3451,0.3438,0.1297,4.1477,0.6442813333333334,0.6424413333333333,8250549,4592090,0.13940417301256147,0.058679230305058394,2.455694717706108,False,0.9706938394054757,False,False,2,Critical Priority,2.511809323074177,0.6242901153848018,"Immediate outreach, mobile camps, beneficiary verification, and awareness campaigns"
D0039,UTT_Dist_39,Uttar Pradesh,0.3898,21.68,0.5851,0.5681,0.4282,0.3058,0.3092,0.494,1.188,0.2623,11.74,107081,67274,0.6283,39807,60324,40106,0.6649,20218,0.3534,Moderate,Moderate,0.3717,0.3350999999999999,0.2537,0.3846,0.1399,3.1215,0.6442813333333334,0.6424413333333333,8250549,4592090,-0.0035152561399383053,0.04007039311578142,-0.06192351166927233,False,0.6628594740903665,False,False,1,Low Coverage,1.9458128864285007,-0.1797788697605445,Increase enrollment drives and improve local service access
D0040,UTT_Dist_40,Uttar Pradesh,0.4844,20.94,0.6105,0.7072,0.571,0.2771,0.2732,0.5567,1.47,0.4246,10.54,116574,86104,0.7386,30470,51499,39542,0.7678,11957,0.2468,Moderate,Low,0.2613999999999999,0.2321999999999999,0.1945,0.5376,0.1362,3.0883,0.6442813333333334,0.6424413333333333,8250549,4592090,0.024635756138970732,0.09189823504974082,0.4339747864769313,False,1.5202150769748735,False,False,3,Medium Coverage,-0.570063358131735,-0.32638280391374,Maintain monitoring and targeted awareness programs
D0041,UTT_Dist_41,Uttar Pradesh,0.2881,52.26,0.6971,0.6134,0.4523,0.2727,0.2345,0.5544,1.438,0.1717,10.51,289727,169864,0.5863,119863,110313,64375,0.5836,45938,0.4151,High,High,0.4136999999999999,0.4164,0.2905,0.3484,0.1611,3.9752,0.6442813333333334,0.6424413333333333,8250549,4592090,-0.036756563320651026,-0.028030371565194945,-0.6474906485008239,False,-0.46368892115928306,False,False,2,Critical Priority,3.247333044220809,0.371184873976879,"Immediate outreach, mobile camps, beneficiary verification, and awareness campaigns"
D0042,UTT_Dist_42,Uttar Pradesh,0.3421,21.34,0.7725,0.572,0.4641,0.3132,0.3602,0.6947,1.484,0.1371,6.43,148224,74847,0.505,73377,69161,38241,0.5529,30920,0.4711,High,High,0.495,0.4471,0.3305,0.3111,0.1079,3.1064,0.6442813333333334,0.6424413333333333,8250549,4592090,-0.060304382470289686,0.015122729896835274,-1.0623007208941757,False,0.2501658707778119,False,False,2,Critical Priority,5.107767337031686,-0.2956028726910589,"Immediate outreach, mobile camps, beneficiary verification, and awareness campaigns"
D0043,UTT_Dist_43,Uttar Pradesh,0.4208,25.25,0.7538,0.5851,0.4276,0.1706,0.3698,0.528,1.309,0.4842,15.7,133311,94625,0.7098,38686,84037,58991,0.702,25046,0.2941,Moderate,Moderate,0.2902,0.298,0.2494,0.5246,0.1575,3.2677,0.6442813333333334,0.6424413333333333,8250549,4592090,0.027103199852357096,0.00938360314929243,0.4774404042002619,False,0.1552270832639499,False,False,1,Low Coverage,0.7472742769880304,0.1620956262797517,Increase enrollment drives and improve local service access
D0044,UTT_Dist_44,Uttar Pradesh,0.3421,100.01,0.5886,0.75,0.6644,0.2264,0.4201,0.4581,1.266,0.2799,12.61,458115,295129,0.6442,162986,378112,225409,0.5961,152703,0.3798,Moderate,High,0.3558,0.4039,0.3809,0.4679,0.0856,4.6152,0.6442813333333334,0.6424413333333333,8250549,4592090,-0.0556014130586302,-0.08139804982568022,-0.9794548713606266,False,-1.3465170741791843,False,False,2,Critical Priority,2.5929069815888584,-0.190611821893096,"Immediate outreach, mobile camps, beneficiary verification, and awareness campaigns"
D0045,UTT_Dist_45,Uttar Pradesh,0.361,32.47,0.7552,0.5865,0.4886,0.2664,0.384,0.6672,1.626,0.1079,16.12,216651,121181,0.5593,95470,112221,56415,0.5027,55806,0.469,High,High,0.4407,0.4972999999999999,0.3521,0.2993,0.0979,3.5106,0.6442813333333334,0.6424413333333333,8250549,4592090,-0.05163578170341976,-0.14013309723680634,-0.9095977088316104,False,-2.3181342610916227,True,False,2,Critical Priority,4.50725736954652,-0.460659710640307,"Immediate outreach, mobile camps, beneficiary verification, and awareness campaigns"
D0046,UTT_Dist_46,Uttar Pradesh,0.4841,12.93,0.5541,0.6172,0.5431,0.2785,0.3752,0.3162,1.757,0.3759,18.11,40874,28233,0.6908,12641,43646,29593,0.678,14053,0.3156,Moderate,Moderate,0.3092,0.3219999999999999,0.2475,0.4724,0.0741,2.634,0.6442813333333334,0.6424413333333333,8250549,4592090,-0.01946426950881819,-0.050658545817321765,-0.34287570295740355,False,-0.8380126678981196,False,False,1,Low Coverage,0.6324084974969679,-1.4288024785767828,Increase enrollment drives and improve local service access
D0047,UTT_Dist_47,Uttar Pradesh,0.4506,31.42,0.7068,0.789,0.5763,0.2998,0.4905,0.5436,1.597,0.2264,16.5,170777,125621,0.7356,45156,138691,93094,0.6712,45597,0.2966,Moderate,Moderate,0.2643999999999999,0.3288,0.2954,0.4514,0.2127,3.4788,0.6442813333333334,0.6424413333333333,8250549,4592090,0.040391614483473504,-0.037289024737032994,0.7115244270177573,False,-0.616849035025389,False,False,1,Low Coverage,0.8220355400460416,2.424332635111467,Increase enrollment drives and improve local service access
D0048,UTT_Dist_48,Uttar Pradesh,0.3658,9.58,0.7991,0.5815,0.4816,0.3633,0.3418,0.8106,0.975,0.2936,16.8,77673,50146,0.6456,27527,29475,18860,0.6399,10615,0.3573,Moderate,Moderate,0.3544,0.3601,0.2579,0.4088,0.0999,2.359,0.6442813333333334,0.6424413333333333,8250549,4592090,0.015259298943211208,-0.018720700820233915,0.26880242535720283,False,-0.309684855460911,False,False,1,Low Coverage,2.3204106874922346,-0.994243970832069,Increase enrollment drives and improve local service access
D0049,UTT_Dist_49,Uttar Pradesh,0.4224,49.97,0.8978,0.5725,0.4029,0.2957,0.3984,0.8045,1.566,0.4148,10.03,401980,232847,0.5793,169133,179162,129472,0.7227,49690,0.349,High,Moderate,0.4206999999999999,0.2773,0.3305,0.4779,0.1696,3.9312,0.6442813333333334,0.6424413333333333,8250549,4592090,-0.03844804772210686,0.11762778513746674,-0.6772872408120438,False,1.9458429461714746,False,False,2,Critical Priority,2.74011900029937,0.7588095794642862,"Immediate outreach, mobile camps, beneficiary verification, and awareness campaigns"
D0050,UTT_Dist_50,Uttar Pradesh,0.4147,35.91,0.6976,0.6426,0.4644,0.3425,0.2487,0.6696,1.881,0.2905,12.01,240430,142027,0.5907,98403,80377,42722,0.5315,37655,0.4389,High,High,0.4093,0.4685,0.2946,0.4313,0.1782,3.6085,0.6442813333333334,0.6424413333333333,8250549,4592090,-0.0740074718591458,-0.12361590020604729,-1.3036895079101996,False,-2.0449005918928718,True,False,2,Critical Priority,2.6754651401513403,0.8116886324743087,"Immediate outreach, mobile camps, beneficiary verification, and awareness campaigns"
D0051,UTT_Dist_51,Uttar Pradesh,0.4659,41.58,0.5838,0.664,0.5628,0.1895,0.2736,0.4779,1.454,0.2044,10.36,198724,138433,0.6966,60291,102394,64523,0.6302,37871,0.3366,Moderate,Moderate,0.3034,0.3698,0.2487,0.3882,0.1012,3.7514,0.6442813333333334,0.6424413333333333,8250549,4592090,0.032673412812746494,-0.007476728354453566,0.5755633100482528,False,-0.12368284510324273,False,False,1,Low Coverage,1.5037049092120829,-0.8544842054273083,Increase enrollment drives and improve local service access
D0052,UTT_Dist_52,Uttar Pradesh,0.4864,42.71,0.5984,0.5582,0.498,0.3132,0.5613,0.4312,1.547,0.3001,14.66,184134,123041,0.6682,61093,215740,142478,0.6604,73262,0.3357,Moderate,Moderate,0.3318,0.3396,0.3465,0.4033,0.0602,3.7776,0.6442813333333334,0.6424413333333333,8250549,4592090,0.03464807183972529,0.014625148116146569,0.6103482066337114,False,0.24193468630923406,False,False,2,Critical Priority,2.5041003422331927,-1.0305855357096148,"Immediate outreach, mobile camps, beneficiary verification, and awareness campaigns"
D0053,UTT_Dist_53,Uttar Pradesh,0.3541,15.41,0.7234,0.5765,0.4687,0.2588,0.2421,0.4288,0.959,0.3565,12.69,66074,41512,0.6283,24562,33575,19809,0.59,13766,0.3909,Moderate,High,0.3717,0.41,0.2415,0.4445,0.1078,2.7979,0.6442813333333334,0.6424413333333333,8250549,4592090,-0.018794796582494167,-0.05121613778553202,-0.3310825041363519,False,-0.8472365633996459,False,False,1,Low Coverage,2.3398366710941683,-1.0717789419331998,Increase enrollment drives and improve local service access
D0054,UTT_Dist_54,Uttar Pradesh,0.388,26.43,0.7809,0.6563,0.513,0.1989,0.4525,0.7527,1.043,0.3401,14.23,198925,114689,0.5765,84236,107631,73490,0.6828,34141,0.3703,High,Moderate,0.4235,0.3172,0.3225,0.4666,0.1433,3.3116,0.6442813333333334,0.6424413333333333,8250549,4592090,-0.079663272731476,0.022962019606642237,-1.4033201002119784,False,0.37984634182466803,False,False,2,Critical Priority,2.572954393058476,0.6227759907368432,"Immediate outreach, mobile camps, beneficiary verification, and awareness campaigns"
D0055,UTT_Dist_55,Uttar Pradesh,0.3808,10.53,0.7736,0.5989,0.5186,0.324,0.3451,0.5871,1.09,0.3866,17.91,61839,35169,0.5687,26670,32717,19985,0.6109,12732,0.4102,High,Moderate,0.4313,0.3891,0.2805,0.4715,0.0803,2.445,0.6442813333333334,0.6424413333333333,8250549,4592090,-0.09866657994017791,-0.08256622986368845,-1.738075653958267,False,-1.3658415465745504,False,False,2,Critical Priority,2.6063972853157376,-1.271660180582482,"Immediate outreach, mobile camps, beneficiary verification, and awareness campaigns"
D0056,UTT_Dist_56,Uttar Pradesh,0.5053,27.57,0.7337,0.5722,0.4474,0.1753,0.3648,0.7424,1.529,0.1816,16.3,204664,133893,0.6542,70771,90509,68540,0.7573,21969,0.2943,Moderate,Low,0.3458,0.2427,0.2574,0.3378,0.1248,3.3524,0.6442813333333334,0.6424413333333333,8250549,4592090,0.025932311620562865,0.09961671181955611,0.45681445030157397,False,1.6478970150491474,False,False,1,Low Coverage,1.462613497431848,-0.5030122564711493,Increase enrollment drives and improve local service access
D0057,UTT_Dist_57,Uttar Pradesh,0.4091,14.5,0.6777,0.6431,0.4848,0.2846,0.3365,0.6231,1.288,0.435,13.49,90321,51676,0.5721,38645,43900,29572,0.6736,14328,0.3771,High,Moderate,0.4278999999999999,0.3264,0.2691,0.5182,0.1583,2.7408,0.6442813333333334,0.6424413333333333,8250549,4592090,-0.11625278752804802,-0.0058065458765371725,-2.047868080861667,True,-0.09605406003621697,False,False,1,Low Coverage,1.636823320785166,0.4526202473012262,Increase enrollment drives and improve local service access
D0058,UTT_Dist_58,Uttar Pradesh,0.5604,10.05,0.6163,0.7453,0.5233,0.3028,0.4591,0.5927,1.945,0.3701,12.37,59558,41198,0.6917,18360,41519,29184,0.7029,12335,0.3027,Moderate,Moderate,0.3083,0.2971,0.2688,0.5202,0.222,2.4024,0.6442813333333334,0.6424413333333333,8250549,4592090,-0.018601282911393957,0.011740542199549564,-0.32767363559493484,False,0.1942164531661373,False,False,1,Low Coverage,0.247131061845072,2.35739657033166,Increase enrollment drives and improve local service access
D0059,UTT_Dist_59,Uttar Pradesh,0.4414,65.36,0.7104,0.6051,0.4533,0.2309,0.4807,0.548,1.197,0.192,8.57,358154,265245,0.7406,92909,282781,167014,0.5906,115767,0.3344,Moderate,High,0.2593999999999999,0.4094,0.346,0.3572,0.1518,4.1951,0.6442813333333334,0.6424413333333333,8250549,4592090,0.1491076558836507,0.018338600387515003,2.626627847718954,False,0.3033640067690509,False,False,2,Critical Priority,2.921081853208005,0.8850144930093677,"Immediate outreach, mobile camps, beneficiary verification, and awareness campaigns"
D0060,UTT_Dist_60,Uttar Pradesh,0.4076,39.48,0.7559,0.6442,0.4575,0.1825,0.4789,0.6358,1.2,0.4626,18.46,251029,156790,0.6246,94239,170164,134202,0.7887,35962,0.2934,Moderate,Low,0.3753999999999999,0.2113,0.3035,0.5352,0.1867,3.7008,0.6442813333333334,0.6424413333333333,8250549,4592090,-0.07219455648379125,0.06582102555409719,-1.2717538304143334,False,1.0888360954388168,False,False,1,Low Coverage,0.853193285372505,1.3433277397504493,Increase enrollment drives and improve local service access
D0061,UTT_Dist_61,Uttar Pradesh,0.4566,97.51,0.7408,0.6217,0.4691,0.3496,0.2618,0.7097,1.417,0.1821,14.49,692082,474041,0.685,218041,229758,161100,0.7012,68658,0.3069,Moderate,Moderate,0.3149999999999999,0.2987999999999999,0.2948,0.3579,0.1526,4.5902,0.6442813333333334,0.6424413333333333,8250549,4592090,0.05237628752624446,0.05399324287384055,0.9226421980899356,False,0.8931764775149249,False,False,1,Low Coverage,1.5011174631327635,0.0406924824823081,Increase enrollment drives and improve local service access
D0062,UTT_Dist_62,Uttar Pradesh,0.5029,17.93,0.6377,0.74,0.5905,0.3189,0.3706,0.5566,1.171,0.3564,18.22,99806,69447,0.6958,30359,59805,45842,0.7665,13963,0.2688,Moderate,Low,0.3042,0.2335,0.2332,0.5098,0.1495,2.9407,0.6442813333333334,0.6424413333333333,8250549,4592090,-0.028262484719523195,0.028158739711643177,-0.49786195732316446,False,0.4658124351905152,False,False,3,Medium Coverage,-0.4074568619617134,0.3584429426594873,Maintain monitoring and targeted awareness programs
D0063,UTT_Dist_63,Uttar Pradesh,0.4023,32.86,0.7843,0.6328,0.4476,0.2535,0.3057,0.7017,1.787,0.1827,13.45,230591,148666,0.6447,81925,90411,47069,0.5206,43342,0.4173,Moderate,High,0.3552999999999999,0.4794,0.2995,0.3627,0.1852,3.5222,0.6442813333333334,0.6424413333333333,8250549,4592090,0.010645730576537726,-0.12314152962897684,0.1875314330835565,False,-2.037053375861513,True,False,2,Critical Priority,3.023426908593054,1.0849849577807802,"Immediate outreach, mobile camps, beneficiary verification, and awareness campaigns"
D0064,UTT_Dist_64,Uttar Pradesh,0.348,147.41125000000002,0.7976,0.6692,0.5509,0.3176,0.3694,0.7526,1.745,0.2623,10.87,1505151,893335,0.5935,611816,664984,456639,0.6867,208345,0.3599,High,Moderate,0.4065,0.3133,0.5223,0.4251,0.1183,5.0,0.6442813333333334,0.6424413333333333,8250549,4592090,-0.049060600562387924,0.05923179356438402,-0.8642342266021402,False,0.9798345481182676,False,False,2,Critical Priority,3.690549330288784,0.3481285177579504,"Immediate outreach, mobile camps, beneficiary verification, and awareness campaigns"
D0065,UTT_Dist_65,Uttar Pradesh,0.5264,18.3,0.6322,0.6555,0.5053,0.2513,0.1848,0.4638,1.227,0.2664,17.58,84854,57465,0.6772,27389,30424,20376,0.6697,10048,0.3265,Moderate,Moderate,0.3228,0.3303,0.1983,0.422,0.1502,2.9601,0.6442813333333334,0.6424413333333333,8250549,4592090,-0.019045938806835583,-0.04563859901346523,-0.33550653693523164,False,-0.7549708247908432,False,False,1,Low Coverage,0.1536108995770332,-0.3761210967329667,Increase enrollment drives and improve local service access
D0066,UTT_Dist_66,Uttar Pradesh,0.5848,26.64,0.7387,0.6733,0.5404,0.3758,0.2662,0.5907,1.511,0.3185,20.26,157378,123979,0.7878,33399,63837,46656,0.7309,17181,0.2407,Low,Moderate,0.2122,0.2691,0.1926,0.4604,0.1329,3.3193,0.6442813333333334,0.6424413333333333,8250549,4592090,0.08518551975019895,-0.008908438264745078,1.5005980549573728,False,-0.14736672750100493,False,False,3,Medium Coverage,-0.865140231948185,-0.6686045160534146,Maintain monitoring and targeted awareness programs
D0067,UTT_Dist_67,Uttar Pradesh,0.3334,29.27,0.6891,0.6283,0.4679,0.3443,0.3494,0.6514,1.35,0.4151,13.42,190688,123240,0.6463,67448,92059,62090,0.6745,29969,0.3396,Moderate,Moderate,0.3537,0.3255,0.2724,0.5004,0.1604,3.4102,0.6442813333333334,0.6424413333333333,8250549,4592090,-0.027681525963149545,0.005785806873504162,-0.48762799288435554,False,0.09571098766779206,False,False,1,Low Coverage,1.5542043165397774,0.4789750247523646,Increase enrollment drives and improve local service access
D0068,UTT_Dist_68,Uttar Pradesh,0.332,38.58,0.5939,0.6057,0.4554,0.2122,0.3758,0.6305,1.365,0.2471,15.2,243257,176284,0.7247,66973,130502,76814,0.5886,53688,0.3434,Moderate,High,0.2753,0.4114,0.2895,0.3905,0.1503,3.6783,0.6442813333333334,0.6424413333333333,8250549,4592090,0.0670295696560389,-0.08166307387860638,1.180769245118557,False,-1.3509012014782706,False,False,1,Low Coverage,1.90582586214493,0.3905011470534063,Increase enrollment drives and improve local service access
D0069,UTT_Dist_69,Uttar Pradesh,0.3608,54.87,0.7783,0.675,0.5086,0.4251,0.4803,0.6829,1.468,0.2792,14.36,374691,243036,0.6486,131655,237175,162338,0.6845,74837,0.3335,Moderate,Moderate,0.3514,0.3155,0.3448,0.4375,0.1664,4.023,0.6442813333333334,0.6424413333333333,8250549,4592090,0.006577883623985259,0.03214491414288689,0.11587367666243767,False,0.5317532279222777,False,False,2,Critical Priority,2.3742348311517487,1.2691045199922038,"Immediate outreach, mobile camps, beneficiary verification, and awareness campaigns"
D0070,UTT_Dist_70,Uttar Pradesh,0.4807,56.56,0.6298,0.7582,0.6643,0.3115,0.4542,0.5456,1.276,0.3046,13.43,308596,212283,0.6879,96313,231225,175226,0.7578,55999,0.2771,Moderate,Low,0.3121,0.2421999999999999,0.2968,0.486,0.0939,4.0528,0.6442813333333334,0.6424413333333333,8250549,4592090,-0.010043455805940904,0.07569193974842992,-0.1769219732611751,False,1.2521244608098279,False,False,1,Low Coverage,0.7745970114256034,-0.2830382791809182,Increase enrollment drives and improve local service access
D0071,UTT_Dist_71,Uttar Pradesh,0.4153,62.68,0.5959,0.6397,0.5289,0.3399,0.4052,0.5214,1.303,0.3915,13.45,326842,232603,0.7117,94239,228592,127023,0.5557,101569,0.3663,Moderate,High,0.2883,0.4443,0.332,0.4908,0.1108,4.1539,0.6442813333333334,0.6424413333333333,8250549,4592090,0.030830194241387998,-0.11580948804552416,0.5430938221452204,False,-1.9157639935992652,False,False,1,Low Coverage,1.9581453175097083,-0.1835465679165255,Increase enrollment drives and improve local service access
D0072,UTT_Dist_72,Uttar Pradesh,0.414,26.05,0.6902,0.6608,0.5562,0.2596,0.48,0.5376,0.964,0.2956,14.41,140036,101187,0.7226,38849,112517,72910,0.648,39607,0.3147,Moderate,Moderate,0.2774,0.352,0.2955,0.4417,0.1046,3.2977,0.6442813333333334,0.6424413333333333,8250549,4592090,0.06811525063320056,-0.009675760376790854,1.1998942180882692,False,-0.16006005771563928,False,False,1,Low Coverage,1.79539051411845,-0.1911531138020788,Increase enrollment drives and improve local service access
D0073,UTT_Dist_73,Uttar Pradesh,0.3556,33.11,0.6097,0.7229,0.5297,0.1427,0.4975,0.5874,1.727,0.3054,8.67,194480,121642,0.6255,72838,148258,93288,0.6292,54970,0.3726,Moderate,Moderate,0.3745,0.3708,0.34,0.4724,0.1932,3.5296,0.6442813333333334,0.6424413333333333,8250549,4592090,-0.05284078790104074,-0.009999174029793334,-0.9308246727764761,False,-0.1654100876822418,False,False,2,Critical Priority,2.501779579960072,2.175632017257748,"Immediate outreach, mobile camps, beneficiary verification, and awareness campaigns"
D0074,UTT_Dist_74,Uttar Pradesh,0.3018,50.66,0.8162,0.6854,0.5113,0.2903,0.4227,0.7948,1.588,0.1482,12.41,402641,248369,0.6169,154272,192716,120073,0.6231,72643,0.38,Moderate,Moderate,0.3831,0.3769,0.3528,0.3631,0.1741,3.9447,0.6442813333333334,0.6424413333333333,8250549,4592090,-0.00478871737476283,-0.0017143563447146182,-0.08435635539254316,False,-0.028359525742391204,False,False,2,Critical Priority,3.461719122564824,1.4399025466929487,"Immediate outreach, mobile camps, beneficiary verification, and awareness campaigns"
D0075,UTT_Dist_75,Uttar Pradesh,0.4514,14.0,0.7077,0.7329,0.6298,0.3319,0.3994,0.5981,1.25,0.231,13.08,83734,52464,0.6266,31270,50330,33382,0.6633,16948,0.3551,Moderate,Moderate,0.3733999999999999,0.3367,0.2776,0.4318,0.1031,2.7081,0.6442813333333334,0.6424413333333333,8250549,4592090,-0.040089530202256696,0.005767986081379628,-0.7062030169226234,False,0.09541618943954867,False,False,1,Low Coverage,1.992140661573776,-0.2369410489813125,Increase enrollment drives and improve local service access
D0076,MAH_Dist_01,Maharashtra,0.5627,82.27,0.6023,0.7371,0.5831,0.3353,0.1982,0.3423,1.872,0.3215,17.53,281583,188504,0.6694,93079,146759,108550,0.7397,38209,0.2955,Moderate,Moderate,0.3306,0.2603,0.2205,0.4877,0.154,4.4221,0.7854166666666667,0.7976444444444444,1973004,816966,-0.07424710217761965,-0.011857162986149583,-1.3079107510377317,False,-0.19614563796541515,False,False,3,Medium Coverage,-0.6605428934030314,-0.0545708685440566,Maintain monitoring and targeted awareness programs
D0077,MAH_Dist_02,Maharashtra,0.6897,40.51,0.7289,0.6909,0.5609,0.308,0.2526,0.6222,1.809,0.349,16.6,252068,195148,0.7742,56920,92097,65759,0.714,26338,0.2559,Low,Moderate,0.2258,0.286,0.2053,0.4858,0.13,3.7259,0.7854166666666667,0.7976444444444444,1973004,816966,0.06317447914347085,-0.0063438898506783525,1.112859331064974,False,-0.10494300562444346,False,False,3,Medium Coverage,-0.8257757966664157,-0.6635081918518518,Maintain monitoring and targeted awareness programs
D0078,MAH_Dist_03,Maharashtra,0.7691,85.04,0.5413,0.8335,0.6009,0.2035,0.2471,0.5249,1.76,0.5441,21.56,446345,393602,0.8818,52743,189142,166444,0.88,22698,0.1191,Low,Low,0.1181999999999999,0.12,0.1464,0.6599,0.2326,4.4548,0.7854166666666667,0.7976444444444444,1973004,816966,0.03804670496588358,0.02440125988189068,0.6702173284467093,False,0.4036547943443315,False,False,0,High Coverage,-4.981048647245374,1.4591101205788437,Maintain current strategy and monitor performance
D0079,MAH_Dist_04,Maharashtra,0.774,21.36,0.6845,0.7662,0.6056,0.2477,0.2109,0.7346,2.022,0.4764,18.89,156942,133884,0.8531,23058,40542,35676,0.88,4866,0.1335,Low,Low,0.1469,0.12,0.1258,0.5923,0.1606,3.1073,0.7854166666666667,0.7976444444444444,1973004,816966,0.06613842514824686,0.0858565272749916,1.1650711579436421,False,1.420270880605044,False,False,0,High Coverage,-3.800338497448191,-0.3618764566665162,Maintain current strategy and monitor performance
D0080,MAH_Dist_05,Maharashtra,0.9272,42.85,0.4508,0.8614,0.7747,0.2637,0.2282,0.3916,1.884,0.5199,18.54,167800,154376,0.92,13424,88005,77444,0.88,10561,0.1,Low,Low,0.0799999999999999,0.12,0.1163,0.6565,0.0867,3.7808,0.7854166666666667,0.7976444444444444,1973004,816966,0.06736508147896036,0.04543071062714399,1.18667950299299,False,0.751531857120758,False,False,0,High Coverage,-5.316352421797652,-1.6593541803647534,Maintain current strategy and monitor performance
D0081,MAH_Dist_06,Maharashtra,0.6513,12.42,0.524,0.8375,0.7517,0.1498,0.281,0.5855,2.311,0.2838,16.31,72718,58506,0.8046,14212,31413,24792,0.7892,6621,0.2031,Low,Low,0.1954,0.2108,0.1723,0.5053,0.0858,2.5967,0.7854166666666667,0.7976444444444444,1973004,816966,0.015602161131551218,0.014537966886100873,0.27484216467499206,False,0.24049250169847441,False,False,3,Medium Coverage,-2.0614505077413776,-1.1680069681154404,Maintain monitoring and targeted awareness programs
D0082,MAH_Dist_07,Maharashtra,0.7326,46.8,0.7037,0.7045,0.5117,0.2945,0.2129,0.6164,1.697,0.4643,23.17,288477,237222,0.8223,51255,89682,74082,0.8261,15600,0.1758,Low,Low,0.1776999999999999,0.1739,0.156,0.5604,0.1928,3.867,0.7854166666666667,0.7976444444444444,1973004,816966,0.053179043711239715,0.013353504638217162,0.9367832677616553,False,0.2208986828795804,False,False,0,High Coverage,-3.211869961657475,0.2342831788617617,Maintain current strategy and monitor performance
D0083,MAH_Dist_08,Maharashtra,0.7517,116.98,0.6788,0.6174,0.4523,0.1155,0.3139,0.5709,1.554,0.4645,17.91,667861,475485,0.712,192376,330482,259984,0.7867,70498,0.2507,Moderate,Low,0.288,0.2133,0.2802,0.5257,0.1651,4.7705,0.7854166666666667,0.7976444444444444,1973004,816966,-0.008234825143879965,0.04901133489180709,-0.14506177376266455,False,0.810763886867334,False,False,3,Medium Coverage,-0.9589136007774262,0.1444576542591047,Maintain monitoring and targeted awareness programs
D0084,MAH_Dist_09,Maharashtra,0.5224,33.24,0.6464,0.7003,0.5251,0.358,0.3132,0.609,1.479,0.4401,21.68,202450,147204,0.7271,55246,93695,73248,0.7818,20447,0.2456,Moderate,Low,0.2729,0.2181999999999999,0.2169,0.5442,0.1752,3.5334,0.7854166666666667,0.7976444444444444,1973004,816966,-0.020562214212501262,-0.0020145720394179056,-0.36221670940579315,False,-0.03332580638081146,False,False,3,Medium Coverage,-1.3214327602128908,0.4753497933329529,Maintain monitoring and targeted awareness programs
D0085,MAH_Dist_10,Maharashtra,0.7724,41.86,0.5589,0.8119,0.6121,0.2204,0.2306,0.427,1.648,0.451,21.79,178705,142323,0.7964,36382,86850,75199,0.8659,11651,0.1689,Low,Low,0.2036,0.1341,0.1524,0.5954,0.1998,3.7579,0.7854166666666667,0.7976444444444444,1973004,816966,-0.02007966939637207,0.029870014665133837,-0.3537163702092158,False,0.49412098740306254,False,False,0,High Coverage,-3.965103945742913,0.7556680605673793,Maintain current strategy and monitor performance
D0086,MAH_Dist_11,Maharashtra,0.7011,76.77,0.5939,0.7927,0.6366,0.3208,0.3582,0.4951,1.54,0.5617,15.86,380044,294283,0.7743,85761,247482,217784,0.88,29698,0.1728,Low,Low,0.2257,0.12,0.2142,0.6541,0.1561,4.3538,0.7854166666666667,0.7976444444444444,1973004,816966,-0.011173535153821912,0.11306755857199924,-0.19682905226181985,False,1.8704059676974674,False,False,0,High Coverage,-2.776139200070081,0.3517417531925229,Maintain current strategy and monitor performance
D0087,MAH_Dist_12,Maharashtra,0.6747,32.4,0.6834,0.7667,0.6815,0.2835,0.3571,0.7212,1.904,0.4015,18.7,233676,183418,0.7849,50258,104149,85916,0.8249,18233,0.1951,Low,Low,0.2150999999999999,0.1751,0.2075,0.5476,0.0852,3.5086,0.7854166666666667,0.7976444444444444,1973004,816966,0.02734016396972927,0.05738058768151477,0.4816146804700577,False,0.9492112059811767,False,False,3,Medium Coverage,-1.719525740025286,-1.1995912308811816,Maintain monitoring and targeted awareness programs
D0088,MAH_Dist_13,Maharashtra,0.6039,57.92,0.5515,0.7618,0.6325,0.3736,0.3033,0.416,1.804,0.3929,18.34,240912,198945,0.8258,41967,158108,125671,0.7948,32437,0.1897,Low,Low,0.1742,0.2052,0.1911,0.5405,0.1293,4.0762,0.7854166666666667,0.7976444444444444,1973004,816966,0.06172068047097945,0.024478602694733564,1.0872497266787107,False,0.4049342281671441,False,False,3,Medium Coverage,-2.2288139285607613,-0.4216429572599491,Maintain monitoring and targeted awareness programs
D0089,MAH_Dist_14,Maharashtra,0.6705,50.99,0.7105,0.8096,0.6975,0.1635,0.385,0.6484,1.727,0.4522,15.32,330619,238356,0.7209,92263,176678,119414,0.6759,57264,0.3016,Moderate,Moderate,0.2791,0.3241,0.2849,0.5952,0.1121,3.9511,0.7854166666666667,0.7976444444444444,1973004,816966,-0.04457829490511811,-0.07251517716170097,-0.7852755118962923,False,-1.1995732624365212,False,False,3,Medium Coverage,-0.1967576913715293,-0.0919460747843422,Maintain monitoring and targeted awareness programs
D0090,MAH_Dist_15,Maharashtra,0.6192,98.99,0.5091,0.8218,0.6366,0.2359,0.2473,0.5034,2.405,0.4936,16.41,498302,321569,0.6453,176733,220295,193859,0.88,26436,0.2373,Moderate,Low,0.3547,0.12,0.2354,0.6249,0.1852,4.6051,0.7854166666666667,0.7976444444444444,1973004,816966,-0.17772120593621688,0.07611689212797412,-3.1306740480626094,True,1.2591541824799986,False,False,3,Medium Coverage,-2.263179758840133,0.8916156505419673,Maintain monitoring and targeted awareness programs
D0091,MAH_Dist_16,Maharashtra,0.5788,38.03,0.7292,0.6118,0.5026,0.434,0.2983,0.6601,1.786,0.4081,18.24,251022,178832,0.7124,72190,102074,69638,0.6822,32436,0.3027,Moderate,Moderate,0.2875999999999999,0.3177999999999999,0.2447,0.4896,0.1092,3.6643,0.7854166666666667,0.7976444444444444,1973004,816966,0.02106203061150924,-0.03508924425109039,0.37102129871061224,False,-0.5804594410472703,False,False,1,Low Coverage,0.3081321602389219,-1.0427006801443386,Increase enrollment drives and improve local service access
D0092,MAH_Dist_17,Maharashtra,0.6204,20.58,0.7105,0.6701,0.5413,0.2137,0.2227,0.494,2.013,0.4434,16.73,101658,78327,0.7705,23331,41240,28534,0.6919,12706,0.2688,Low,Moderate,0.2295,0.3081,0.1861,0.5341,0.1288,3.0718,0.7854166666666667,0.7976444444444444,1973004,816966,0.03331865915846821,-0.049895000511807064,0.5869297419746878,False,-0.8253818150338745,False,False,3,Medium Coverage,-0.9014619159377072,-0.8630495144425716,Maintain monitoring and targeted awareness programs
D0093,MAH_Dist_18,Maharashtra,0.6984,68.5,0.5574,0.6843,0.5566,0.2676,0.2243,0.4686,1.867,0.5121,19.39,320950,270730,0.8435,50220,138280,114169,0.8256,24111,0.1654,Low,Low,0.1564999999999999,0.1744,0.1577,0.581,0.1277,4.2413,0.7854166666666667,0.7976444444444444,1973004,816966,0.06431945437694919,0.035052422974722885,1.1330288107297195,False,0.5798503296805786,False,False,0,High Coverage,-3.167366449615333,-1.0877494825852332,Maintain current strategy and monitor performance
D0094,MAH_Dist_19,Maharashtra,0.6673,36.51,0.6564,0.7743,0.6057,0.1592,0.2256,0.5095,2.069,0.3132,22.09,186019,135926,0.7307,50093,74141,62274,0.8399,11867,0.2147,Moderate,Low,0.2693,0.1601,0.1738,0.4976,0.1686,3.6246,0.7854166666666667,0.7976444444444444,1973004,816966,-0.047836726811952834,0.027439334874252985,-0.8426748985050374,False,0.45391177050791803,False,False,3,Medium Coverage,-2.283231242842,0.1266474541017422,Maintain monitoring and targeted awareness programs
D0095,MAH_Dist_20,Maharashtra,0.6232,13.22,0.5369,0.8591,0.728,0.2782,0.3987,0.4881,2.222,0.3556,18.27,64545,54003,0.8367,10542,47451,32499,0.6849,14952,0.2392,Low,Moderate,0.1633,0.3151,0.2236,0.557,0.1311,2.6546,0.7854166666666667,0.7976444444444444,1973004,816966,0.04055006700716779,-0.10953881468164972,0.7143156707591356,False,-1.8120321625647624,False,False,3,Medium Coverage,-1.6385883370311072,0.3285786674263597,Maintain monitoring and targeted awareness programs
D0096,MAH_Dist_21,Maharashtra,0.7152,34.96,0.6329,0.7717,0.6026,0.1887,0.3095,0.4992,2.361,0.5393,18.69,174525,135545,0.7767,38980,97374,73323,0.753,24051,0.2352,Low,Low,0.2233,0.247,0.2075,0.6323,0.1691,3.5824,0.7854166666666667,0.7976444444444444,1973004,816966,-0.03034124088990875,-0.05592017483260703,-0.5344805924522266,False,-0.9250525088064614,False,False,3,Medium Coverage,-2.2766256956278896,0.4613143247857129,Maintain monitoring and targeted awareness programs
D0097,MAH_Dist_22,Maharashtra,0.6381,65.97,0.6294,0.6637,0.4736,0.2004,0.3773,0.5841,1.79,0.3436,24.11,385298,262197,0.6805,123101,223976,165969,0.741,58007,0.2892,Moderate,Moderate,0.3195,0.259,0.2879,0.4716,0.1901,4.2042,0.7854166666666667,0.7976444444444444,1973004,816966,-0.05613245834135161,-0.05553020917414819,-0.9888095776614518,False,-0.9186015506006721,False,False,3,Medium Coverage,-0.537682493035401,1.0638207636866723,Maintain monitoring and targeted awareness programs
D0098,MAH_Dist_23,Maharashtra,0.7456,55.05,0.5682,0.9023,0.6425,0.359,0.2949,0.4883,1.642,0.4746,15.67,268816,221903,0.8255,46913,146095,111432,0.7627,34663,0.2059,Low,Low,0.1745,0.2372999999999999,0.1974,0.6457,0.2598,4.0262,0.7854166666666667,0.7976444444444444,1973004,816966,0.016406270050662863,-0.023363363654628988,0.2890070636335421,False,-0.38648552561893623,False,False,0,High Coverage,-3.280251965966027,2.693849157472631,Maintain current strategy and monitor performance
D0099,MAH_Dist_24,Maharashtra,0.6312,48.22,0.7164,0.8082,0.7156,0.298,0.3034,0.5104,1.981,0.3466,21.3,246122,177428,0.7209,68694,131653,108057,0.8208,23596,0.2292,Moderate,Low,0.2791,0.1792,0.2128,0.5312,0.0926,3.8963,0.7854166666666667,0.7976444444444444,1973004,816966,-0.05201913914961187,0.022388300097868963,-0.916350798321425,False,0.3703556584974,False,False,3,Medium Coverage,-1.4386768264657173,-1.0520061059396335,Maintain monitoring and targeted awareness programs
D0100,MAH_Dist_25,Maharashtra,0.6478,18.94,0.6636,0.7632,0.6424,0.2936,0.144,0.4708,1.924,0.3365,11.5,89172,69258,0.7767,19914,24541,21579,0.8793,2962,0.172,Low,Low,0.2233,0.1207,0.1195,0.5072,0.1208,2.9927,0.7854166666666667,0.7976444444444444,1973004,816966,0.04423902784007583,0.18113228296951855,0.7792991030010256,False,2.9963581710587723,False,False,3,Medium Coverage,-2.246823569764058,-1.2007449004402626,Maintain monitoring and targeted awareness programs
D0101,MAH_Dist_26,Maharashtra,0.6895,18.07,0.6152,0.8106,0.6291,0.2397,0.2336,0.5649,1.763,0.4501,17.73,102096,75609,0.7406,26487,38000,33436,0.8799,4564,0.1898,Moderate,Low,0.2593999999999999,0.1200999999999999,0.1561,0.5943,0.1815,2.9481,0.7854166666666667,0.7976444444444444,1973004,816966,-0.05283987444770255,0.09066854806839142,-0.9308085817048174,False,1.4998731336503293,False,False,0,High Coverage,-3.0019312211800018,0.4670493954675382,Maintain current strategy and monitor performance
D0102,MAH_Dist_27,Maharashtra,0.694,47.24,0.5891,0.7725,0.674,0.2597,0.3836,0.558,2.008,0.4106,14.95,263594,192766,0.7313,70828,163101,123580,0.7577,39521,0.2555,Moderate,Low,0.2687,0.2422999999999999,0.2533,0.5554,0.0985,3.8762,0.7854166666666667,0.7976444444444444,1973004,816966,-0.02576427755111399,0.01749878232601798,-0.45385442143221066,False,0.2894714213639794,False,False,3,Medium Coverage,-0.8943584169862431,-0.5771394840066508,Maintain monitoring and targeted awareness programs
D0103,MAH_Dist_28,Maharashtra,0.6412,57.24,0.6301,0.7273,0.6496,0.2909,0.0624,0.4903,1.85,0.2624,15.44,280664,215785,0.7688,64879,32168,21795,0.6776,10373,0.2768,Low,Moderate,0.2311999999999999,0.3224,0.154,0.4484,0.0777,4.0646,0.7854166666666667,0.7976444444444444,1973004,816966,0.03514206985399704,-0.049219243486359976,0.6190503013270698,False,-0.8142031888295677,False,False,3,Medium Coverage,-1.0209177920277157,-2.2393977885209906,Maintain monitoring and targeted awareness programs
D0104,MAH_Dist_29,Maharashtra,0.6127,32.98,0.5805,0.7507,0.6749,0.2537,0.2559,0.4698,1.628,0.3861,17.76,154924,116862,0.7543,38062,75935,58106,0.7652,17829,0.2402,Low,Low,0.2457,0.2348,0.1911,0.5319,0.0758,3.5258,0.7854166666666667,0.7976444444444444,1973004,816966,-0.009064091754860004,0.0016909444771947557,-0.15966984174331653,False,0.027972237846982297,False,False,3,Medium Coverage,-1.435536507471466,-1.6564621906296595,Maintain monitoring and targeted awareness programs
D0105,MAH_Dist_30,Maharashtra,0.725,31.72,0.6722,0.8477,0.6827,0.1373,0.2497,0.5568,2.184,0.3532,15.99,176579,152359,0.8628,24220,71283,56034,0.7861,15249,0.1755,Low,Low,0.1372,0.2138999999999999,0.158,0.551,0.165,3.488,0.7854166666666667,0.7976444444444444,1973004,816966,0.07722624511915133,0.013775709840384787,1.360390281790655,False,0.22788295971106887,False,False,0,High Coverage,-2.782421659308743,0.2954589800715792,Maintain current strategy and monitor performance
D0106,MAH_Dist_31,Maharashtra,0.7603,47.84,0.5815,0.8379,0.6672,0.2238,0.1276,0.5217,1.995,0.4039,21.94,249593,206204,0.8262,43389,54928,44306,0.8066,10622,0.1836,Low,Low,0.1737999999999999,0.1934,0.1293,0.5775,0.1707,3.8885,0.7854166666666667,0.7976444444444444,1973004,816966,-0.003926090772411683,-0.04129960157955492,-0.0691606295762439,False,-0.683193501598326,False,False,0,High Coverage,-3.9401222064889336,-0.1109144712137989,Maintain current strategy and monitor performance
D0107,MAH_Dist_32,Maharashtra,0.7857,24.36,0.5728,0.7941,0.5797,0.1668,0.0515,0.4265,1.845,0.5354,13.89,103898,88435,0.8512,15463,11290,9228,0.8174,2062,0.1657,Low,Low,0.1488,0.1825999999999999,0.0874,0.6389,0.2144,3.2332,0.7854166666666667,0.7976444444444444,1973004,816966,0.03722865997113267,0.03915885103674566,0.6558069364975742,False,0.6477804030821208,False,False,0,High Coverage,-4.368360954980029,0.4075091902094432,Maintain current strategy and monitor performance
D0108,MAH_Dist_33,Maharashtra,0.7814,138.67,0.4486,0.7344,0.6376,0.2043,0.2968,0.3389,2.062,0.6026,25.31,469942,392201,0.8346,77741,370427,312027,0.8423,58400,0.1615,Low,Low,0.1654,0.1576999999999999,0.198,0.6553,0.0968,4.9393,0.7854166666666667,0.7976444444444444,1973004,816966,-0.01968028295869617,-0.0457141967560043,-0.3466809196618642,False,-0.756221391006081,False,False,0,High Coverage,-4.070809552846442,-1.4035095213144613,Maintain current strategy and monitor performance
D0109,MAH_Dist_34,Maharashtra,0.7268,21.73,0.7567,0.7364,0.5216,0.2505,0.1951,0.6114,2.28,0.4436,15.55,132842,110199,0.8296,22643,38150,32749,0.8584,5401,0.156,Low,Low,0.1704,0.1415999999999999,0.1301,0.5607,0.2148,3.1237,0.7854166666666667,0.7976444444444444,1973004,816966,0.07847467910043171,0.11132413567754651,1.3823822542473139,False,1.8415656121862192,False,False,0,High Coverage,-3.024157174476166,0.7390299734396965,Maintain current strategy and monitor performance
D0110,MAH_Dist_35,Maharashtra,0.6539,35.47,0.6437,0.7181,0.6124,0.2024,0.1747,0.4942,2.231,0.464,17.33,175314,145874,0.8321,29440,55775,44989,0.8066,10786,0.1807,Low,Low,0.1679,0.1934,0.1378,0.5656,0.1057,3.5965,0.7854166666666667,0.7976444444444444,1973004,816966,0.05422866592386244,0.030905432113478626,0.955273042259961,False,0.511249251238434,False,False,3,Medium Coverage,-2.6377301017158348,-1.5990154516070676,Maintain monitoring and targeted awareness programs
D0111,MAH_Dist_36,Maharashtra,0.7265,24.05,0.5443,0.9068,0.8125,0.306,0.3191,0.5886,2.068,0.5288,20.61,141565,121368,0.8573,20197,69071,57820,0.8371,11251,0.1528,Low,Low,0.1427,0.1629,0.1671,0.68,0.0943,3.2209,0.7854166666666667,0.7976444444444444,1973004,816966,-0.0028742560801063854,-0.0187393224812753,-0.05063188081660793,False,-0.3099929019631982,False,False,0,High Coverage,-3.920313407696351,-0.9200620169008248,Maintain current strategy and monitor performance
D0112,BIH_Dist_01,Bihar,0.3024,76.68,0.6051,0.5092,0.4189,0.1683,0.4536,0.495,1.498,0.2206,9.3,379536,212939,0.5611,166597,313039,177609,0.5674,135430,0.4358,High,High,0.4388999999999999,0.4326,0.4089,0.336,0.0903,4.3526,0.6056578947368422,0.61265,4708668,2629035,-0.03233669267225836,-0.011848092193004645,-0.5696317668787801,False,-0.1959955855025839,False,False,2,Critical Priority,4.758030816643756,-0.4471132418005098,"Immediate outreach, mobile camps, beneficiary verification, and awareness campaigns"
D0113,BIH_Dist_02,Bihar,0.3301,36.22,0.7737,0.695,0.5944,0.3519,0.4441,0.6929,1.304,0.1758,11.34,250948,161737,0.6445,89211,144746,91807,0.6343,52939,0.3606,Moderate,Moderate,0.3555,0.3657,0.3238,0.3835,0.1006,3.6168,0.6056578947368422,0.61265,4708668,2629035,0.021049569672054957,0.020614662427355324,0.37080179119850365,False,0.34101547882641275,False,False,2,Critical Priority,3.2060162927787723,-0.0965146437259433,"Immediate outreach, mobile camps, beneficiary verification, and awareness campaigns"
D0114,BIH_Dist_03,Bihar,0.3524,72.16,0.7662,0.5191,0.4196,0.3478,0.4543,0.8334,0.8,0.2754,13.19,601377,397432,0.6609,203945,295020,189445,0.6421,105575,0.3485,Moderate,Moderate,0.3390999999999999,0.3579,0.3767,0.3729,0.0995,4.2926,0.6056578947368422,0.61265,4708668,2629035,0.07903911630156113,0.04609721928602761,1.3923251807992016,False,0.7625574933761331,False,False,2,Critical Priority,3.432676408189762,-0.5341164384724642,"Immediate outreach, mobile camps, beneficiary verification, and awareness campaigns"
D0115,BIH_Dist_04,Bihar,0.3389,25.99,0.7147,0.5291,0.455,0.2396,0.472,0.5094,1.742,0.2708,8.45,132403,80223,0.6059,52180,110413,71453,0.6471,38960,0.3735,Moderate,Moderate,0.3941,0.3529,0.3207,0.3741,0.0741,3.2955,0.6056578947368422,0.61265,4708668,2629035,0.013048711193584195,0.07427089337239667,0.22986149165002728,False,1.2286169785958612,False,False,2,Critical Priority,3.8379579700826376,-0.9940190766438748,"Immediate outreach, mobile camps, beneficiary verification, and awareness campaigns"
D0116,BIH_Dist_05,Bihar,0.234,11.97,0.7318,0.4889,0.428,0.2575,0.4744,0.594,1.431,0.3262,4.573749999999999,71098,33649,0.4733,37449,51099,28540,0.5585,22559,0.4841,High,High,0.5267,0.4415,0.3555,0.3913,0.0609,2.5626,0.6056578947368422,0.61265,4708668,2629035,-0.09217594747799412,0.03594119536188034,-1.6237389629718149,False,0.594552735904427,False,False,2,Critical Priority,5.845814903954815,-1.0930108040179474,"Immediate outreach, mobile camps, beneficiary verification, and awareness campaigns"
D0117,BIH_Dist_06,Bihar,0.3059,23.41,0.6978,0.7411,0.6048,0.317,0.5581,0.7252,1.546,0.3679,13.6,169758,105241,0.6199,64517,117585,81452,0.6927,36133,0.3437,Moderate,Moderate,0.3801,0.3073,0.3377,0.5172,0.1363,3.195,0.6056578947368422,0.61265,4708668,2629035,-0.07100092781946254,0.011759205609407353,-1.2507272890809475,False,0.1945251902930062,False,False,2,Critical Priority,2.2710520087805803,1.0671178783210438,"Immediate outreach, mobile camps, beneficiary verification, and awareness campaigns"
D0118,BIH_Dist_07,Bihar,0.4393,38.61,0.7721,0.6087,0.4891,0.3319,0.3169,0.6427,0.899,0.2178,13.42,248146,177291,0.7145,70855,110133,75460,0.6852,34673,0.3002,Moderate,Moderate,0.2855,0.3147999999999999,0.2496,0.3742,0.1196,3.6791,0.6056578947368422,0.61265,4708668,2629035,0.09899023250903605,0.06202041070332387,1.7437770033972972,False,1.0259648988941368,False,False,1,Low Coverage,1.61492005271384,-0.6233697570105914,Increase enrollment drives and improve local service access
D0119,BIH_Dist_08,Bihar,0.2681,13.89,0.8539,0.6819,0.4935,0.3505,0.5387,0.7045,0.6691250000000002,0.3009,11.41,97871,50801,0.5191,47070,67350,33976,0.5045,33374,0.4882,High,High,0.4809,0.4955,0.3831,0.4533,0.1884,2.7007,0.6056578947368422,0.61265,4708668,2629035,-0.09269304887667185,-0.10113518059967619,-1.632848038731958,False,-1.673016095217179,False,False,2,Critical Priority,4.88490598831723,2.2678449480539933,"Immediate outreach, mobile camps, beneficiary verification, and awareness campaigns"
D0120,BIH_Dist_09,Bihar,0.3078,15.15,0.5906,0.6348,0.5638,0.3158,0.468,0.3904,1.102,0.2059,4.573749999999999,59140,34747,0.5875,24393,63805,39544,0.6198,24261,0.3963,High,Moderate,0.4125,0.3802,0.3148,0.3775,0.071,2.7819,0.6056578947368422,0.61265,4708668,2629035,-0.01196707817170728,0.07539259775740204,-0.21080782603294929,False,1.2471726333053492,False,False,2,Critical Priority,3.925594230732543,-0.6522707883100046,"Immediate outreach, mobile camps, beneficiary verification, and awareness campaigns"
D0121,BIH_Dist_10,Bihar,0.4829,19.3,0.6328,0.6399,0.526,0.3104,0.3851,0.4977,1.561,0.345,11.98,96088,66434,0.6914,29654,66911,43014,0.6429,23897,0.3329,Moderate,Moderate,0.3086,0.3571,0.2662,0.463,0.1139,3.0106,0.6056578947368422,0.61265,4708668,2629035,0.02235946262811661,-0.010803485577696836,0.3938764032667645,False,-0.1787153110202782,False,False,1,Low Coverage,1.4283691615720089,-0.3645375311032178,Increase enrollment drives and improve local service access
D0122,BIH_Dist_11,Bihar,0.2828,68.78,0.7267,0.5219,0.4464,0.4174,0.2429,0.5654,1.489,0.2258,9.81,388868,220611,0.5673,168257,150383,87151,0.5795,63232,0.4266,High,High,0.4327,0.4205,0.319,0.3442,0.0755,4.2453,0.6056578947368422,0.61265,4708668,2629035,-0.023544660193602684,-0.000945179399913898,-0.41475442533898715,False,-0.015635512188541395,False,False,2,Critical Priority,4.09721044139626,-1.5984629148767164,"Immediate outreach, mobile camps, beneficiary verification, and awareness campaigns"
D0123,BIH_Dist_12,Bihar,0.225,19.41,0.8348,0.5195,0.3842,0.2285,0.4664,0.8786,1.242,0.1079,8.55,170533,86524,0.5074,84009,81473,39413,0.4838,42060,0.5044,High,High,0.4926,0.5162,0.3828,0.2725,0.1353,3.016,0.6056578947368422,0.61265,4708668,2629035,-0.025923948292774,-0.046744396994938486,-0.45666712487137845,False,-0.7732633498063074,False,False,2,Critical Priority,6.39561165884921,0.6192873256149846,"Immediate outreach, mobile camps, beneficiary verification, and awareness campaigns"
D0124,BIH_Dist_13,Bihar,0.4006,20.87,0.7912,0.6033,0.4362,0.4763,0.4039,0.721,1.291,0.3103,13.27,150466,86995,0.5782,63471,75852,34552,0.4555,41300,0.4831,High,High,0.4217999999999999,0.5445,0.3486,0.4275,0.1671,3.0851,0.6056578947368422,0.61265,4708668,2629035,-0.03972315879524635,-0.1711160442737013,-0.6997491475048626,False,-2.8306657932708656,True,False,2,Critical Priority,4.052973598091987,1.0779201714501991,"Immediate outreach, mobile camps, beneficiary verification, and awareness campaigns"
D0125,BIH_Dist_14,Bihar,0.3849,23.92,0.5262,0.6775,0.5624,0.2216,0.5078,0.4525,1.394,0.2235,12.52,108225,64557,0.5965,43668,109316,72573,0.6639,36743,0.3698,High,Moderate,0.4034999999999999,0.3360999999999999,0.3265,0.4051,0.1151,3.2157,0.6056578947368422,0.61265,4708668,2629035,-0.0676991899925109,0.011005902125622136,-1.1925650406655697,False,0.1820637614857131,False,False,2,Critical Priority,2.531674772113967,0.388948106998056,"Immediate outreach, mobile camps, beneficiary verification, and awareness campaigns"
D0126,BIH_Dist_15,Bihar,0.2933,77.72,0.8403,0.5513,0.4432,0.2522,0.4093,0.6966,0.771,0.2546,10.63,541402,306676,0.5664,234726,286332,215965,0.7542,70367,0.3397,High,Low,0.4336,0.2458,0.3582,0.3733,0.1081,4.3659,0.6056578947368422,0.61265,4708668,2629035,-0.011656119850708802,0.17931158851439932,-0.2053300939837513,False,2.966239560404941,False,False,2,Critical Priority,3.6111063523689104,-0.4317560351207519,"Immediate outreach, mobile camps, beneficiary verification, and awareness campaigns"
D0127,BIH_Dist_16,Bihar,0.3739,103.28,0.685,0.5731,0.4901,0.3743,0.4294,0.5963,1.771,0.1401,14.09,615891,392822,0.6378,223069,399187,244324,0.6121,154863,0.3751,Moderate,Moderate,0.3621999999999999,0.3879,0.4021,0.3133,0.083,4.6471,0.6056578947368422,0.61265,4708668,2629035,0.032591289069449414,-0.011141226139908533,0.5741166471668285,False,-0.18430234209331678,False,False,2,Critical Priority,3.697259124079488,-0.6750548289657157,"Immediate outreach, mobile camps, beneficiary verification, and awareness campaigns"
D0128,BIH_Dist_17,Bihar,0.2525,147.41125000000002,0.8402,0.5707,0.4356,0.3581,0.3726,0.6859,1.306,0.1902,6.85,1341963,747229,0.5568,594734,656048,396205,0.6039,259843,0.4196,High,Moderate,0.4432,0.3961,0.5584,0.3424,0.1351,5.0,0.6056578947368422,0.61265,4708668,2629035,-0.004446696164829733,0.06597305683750088,-0.07833143045359879,False,1.0913510539587175,False,False,2,Critical Priority,5.606937951618717,0.6935112203390176,"Immediate outreach, mobile camps, beneficiary verification, and awareness campaigns"
D0129,BIH_Dist_18,Bihar,0.3436,147.41125000000002,0.6447,0.6318,0.5537,0.3284,0.4152,0.5302,1.235,0.1714,12.54,874945,489172,0.5591,385773,616649,396217,0.6425,220432,0.3992,High,Moderate,0.4408999999999999,0.3575,0.482,0.3556,0.0781,5.0,0.6056578947368422,0.61265,4708668,2629035,-0.06558720319694089,0.019718792562317455,-1.1553610265699525,False,0.326195663461067,False,False,2,Critical Priority,4.094381189974352,-0.4415737063889541,"Immediate outreach, mobile camps, beneficiary verification, and awareness campaigns"
D0130,BIH_Dist_19,Bihar,0.3717,112.55,0.8645,0.6355,0.4848,0.3188,0.2316,0.7266,1.175,0.3595,12.36,817814,474313,0.58,343501,234588,137499,0.5861,97089,0.4169,High,High,0.42,0.4139,0.38,0.4699,0.1507,4.7322,0.6056578947368422,0.61265,4708668,2629035,-0.06942222771275364,-0.05653968293657885,-1.2229174651057468,False,-0.93530064425168,False,False,2,Critical Priority,3.16946117124052,0.2426003625914826,"Immediate outreach, mobile camps, beneficiary verification, and awareness campaigns"
D0131,BIH_Dist_20,Bihar,0.4172,12.11,0.6848,0.6706,0.4884,0.2617,0.4442,0.44,1.803,0.2414,17.08,53280,33911,0.6365,19369,48403,36260,0.7491,12143,0.3072,Moderate,Moderate,0.3635,0.2509,0.2664,0.4131,0.1822,2.5734,0.6056578947368422,0.61265,4708668,2629035,-0.037054774259368206,0.05090656340241928,-0.6527438271621548,False,0.8421154678262769,False,False,1,Low Coverage,1.1875584138803408,1.262514216624346,Increase enrollment drives and improve local service access
D0132,BIH_Dist_21,Bihar,0.353,63.17,0.7562,0.617,0.472,0.2417,0.4314,0.6569,1.252,0.2263,10.64,414968,269714,0.65,145254,245302,125722,0.5125,119580,0.4188,Moderate,High,0.35,0.4875,0.3833,0.3826,0.145,4.1615,0.6056578947368422,0.61265,4708668,2629035,0.039335554343841506,-0.08910164517708274,0.6929212442691246,False,-1.47395283824777,False,False,2,Critical Priority,3.989263045456033,0.7948694870957015,"Immediate outreach, mobile camps, beneficiary verification, and awareness campaigns"
D0133,BIH_Dist_22,Bihar,0.3601,15.04,0.6439,0.7284,0.5147,0.2485,0.4638,0.4552,1.54,0.3341,14.7,68435,44506,0.6503,23929,62765,42737,0.6809,20028,0.3344,Moderate,Moderate,0.3497,0.3191,0.2872,0.4918,0.2137,2.7751,0.6056578947368422,0.61265,4708668,2629035,-0.04962188218424102,-0.018067823722253573,-0.874121565583063,False,-0.29888471759945673,False,False,1,Low Coverage,1.2658746369675131,2.260054480085331,Increase enrollment drives and improve local service access
D0134,BIH_Dist_23,Bihar,0.2727,49.5,0.6182,0.5817,0.5078,0.1497,0.3981,0.5848,1.182,0.0706,11.03,289444,170445,0.5889,118999,177344,94968,0.5355,82376,0.4378,High,High,0.4111,0.4645,0.3602,0.275,0.0739,3.922,0.6056578947368422,0.61265,4708668,2629035,-0.006545574627971007,-0.05564062543516335,-0.11530453279092664,False,-0.9204280978096322,False,False,2,Critical Priority,4.639425613834519,-0.8290557511450373,"Immediate outreach, mobile camps, beneficiary verification, and awareness campaigns"
D0135,BIH_Dist_24,Bihar,0.391,52.83,0.7722,0.6104,0.4295,0.3344,0.4463,0.6195,1.271,0.3382,10.88,327315,191892,0.5863,135423,212229,130399,0.6144,81830,0.3997,High,Moderate,0.4136999999999999,0.3856,0.3646,0.4471,0.1809,3.9858,0.6056578947368422,0.61265,4708668,2629035,-0.0355677788726515,0.0019007271136175508,-0.6265494411728264,False,0.03144254091216004,False,False,2,Critical Priority,3.2921851250029235,1.45047338848242,"Immediate outreach, mobile camps, beneficiary verification, and awareness campaigns"
D0136,BIH_Dist_25,Bihar,0.1992,38.69,0.6518,0.5219,0.3966,0.3747,0.462,0.6738,1.048,0.2562,12.47,260688,127007,0.4872,133681,160871,88860,0.5524,72011,0.4802,High,High,0.5127999999999999,0.4476,0.3978,0.3625,0.1253,3.6811,0.6056578947368422,0.61265,4708668,2629035,-0.1033075560400229,-0.046344324589545405,-1.8198294511875979,False,-0.766645202001498,False,False,2,Critical Priority,5.136721657250178,0.3518066783817783,"Immediate outreach, mobile camps, beneficiary verification, and awareness campaigns"
D0137,BIH_Dist_26,Bihar,0.428,83.32,0.7154,0.6727,0.5405,0.3559,0.4967,0.5599,1.336,0.1659,14.25,466492,347050,0.744,119442,372464,219972,0.5906,152492,0.3327,Moderate,High,0.256,0.4094,0.3708,0.3686,0.1322,4.4346,0.6056578947368422,0.61265,4708668,2629035,0.11663278680609568,-0.04861070531542244,2.054562014045693,False,-0.8041365221316336,False,False,2,Critical Priority,2.5941529539095503,0.6914358446888064,"Immediate outreach, mobile camps, beneficiary verification, and awareness campaigns"
D0138,BIH_Dist_27,Bihar,0.4477,45.72,0.6121,0.7565,0.607,0.3376,0.5446,0.4613,1.419,0.2843,15.61,210879,141957,0.6732,68922,224060,176446,0.7875,47614,0.2697,Moderate,Low,0.3268,0.2125,0.3093,0.4732,0.1495,3.8442,0.6056578947368422,0.61265,4708668,2629035,-0.022177020989801233,0.08886932186049423,-0.39066257574850943,False,1.4701096587951945,False,False,1,Low Coverage,0.7224781713881715,1.1638982534065487,Increase enrollment drives and improve local service access
D0139,BIH_Dist_28,Bihar,0.3002,18.81,0.6855,0.5968,0.4741,0.2126,0.4661,0.438,0.878,0.2197,9.0,82399,47075,0.5713,35324,78922,44043,0.5581,34879,0.4353,High,High,0.4286999999999999,0.4418999999999999,0.3368,0.3705,0.1227,2.9862,0.6056578947368422,0.61265,4708668,2629035,-0.025544505926298533,-0.018749769221059198,-0.4499830020442669,False,-0.31016571585147495,False,False,2,Critical Priority,4.314142510328082,0.3493097687522263,"Immediate outreach, mobile camps, beneficiary verification, and awareness campaigns"
D0140,BIH_Dist_29,Bihar,0.4368,31.92,0.7355,0.6119,0.4642,0.4756,0.3924,0.6722,1.23,0.2853,11.35,214548,149930,0.6988,64618,112704,71166,0.6315,41538,0.3349,Moderate,Moderate,0.3012,0.3685,0.2863,0.4159,0.1477,3.4941,0.6056578947368422,0.61265,4708668,2629035,0.08363922904645382,0.022189376872752686,1.4733591435878872,False,0.36706499588762714,False,False,1,Low Coverage,2.1049760551033203,0.3514120651920794,Increase enrollment drives and improve local service access
D0141,BIH_Dist_30,Bihar,0.5021,88.95,0.6176,0.6723,0.5273,0.1687,0.4109,0.5123,2.013,0.3841,13.41,455634,317732,0.6973,137902,328955,211157,0.6419,117798,0.3304,Moderate,Moderate,0.3026999999999999,0.3581,0.3388,0.4994,0.145,4.4993,0.6056578947368422,0.61265,4708668,2629035,-0.011297023149364205,-0.05455656440193446,-0.1990043732138408,False,-0.9024951535459707,False,False,1,Low Coverage,1.254035934542282,0.5735359728988173,Increase enrollment drives and improve local service access
D0142,BIH_Dist_31,Bihar,0.2933,32.03,0.6807,0.6026,0.4663,0.1514,0.4222,0.5095,1.263,0.2172,8.92,163221,95953,0.5879,67268,121710,70789,0.5816,50921,0.4152,High,High,0.4121,0.4184,0.3313,0.3714,0.1363,3.4974,0.6056578947368422,0.61265,4708668,2629035,-0.024347388538610737,-0.008541656222402771,-0.4288950045913166,False,-0.1412992813696322,False,False,2,Critical Priority,3.912943642556376,0.4831376587478682,"Immediate outreach, mobile camps, beneficiary verification, and awareness campaigns"
D0143,BIH_Dist_32,Bihar,0.2628,39.57,0.7501,0.6529,0.5401,0.3119,0.4754,0.6907,1.385,0.2327,8.02,273327,134329,0.4915,138998,169308,85269,0.5036,84039,0.5025,High,High,0.5085,0.4963999999999999,0.4164,0.4008,0.1128,3.703,0.6056578947368422,0.61265,4708668,2629035,-0.1180943737210915,-0.07663181924889884,-2.080308813364349,True,-1.2676723000739856,False,False,2,Critical Priority,5.557073354964882,0.580869695054191,"Immediate outreach, mobile camps, beneficiary verification, and awareness campaigns"
D0144,BIH_Dist_33,Bihar,0.5642,16.9,0.4958,0.6748,0.5707,0.3166,0.2726,0.4513,2.179,0.4218,19.04,76262,58654,0.7691,17608,41458,29331,0.7075,12127,0.2617,Low,Moderate,0.2309,0.2925,0.1962,0.523,0.1041,2.8848,0.6056578947368422,0.61265,4708668,2629035,0.006104927255373371,-0.06905664356246233,0.10754224417367557,False,-1.1423609022759358,False,False,3,Medium Coverage,-1.2624206276155916,-1.161398020014467,Maintain monitoring and targeted awareness programs
D0145,BIH_Dist_34,Bihar,0.4614,147.41125000000002,0.7116,0.6426,0.5676,0.299,0.2186,0.5563,1.843,0.1803,16.57,825038,494726,0.5996,330312,291743,225780,0.7739,65963,0.3132,High,Low,0.4004,0.2260999999999999,0.3201,0.3652,0.075,5.0,0.6056578947368422,0.61265,4708668,2629035,-0.06944306948615675,0.08544865808963309,-1.2232846064312008,False,1.4135237555413254,False,False,1,Low Coverage,1.5586662373460634,-1.6404942071325204,Increase enrollment drives and improve local service access
D0146,BIH_Dist_35,Bihar,0.3297,10.16,0.6574,0.5255,0.3705,0.2704,0.3731,0.6565,1.232,0.3401,9.18,66679,42873,0.643,23806,34107,22466,0.6587,11641,0.3492,Moderate,Moderate,0.357,0.3413,0.2632,0.4143,0.155,2.4123,0.6056578947368422,0.61265,4708668,2629035,0.0330700449499729,0.0675744361840841,0.5825502418108462,False,1.1178416718178616,False,False,1,Low Coverage,2.473559368492644,0.2381757360974339,Increase enrollment drives and improve local service access
D0147,BIH_Dist_36,Bihar,0.2513,34.6,0.7599,0.5275,0.4419,0.3319,0.4499,0.5657,1.034,0.2098,11.25,195742,97030,0.4957,98712,140120,73856,0.5271,66264,0.4886,High,High,0.5043,0.4729,0.3842,0.3369,0.0856,3.5723,0.6056578947368422,0.61265,4708668,2629035,-0.07455485435854409,-0.04681875902668098,-1.313332004854794,False,-0.7744934744300094,False,False,2,Critical Priority,5.61188580325999,-0.5336334259138253,"Immediate outreach, mobile camps, beneficiary verification, and awareness campaigns"
D0148,BIH_Dist_37,Bihar,0.2057,10.45,0.7705,0.5213,0.4575,0.3352,0.4591,0.6808,1.243,0.2747,5.73,71114,34009,0.4782,37105,43162,21372,0.4952,21790,0.5133,High,High,0.5218,0.5048,0.3623,0.3733,0.0638,2.438,0.6056578947368422,0.61265,4708668,2629035,-0.08184535672089571,-0.030737140212506286,-1.4417589217379818,False,-0.5084653034837016,False,False,2,Critical Priority,6.262705335198691,-0.9312233273063636,"Immediate outreach, mobile camps, beneficiary verification, and awareness campaigns"
D0149,BIH_Dist_38,Bihar,0.4886,44.4,0.73,0.8037,0.6334,0.3118,0.2536,0.5594,1.273,0.2454,16.25,248357,183440,0.7386,64917,101351,61080,0.6027,40271,0.3294,Moderate,Moderate,0.2613999999999999,0.3973,0.2422,0.4687,0.1703,3.8155,0.6056578947368422,0.61265,4708668,2629035,0.022200105791787883,-0.11689995259235675,0.3910692294731391,False,-1.9338028671870393,False,False,1,Low Coverage,0.4268348891062908,0.7729882420721628,Increase enrollment drives and improve local service access
D0150,WES_Dist_01,West Bengal,0.5363,29.84,0.6459,0.6248,0.4876,0.433,0.2371,0.6861,1.753,0.4184,15.41,204734,170395,0.8323,34339,63686,38965,0.6118,24721,0.2779,Low,Moderate,0.1676999999999999,0.3882,0.2016,0.501,0.1372,3.4288,0.7364217391304347,0.7234999999999999,1669604,931554,0.1327901601399285,-0.09129222567789341,2.3391846009486694,False,-1.510190242620746,False,False,3,Medium Coverage,-0.3988258796306921,-0.6465020885148367,Maintain monitoring and targeted awareness programs
D0151,WES_Dist_02,West Bengal,0.5703,39.86,0.7373,0.7347,0.5335,0.2713,0.2686,0.6463,1.917,0.3313,12.89,257627,185692,0.7208,71935,96380,70493,0.7314,25887,0.2739,Moderate,Moderate,0.2792,0.2685999999999999,0.222,0.4927,0.2012,3.7102,0.7364217391304347,0.7234999999999999,1669604,931554,0.015016733890682032,0.03945608876992124,0.2645294849901851,False,0.6526974211638595,False,False,3,Medium Coverage,-0.27018649142107,1.144027148520444,Maintain monitoring and targeted awareness programs
D0152,WES_Dist_03,West Bengal,0.5704,102.52,0.5345,0.7694,0.5699,0.2054,0.151,0.5505,2.597,0.315,17.08,564415,407699,0.7223,156716,139303,106267,0.7629,33036,0.2574,Moderate,Low,0.2776999999999999,0.2370999999999999,0.2102,0.4968,0.1995,4.6398,0.7364217391304347,0.7234999999999999,1669604,931554,-0.059994889874713686,-0.01884042694847865,-1.0568488085467829,False,-0.3116654099858918,False,False,3,Medium Coverage,-1.6509813463398422,0.800172643301199,Maintain monitoring and targeted awareness programs
D0153,WES_Dist_04,West Bengal,0.5917,147.41125000000002,0.6874,0.755,0.5588,0.2675,0.3025,0.5699,1.989,0.4479,17.41,1139883,960421,0.8426,179462,544506,403064,0.7402,141442,0.2086,Low,Moderate,0.1573999999999999,0.2598,0.2789,0.5707,0.1962,5.0,0.7364217391304347,0.7234999999999999,1669604,931554,0.082975238334968,-0.02399243276187779,1.4616625175288167,False,-0.39689182276687757,False,False,3,Medium Coverage,-1.580089633188089,1.1441132061851678,Maintain monitoring and targeted awareness programs
D0154,WES_Dist_05,West Bengal,0.6262,80.9,0.598,0.7978,0.6157,0.2038,0.3758,0.5687,1.893,0.3379,19.07,460058,332095,0.7219,127963,273594,222204,0.8122,51390,0.233,Moderate,Low,0.2781,0.1877999999999999,0.2644,0.5219,0.1821,4.4055,0.7364217391304347,0.7234999999999999,1669604,931554,-0.04436395604557597,0.03234761872933167,-0.7814997941842448,False,0.5351064432296074,False,False,3,Medium Coverage,-1.380416425075148,1.2034308119934307,Maintain monitoring and targeted awareness programs
D0155,WES_Dist_06,West Bengal,0.614,12.12,0.7302,0.7716,0.6706,0.3075,0.2388,0.6355,1.714,0.3226,12.38,77018,56535,0.7341,20483,26043,18023,0.6921,8020,0.2869,Moderate,Moderate,0.2659,0.3078999999999999,0.1957,0.5022,0.101,2.5741,0.7364217391304347,0.7234999999999999,1669604,931554,0.017689878666285574,0.0011325341386880794,0.31161866003606326,False,0.018734804557026315,False,False,3,Medium Coverage,-0.1672772468404472,-0.9922275241951672,Maintain monitoring and targeted awareness programs
D0156,WES_Dist_07,West Bengal,0.5585,12.1,0.6569,0.6933,0.5268,0.3088,0.3793,0.5012,1.919,0.3514,13.88,60645,40880,0.6741,19765,41308,26854,0.6501,14454,0.3379,Moderate,Moderate,0.3258999999999999,0.3499,0.2601,0.4882,0.1665,2.5726,0.7364217391304347,0.7234999999999999,1669604,931554,-0.0245478441078405,-0.04240710018615523,-0.43242615916047017,False,-0.7015141589925789,False,False,1,Low Coverage,0.8264143539660836,0.8130181855805935,Increase enrollment drives and improve local service access
D0157,WES_Dist_08,West Bengal,0.6164,22.75,0.6131,0.7157,0.5334,0.1173,0.1712,0.5228,2.085,0.3829,18.33,118914,88304,0.7426,30610,35053,28988,0.827,6065,0.2152,Moderate,Low,0.2573999999999999,0.173,0.1494,0.516,0.1823,3.1676,0.7364217391304347,0.7234999999999999,1669604,931554,-0.02585164841390597,0.048380619209899,-0.45539351571901077,False,0.8003303514637172,False,False,3,Medium Coverage,-2.269387008470033,0.0945101552378763,Maintain monitoring and targeted awareness programs
D0158,WES_Dist_09,West Bengal,0.725,111.13,0.5443,0.6988,0.5846,0.2545,0.2981,0.3945,2.039,0.4827,27.14375,438435,356324,0.8127,82111,298149,253740,0.8511,44409,0.1681,Low,Low,0.1873,0.1489,0.1979,0.5691,0.1142,4.7197,0.7364217391304347,0.7234999999999999,1669604,931554,0.0023052673483505703,-0.019453909007909775,0.040608776106573034,False,-0.32181386034183396,False,False,0,High Coverage,-3.3533898264099085,-1.1196970452936272,Maintain current strategy and monitor performance
D0159,WES_Dist_10,West Bengal,0.548,21.92,0.6026,0.5904,0.4876,0.2392,0.4072,0.5133,1.312,0.3027,19.34,112499,75866,0.6744,36633,80322,55189,0.6871,25133,0.3193,Moderate,Moderate,0.3256,0.3128999999999999,0.27,0.4178,0.1028,3.132,0.7364217391304347,0.7234999999999999,1669604,931554,-0.00209667993346907,-0.0253726959672419,-0.036934373814864294,False,-0.4197246544730895,False,False,1,Low Coverage,0.9224161416052776,-0.7730589930436079,Increase enrollment drives and improve local service access
D0160,WES_Dist_11,West Bengal,0.6083,55.5,0.7193,0.6944,0.61,0.2123,0.3379,0.6018,1.681,0.4333,15.42,334006,206707,0.6189,127299,168799,123184,0.7298,45615,0.3257,Moderate,Moderate,0.3811,0.2702,0.2881,0.5377,0.0844,4.0342,0.7364217391304347,0.7234999999999999,1669604,931554,-0.10402910215201921,0.011812523160648736,-1.832539952871442,False,0.1954071892260725,False,False,1,Low Coverage,0.6995142945951582,-1.0854068354657391,Increase enrollment drives and improve local service access
D0161,WES_Dist_12,West Bengal,0.6638,32.51,0.6949,0.8043,0.7184,0.337,0.3007,0.6648,1.71,0.3248,18.7,216084,170501,0.7891,45583,87981,69578,0.7908,18403,0.2101,Low,Low,0.2108999999999999,0.2092,0.1951,0.5166,0.0859,3.5118,0.7364217391304347,0.7234999999999999,1669604,931554,0.03682660187095255,0.02829679520679107,0.6487244228863461,False,0.46809620097850346,False,False,3,Medium Coverage,-1.60666208631055,-1.2320788037708348,Maintain monitoring and targeted awareness programs
D0162,WES_Dist_13,West Bengal,0.3234,50.56,0.6215,0.5965,0.4616,0.2868,0.3844,0.5179,1.721,0.21,12.37,261844,162591,0.6209,99253,174897,91838,0.5251,83059,0.427,Moderate,High,0.3791,0.4749,0.3456,0.3646,0.1349,3.9427,0.7364217391304347,0.7234999999999999,1669604,931554,-0.012707843698417931,-0.10779870170277273,-0.22385689014409693,False,-1.7832465609185806,False,False,2,Critical Priority,3.5825818472163573,0.3402813721282057,"Immediate outreach, mobile camps, beneficiary verification, and awareness campaigns"
D0163,WES_Dist_14,West Bengal,0.6331,107.42,0.682,0.7304,0.6,0.18,0.3987,0.5505,1.993,0.333,13.56,591300,486937,0.8235,104363,385454,266348,0.691,119106,0.2427,Low,Moderate,0.1765,0.309,0.2896,0.492,0.1304,4.686,0.7364217391304347,0.7234999999999999,1669604,931554,0.11136316187417683,-0.008187289938872633,1.9617341608332814,False,-0.13543722137791853,False,False,3,Medium Coverage,-0.1579418439473278,0.1281645844198552,Maintain monitoring and targeted awareness programs
D0164,WES_Dist_15,West Bengal,0.5654,36.59,0.5818,0.6955,0.495,0.1663,0.3831,0.4244,1.494,0.3573,13.32,155296,91328,0.5881,63968,126167,87489,0.6934,38678,0.3592,High,Moderate,0.4119,0.3066,0.2921,0.4926,0.2005,3.6267,0.7364217391304347,0.7234999999999999,1669604,931554,-0.11828745516248607,-9.612218367216485e-05,-2.0837100678998,True,-0.0015900892198995483,False,False,1,Low Coverage,0.9281827899232304,1.6577469635499176,Increase enrollment drives and improve local service access
D0165,WES_Dist_16,West Bengal,0.743,52.88,0.5884,0.8314,0.7422,0.2201,0.3371,0.5153,1.697,0.5756,24.5,272507,222800,0.8176,49707,160439,141186,0.88,19253,0.1512,Low,Low,0.1824,0.12,0.1841,0.6779,0.0892,3.9868,0.7364217391304347,0.7234999999999999,1669604,931554,-0.03429031661263271,0.0024840487209637496,-0.6040461168016478,False,0.04109206575595193,False,False,0,High Coverage,-3.8692829246538514,-1.231649920545509,Maintain current strategy and monitor performance
D0166,WES_Dist_17,West Bengal,0.6285,37.93,0.4571,0.6883,0.533,0.2736,0.3125,0.3921,1.816,0.3943,22.04,148715,98749,0.664,49966,106663,79785,0.748,26878,0.294,Moderate,Moderate,0.3359999999999999,0.252,0.2364,0.5119,0.1553,3.6618,0.7364217391304347,0.7234999999999999,1669604,931554,-0.10602322980316714,-0.05575102181523073,-1.8676678018700166,False,-0.9222543161404966,False,False,3,Medium Coverage,-1.2140044859109638,0.1577240104779973,Maintain monitoring and targeted awareness programs
D0167,WES_Dist_18,West Bengal,0.5417,25.56,0.6463,0.5952,0.4235,0.385,0.3168,0.553,1.418,0.3814,14.04,141363,100516,0.7111,40847,72897,45922,0.63,26975,0.3295,Moderate,Moderate,0.2889,0.37,0.249,0.4669,0.1717,3.2794,0.7364217391304347,0.7234999999999999,1669604,931554,0.04638418253120413,-0.03747318108038522,0.8170873910402398,False,-0.6198954183376816,False,False,1,Low Coverage,0.7629423176240971,0.4305062709738921,Increase enrollment drives and improve local service access
D0168,WES_Dist_19,West Bengal,0.5815,36.73,0.6725,0.7964,0.6588,0.2369,0.2525,0.5006,1.295,0.4723,18.03,183858,146837,0.7986,37021,83477,63125,0.7562,20352,0.2226,Low,Low,0.2014,0.2438,0.1835,0.6019,0.1376,3.6305,0.7364217391304347,0.7234999999999999,1669604,931554,0.01905905879930614,-0.021451684615199418,0.3357376540918892,False,-0.3548618138413889,False,False,3,Medium Coverage,-1.9874141593037071,-0.320522331999887,Maintain monitoring and targeted awareness programs
D0169,WES_Dist_20,West Bengal,0.5244,28.17,0.5996,0.6951,0.5052,0.4176,0.3405,0.5506,1.099,0.3386,16.16,155108,114775,0.74,40333,86336,58270,0.6749,28066,0.2926,Moderate,Moderate,0.26,0.3250999999999999,0.2415,0.4812,0.1899,3.3731,0.7364217391304347,0.7234999999999999,1669604,931554,0.04522852670355826,-0.028072429241116192,0.7967297657976942,False,-0.46438465501100945,False,False,1,Low Coverage,-0.1339372139910778,1.0930108227452358,Increase enrollment drives and improve local service access
D0170,WES_Dist_21,West Bengal,0.725,13.25,0.5511,0.6626,0.4858,0.2354,0.2257,0.4498,2.064,0.3266,20.89,59600,52046,0.8733,7554,26909,19921,0.7403,6988,0.1932,Low,Moderate,0.1267,0.2597,0.1497,0.461,0.1768,2.6568,0.7364217391304347,0.7234999999999999,1669604,931554,0.12818440672932407,-0.039713249383325655,2.2580512741833303,False,-0.6569514684973077,False,False,3,Medium Coverage,-2.670860420050434,-0.0442053572233561,Maintain monitoring and targeted awareness programs
D0171,WES_Dist_22,West Bengal,0.5652,133.83,0.6863,0.6646,0.5659,0.2666,0.247,0.4963,1.897,0.3484,19.83,664178,479675,0.7222,184503,297515,202598,0.681,94917,0.2984,Moderate,Moderate,0.2778,0.3189999999999999,0.2846,0.4749,0.0987,4.904,0.7364217391304347,0.7234999999999999,1669604,931554,-0.00401425746753703,-0.0738719500392665,-0.07071374296458878,False,-1.2220175083286184,False,False,1,Low Coverage,0.1293325394169824,-1.1865153088107705,Increase enrollment drives and improve local service access
D0172,WES_Dist_23,West Bengal,0.5495,29.93,0.7072,0.791,0.5899,0.2531,0.4008,0.6434,1.489,0.2597,16.79,192540,133350,0.6926,59190,107944,79237,0.7341,28707,0.2867,Moderate,Moderate,0.3074,0.2659,0.2636,0.4722,0.2011,3.4317,0.7364217391304347,0.7234999999999999,1669604,931554,-0.020319407880202922,0.011101632139207895,-0.3579395187395066,False,0.1836473632806044,False,False,1,Low Coverage,0.0686448870852019,1.7845446532659788,Increase enrollment drives and improve local service access
D0173,MAD_Dist_01,Madhya Pradesh,0.598,48.4,0.612,0.7043,0.549,0.215,0.3306,0.408,1.742,0.275,18.72,197456,154396,0.7819,43060,143999,104541,0.726,39458,0.246,Low,Moderate,0.2180999999999999,0.274,0.2245,0.4467,0.1553,3.9,0.6496218181818182,0.6555727272727273,6202928,3446710,0.06177950103396179,-0.017002481492666033,1.0882858889591271,False,-0.28126142680741095,False,False,3,Medium Coverage,-0.8242668716693439,0.2199641142431873,Maintain monitoring and targeted awareness programs
D0174,MAD_Dist_02,Madhya Pradesh,0.4625,45.42,0.7984,0.5634,0.4214,0.1935,0.3324,0.6119,1.7,0.3091,16.0,277920,208230,0.7492,69690,135893,78482,0.5775,57411,0.3366,Moderate,High,0.2508,0.4225,0.2758,0.4108,0.142,3.8377,0.6496218181818182,0.6555727272727273,6202928,3446710,0.10342994609950917,-0.0922830402971383,1.821985431284691,False,-1.5265806697257742,False,False,1,Low Coverage,1.8116143682624235,-0.1850335280270046,Increase enrollment drives and improve local service access
D0175,MAD_Dist_03,Madhya Pradesh,0.5594,60.76,0.5823,0.708,0.6222,0.173,0.2974,0.4666,0.6691250000000002,0.4505,12.21,283493,197725,0.6975,85768,162614,103038,0.6336,59576,0.3345,Moderate,Moderate,0.3025,0.3663999999999999,0.2704,0.5535,0.0858,4.1233,0.6496218181818182,0.6555727272727273,6202928,3446710,-0.02430723950439795,-0.05486050935262843,-0.4281877533727431,False,-0.9075231249359038,False,False,1,Low Coverage,0.5032229441768233,-1.0683686496476184,Increase enrollment drives and improve local service access
D0176,MAD_Dist_04,Madhya Pradesh,0.4007,69.72,0.7106,0.6569,0.5137,0.3396,0.4886,0.6323,1.08,0.3109,16.59,440890,242922,0.551,197968,306586,209401,0.683,97185,0.383,High,Moderate,0.4489999999999999,0.3169999999999999,0.3961,0.4493,0.1432,4.2587,0.6496218181818182,0.6555727272727273,6202928,3446710,-0.10695015740500413,0.005021935148578849,-1.8839962314021967,False,0.08307473505121049,False,False,2,Critical Priority,2.811488383002602,0.8934809194270961,"Immediate outreach, mobile camps, beneficiary verification, and awareness campaigns"
D0177,MAD_Dist_05,Madhya Pradesh,0.3897,17.65,0.7414,0.6205,0.4343,0.2574,0.3356,0.4511,1.078,0.3237,10.55,79636,55121,0.6922,24515,53320,34984,0.6561,18336,0.3258,Moderate,Moderate,0.3077999999999999,0.3439,0.245,0.4424,0.1862,2.9258,0.6496218181818182,0.6555727272727273,6202928,3446710,0.056794892645811834,0.03642411064756512,1.0004787866027833,False,0.6025413017109676,False,False,1,Low Coverage,1.6286503962722514,0.9239527035037132,Increase enrollment drives and improve local service access
D0178,MAD_Dist_06,Madhya Pradesh,0.4099,25.2,0.6216,0.7025,0.5918,0.2046,0.4487,0.5607,1.339,0.2519,17.46,141301,103354,0.7315,37947,101779,75162,0.7385,26617,0.265,Moderate,Moderate,0.2684999999999999,0.2614999999999999,0.2617,0.4321,0.1107,3.2658,0.6496218181818182,0.6555727272727273,6202928,3446710,0.038058431983539975,0.028065904595029112,0.6704239074514187,False,0.46427672186726077,False,False,1,Low Coverage,0.612985248381544,-0.1963684266459857,Increase enrollment drives and improve local service access
D0179,MAD_Dist_07,Madhya Pradesh,0.4368,89.54,0.6307,0.5981,0.512,0.3211,0.2482,0.5434,1.693,0.3364,16.15,486621,316179,0.6497,170442,200016,121922,0.6096,78094,0.3703,Moderate,Moderate,0.3502999999999999,0.3903999999999999,0.3037,0.4411,0.0861,4.5058,0.6496218181818182,0.6555727272727273,6202928,3446710,-0.03585257379828155,-0.08733522362267743,-0.6315662880819667,False,-1.4447320302763496,False,False,1,Low Coverage,1.7527170645264178,-1.3890212468568317,Increase enrollment drives and improve local service access
D0180,MAD_Dist_08,Madhya Pradesh,0.2453,73.24,0.8507,0.5698,0.4515,0.3829,0.5052,0.7579,1.294,0.2265,8.05,555144,293286,0.5283,261858,333000,153178,0.46,179822,0.5058,High,High,0.4717,0.54,0.498,0.3638,0.1183,4.3073,0.6496218181818182,0.6555727272727273,6202928,3446710,-0.031022995711815327,-0.0841984290240278,-0.5464901448117249,False,-1.3928419973539492,False,False,2,Critical Priority,6.557041383885635,0.7191156333027303,"Immediate outreach, mobile camps, beneficiary verification, and awareness campaigns"
D0181,MAD_Dist_09,Madhya Pradesh,0.4652,23.63,0.7238,0.7061,0.628,0.3974,0.4003,0.61,1.337,0.1419,18.64,144153,94153,0.6532,50000,85131,62815,0.7379,22316,0.3045,Moderate,Moderate,0.3468,0.2621,0.2655,0.3676,0.0781,3.204,0.6496218181818182,0.6555727272727273,6202928,3446710,-0.0066177474565838335,0.04468271414845848,-0.11657590387083316,False,0.7391582187825831,False,False,1,Low Coverage,1.4094370382529493,-0.9866628093140486,Increase enrollment drives and improve local service access
D0182,MAD_Dist_10,Madhya Pradesh,0.4919,62.78,0.6933,0.6113,0.5461,0.3686,0.4091,0.5431,1.664,0.3219,13.26,340917,191930,0.563,148987,231155,169251,0.7322,61904,0.3524,High,Moderate,0.437,0.2678,0.3325,0.4377,0.0652,4.1554,0.6496218181818182,0.6555727272727273,6202928,3446710,-0.08803788649953737,0.08329039098004998,-1.5508443410480648,False,1.3778208914074053,False,False,1,Low Coverage,2.373401399449009,-1.2760741383038423,Increase enrollment drives and improve local service access
D0183,MAD_Dist_11,Madhya Pradesh,0.3917,42.59,0.7684,0.5745,0.4794,0.2638,0.4822,0.7072,1.968,0.2308,10.91,301193,170417,0.5658,130776,184855,99635,0.539,85220,0.4476,High,High,0.4342,0.4609999999999999,0.3942,0.3683,0.0951,3.7748,0.6496218181818182,0.6555727272727273,6202928,3446710,-0.03956031438103169,-0.06257488502734665,-0.6968805377699236,False,-1.035137221156683,False,False,2,Critical Priority,4.714736265192423,-0.1823622452633406,"Immediate outreach, mobile camps, beneficiary verification, and awareness campaigns"
D0184,MAD_Dist_12,Madhya Pradesh,0.53,38.1,0.7619,0.5976,0.4667,0.2097,0.2487,0.5281,1.966,0.301,13.95,201226,138791,0.6897,62435,85279,60961,0.7148,24318,0.2977,Moderate,Moderate,0.3103,0.2852,0.222,0.4196,0.1309,3.6661,0.6496218181818182,0.6555727272727273,6202928,3446710,0.02658554624482512,0.04678924077563962,0.46832160092381014,False,0.7740051724477669,False,False,1,Low Coverage,0.8165322020139844,-0.74063508375953,Increase enrollment drives and improve local service access
D0185,MAD_Dist_13,Madhya Pradesh,0.5194,14.84,0.6394,0.7706,0.6552,0.1793,0.3017,0.5066,1.079,0.3131,15.62,75151,58643,0.7803,16508,40280,27310,0.678,12970,0.2708,Low,Moderate,0.2197,0.3219999999999999,0.2084,0.4961,0.1154,2.7625,0.6496218181818182,0.6555727272727273,6202928,3446710,0.0513782680053817,-0.04352979383838107,0.9050614383996944,False,-0.7200861785315208,False,False,3,Medium Coverage,-0.4050983401776647,-0.4812432813877622,Maintain monitoring and targeted awareness programs
D0186,MAD_Dist_14,Madhya Pradesh,0.3786,47.23,0.6288,0.7225,0.5439,0.1769,0.3248,0.433,1.067,0.2645,12.78,204538,122756,0.6002,81782,138081,88841,0.6434,49240,0.3782,Moderate,Moderate,0.3998,0.3566,0.2915,0.4477,0.1786,3.876,0.6496218181818182,0.6555727272727273,6202928,3446710,-0.08711520133826567,-0.02946250601839906,-1.5345906448517757,False,-0.48737982650515965,False,False,1,Low Coverage,1.829221501219655,1.1954865618947998,Increase enrollment drives and improve local service access
D0187,MAD_Dist_15,Madhya Pradesh,0.3863,67.87,0.8487,0.6075,0.5041,0.3859,0.2695,0.7923,1.657,0.3571,8.12,537770,333740,0.6206,204030,164619,98971,0.6012,65648,0.3891,Moderate,Moderate,0.3793999999999999,0.3988,0.3245,0.4573,0.1034,4.2322,0.6496218181818182,0.6555727272727273,6202928,3446710,-0.005715416736778223,0.006194297743929766,-0.10068076433256921,False,0.10246839687909637,False,False,2,Critical Priority,3.1915096820090856,-0.8132860164726249,"Immediate outreach, mobile camps, beneficiary verification, and awareness campaigns"
D0188,MAD_Dist_16,Madhya Pradesh,0.5631,107.88,0.5837,0.7469,0.5251,0.3842,0.3705,0.5322,1.626,0.2462,15.26,574127,424938,0.7401,149189,359745,239060,0.6645,120685,0.2977,Moderate,Moderate,0.2599,0.3355,0.3183,0.4465,0.2218,4.6902,0.6496218181818182,0.6555727272727273,6202928,3446710,0.04048216334828236,-0.03868559799779936,0.7131195038666075,False,-0.6399516737862782,False,False,1,Low Coverage,0.206815146609349,2.197748515938094,Increase enrollment drives and improve local service access
D0189,MAD_Dist_17,Madhya Pradesh,0.4281,41.54,0.7182,0.6322,0.5582,0.2599,0.513,0.5797,1.294,0.1803,13.3,240829,171594,0.7125,69235,191780,138539,0.7224,53241,0.2826,Moderate,Moderate,0.2875,0.2775999999999999,0.3069,0.3611,0.074,3.7504,0.6496218181818182,0.6555727272727273,6202928,3446710,0.09471398048422619,0.09881515206182556,1.6684480567669757,False,1.634637312856401,False,False,1,Low Coverage,2.192102493632759,-0.8047029232920692,Increase enrollment drives and improve local service access
D0190,MAD_Dist_18,Madhya Pradesh,0.4946,40.19,0.7056,0.6142,0.4316,0.3156,0.2789,0.5514,1.292,0.2677,12.74,221611,155314,0.7008,66297,100861,75932,0.7528,24929,0.2732,Moderate,Low,0.2992,0.2471999999999999,0.2227,0.4063,0.1826,3.7182,0.6496218181818182,0.6555727272727273,6202928,3446710,0.059832317596257956,0.11199040851541098,1.053984992658526,False,1.8525873474018344,False,False,1,Low Coverage,0.5086688794248231,0.5015686297744426,Increase enrollment drives and improve local service access
D0191,MAD_Dist_19,Madhya Pradesh,0.3836,45.39,0.7557,0.637,0.5647,0.3255,0.5099,0.6568,1.58,0.1746,17.81,298129,181021,0.6072,117108,208303,130708,0.6275,77595,0.3827,Moderate,Moderate,0.3928,0.3725,0.3696,0.3596,0.0723,3.8371,0.6496218181818182,0.6555727272727273,6202928,3446710,-0.027146228935373218,-0.04257524517549349,-0.4781983893430335,False,-0.7042956764806079,False,False,2,Critical Priority,3.4702966281024805,-0.6200622694096017,"Immediate outreach, mobile camps, beneficiary verification, and awareness campaigns"
D0192,MAD_Dist_20,Madhya Pradesh,0.4423,14.16,0.5578,0.695,0.5377,0.3036,0.3546,0.5246,1.899,0.3203,15.92,74273,47008,0.6329,27265,45184,35335,0.782,9849,0.2925,Moderate,Low,0.3671,0.2179999999999999,0.2355,0.4702,0.1573,2.7187,0.6496218181818182,0.6555727272727273,6202928,3446710,-0.08293519285641959,0.06243575756602582,-1.460957090511097,False,1.03283572250149,False,False,1,Low Coverage,0.1759474337363185,0.4617882146484511,Increase enrollment drives and improve local service access
D0193,MAD_Dist_21,Madhya Pradesh,0.5894,54.4,0.5997,0.6692,0.5279,0.3218,0.3777,0.5101,1.679,0.3169,15.66,277473,223448,0.8053,54025,184915,123608,0.6685,61307,0.2631,Low,Moderate,0.1946999999999999,0.3315,0.2562,0.4578,0.1413,4.0146,0.6496218181818182,0.6555727272727273,6202928,3446710,0.11139278091386196,-0.03171375572010526,1.9622559193841662,False,-0.5246208435575251,False,False,1,Low Coverage,-0.1474646190507609,0.0992405454094337,Increase enrollment drives and improve local service access
D0194,MAD_Dist_22,Madhya Pradesh,0.3741,16.76,0.7625,0.5888,0.516,0.2212,0.3739,0.7159,1.177,0.3083,10.0,119973,91926,0.7662,28047,56389,37640,0.6675,18749,0.2831,Low,Moderate,0.2338,0.3325,0.2407,0.4205,0.0728,2.8769,0.6496218181818182,0.6555727272727273,6202928,3446710,0.14453572927868819,0.06512219618595882,2.5460904020247233,False,1.0772757978868346,False,False,1,Low Coverage,1.8569733085340756,-1.492744146408234,Increase enrollment drives and improve local service access
D0195,MAD_Dist_23,Madhya Pradesh,0.3219,91.18,0.7759,0.5155,0.3926,0.34,0.4778,0.5641,1.286,0.1647,5.02,514322,258460,0.5025,255862,392138,205946,0.5252,186192,0.4861,High,High,0.4975,0.4748,0.482,0.305,0.1229,4.5237,0.6496218181818182,0.6555727272727273,6202928,3446710,-0.026484534028849316,0.02469999472902773,-0.4665422053740096,False,0.40859657824681683,False,False,2,Critical Priority,6.3933521562533615,0.5734147036832868,"Immediate outreach, mobile camps, beneficiary verification, and awareness campaigns"
D0196,MAD_Dist_24,Madhya Pradesh,0.4634,65.11,0.7018,0.7094,0.6027,0.292,0.4025,0.5174,1.217,0.4525,11.51,336866,224403,0.6662,112463,235884,149930,0.6356,85954,0.3491,Moderate,Moderate,0.3338,0.3643999999999999,0.3251,0.5553,0.1067,4.1913,0.6496218181818182,0.6555727272727273,6202928,3446710,-0.03190291821685143,-0.03329713039242832,-0.5619905491462031,False,-0.5508136213411609,False,False,1,Low Coverage,1.648340022702986,-0.1702764567694753,Increase enrollment drives and improve local service access
D0197,MAD_Dist_25,Madhya Pradesh,0.5081,46.46,0.5725,0.7337,0.5259,0.2776,0.2844,0.5164,1.476,0.309,10.58,239924,149544,0.6233,90380,118924,83453,0.7017,35471,0.3375,Moderate,Moderate,0.3767,0.2983,0.2614,0.4789,0.2078,3.8599,0.6496218181818182,0.6555727272727273,6202928,3446710,-0.07767455588975647,0.03260334315544777,-1.3682875661228837,False,0.5393367326135342,False,False,1,Low Coverage,0.600947517059645,1.591225919501549,Increase enrollment drives and improve local service access
D0198,MAD_Dist_26,Madhya Pradesh,0.4183,147.41125000000002,0.6446,0.6027,0.5376,0.2384,0.2558,0.6941,0.863,0.3597,14.54,1265742,759804,0.6003,505938,419800,285311,0.6796,134489,0.36,Moderate,Moderate,0.3997,0.3204,0.4296,0.4569,0.0651,5.0,0.6496218181818182,0.6555727272727273,6202928,3446710,-0.0736002905681008,0.007573276180030675,-1.2965167459766094,False,0.12527997545021494,False,False,1,Low Coverage,2.3683707863195087,-1.5456408459457385,Increase enrollment drives and improve local service access
D0199,MAD_Dist_27,Madhya Pradesh,0.2191,52.27,0.7995,0.5488,0.4426,0.3818,0.4355,0.6154,0.892,0.2162,6.96,321658,166605,0.518,155053,204852,87632,0.4278,117220,0.5271,High,High,0.482,0.5722,0.4303,0.3492,0.1062,3.9754,0.6496218181818182,0.6555727272727273,6202928,3446710,-0.033121393145786215,-0.10031252132585339,-0.5834547735089368,False,-1.6594073569144032,False,False,2,Critical Priority,6.503295761135515,0.124573752331362,"Immediate outreach, mobile camps, beneficiary verification, and awareness campaigns"
D0200,MAD_Dist_28,Madhya Pradesh,0.4194,51.12,0.4884,0.6494,0.4569,0.3053,0.4994,0.3373,1.728,0.4722,18.66,172444,117434,0.681,55010,229757,163121,0.71,66636,0.3045,Moderate,Moderate,0.3189999999999999,0.29,0.3113,0.5431,0.1925,3.9535,0.6496218181818182,0.6555727272727273,6202928,3446710,-0.05184174673572506,-0.042242184557743534,-0.9132259161580782,False,-0.6987860628043919,False,False,1,Low Coverage,0.2605738996444653,1.6453697967854075,Increase enrollment drives and improve local service access
D0201,MAD_Dist_29,Madhya Pradesh,0.4258,35.35,0.7887,0.715,0.565,0.2423,0.3725,0.6496,1.746,0.3149,11.42,229600,148151,0.6453,81449,118496,82400,0.6954,36096,0.3297,Moderate,Moderate,0.3547,0.3046,0.282,0.4749,0.15,3.5932,0.6496218181818182,0.6555727272727273,6202928,3446710,-0.02981952112642794,0.03923181510086371,-0.5252901612074784,False,0.648987402000975,False,False,1,Low Coverage,1.7199205098008017,0.5751927226773782,Increase enrollment drives and improve local service access
D0202,MAD_Dist_30,Madhya Pradesh,0.4697,25.19,0.7009,0.664,0.4747,0.2404,0.212,0.5614,1.69,0.3954,10.82,141421,91329,0.6458,50092,48067,30459,0.6337,17608,0.3603,Moderate,Moderate,0.3541999999999999,0.3662999999999999,0.2298,0.5028,0.1893,3.2654,0.6496218181818182,0.6555727272727273,6202928,3446710,-0.047236294044006644,-0.03293692306039353,-0.8320978867505148,False,-0.5448549365339944,False,False,1,Low Coverage,1.005008104013626,0.7119437258321284,Increase enrollment drives and improve local service access
D0203,MAD_Dist_31,Madhya Pradesh,0.3816,122.5,0.7882,0.4894,0.4119,0.382,0.4188,0.8177,1.826,0.2571,13.88,1001632,640367,0.6393,361265,461754,301155,0.6522,160599,0.3542,Moderate,Moderate,0.3607,0.3478,0.4375,0.35,0.0775,4.8162,0.6496218181818182,0.6555727272727273,6202928,3446710,0.05108322029980672,0.041963900098157425,0.8998639821371289,False,0.6941825768834482,False,False,2,Critical Priority,3.8253327985898338,-1.0730952500413438,"Immediate outreach, mobile camps, beneficiary verification, and awareness campaigns"
D0204,MAD_Dist_32,Madhya Pradesh,0.3385,45.93,0.8175,0.6057,0.5139,0.4061,0.4383,0.6613,1.447,0.2213,12.7,303715,207550,0.6834,96165,181187,120891,0.6672,60296,0.3247,Moderate,Moderate,0.3166,0.3328,0.3124,0.3751,0.0918,3.8487,0.6496218181818182,0.6555727272727273,6202928,3446710,0.08097517389223807,0.057747334104172765,1.4264300881047567,False,0.9552780628783699,False,False,2,Critical Priority,2.938659205936971,-0.662285036605069,"Immediate outreach, mobile camps, beneficiary verification, and awareness campaigns"
D0205,MAD_Dist_33,Madhya Pradesh,0.4453,22.56,0.6116,0.7068,0.5618,0.3111,0.3215,0.5852,1.165,0.2312,11.84,132007,92375,0.6998,39632,65270,41730,0.6394,23540,0.3304,Moderate,Moderate,0.3002,0.3606,0.2492,0.4214,0.145,3.1596,0.6496218181818182,0.6555727272727273,6202928,3446710,0.031049110867763408,-0.011927746615551182,0.5469501801823632,False,-0.19731325884024328,False,False,1,Low Coverage,1.204589969128233,0.2949826887604125,Increase enrollment drives and improve local service access
D0206,MAD_Dist_34,Madhya Pradesh,0.3202,16.23,0.7557,0.596,0.4628,0.2684,0.3693,0.7145,1.537,0.2798,14.07,115926,70025,0.6041,45901,53925,34457,0.639,19468,0.3785,Moderate,Moderate,0.3959,0.361,0.2835,0.4063,0.1332,2.8467,0.6496218181818182,0.6555727272727273,6202928,3446710,-0.0338135683715477,-0.008960830163326272,-0.5956478880255061,False,-0.1482334139405364,False,False,2,Critical Priority,2.808015464957469,-0.0261305080309188,"Immediate outreach, mobile camps, beneficiary verification, and awareness campaigns"
D0207,MAD_Dist_35,Madhya Pradesh,0.336,69.27,0.7802,0.5475,0.4072,0.2332,0.4992,0.7064,1.465,0.1444,14.0,489367,261061,0.5335,228306,311224,215187,0.6914,96037,0.3876,High,Moderate,0.4665,0.3086,0.4106,0.3056,0.1403,4.2523,0.6496218181818182,0.6555727272727273,6202928,3446710,-0.04669201842719739,0.0857533344953878,-0.8225101195532265,False,1.418563826935256,False,False,2,Critical Priority,4.292905523466016,0.6830731265365131,"Immediate outreach, mobile camps, beneficiary verification, and awareness campaigns"
D0208,MAD_Dist_36,Madhya Pradesh,0.3932,30.97,0.6858,0.623,0.5055,0.3254,0.4471,0.5645,1.299,0.2836,15.06,174817,112902,0.6458,61915,124609,82692,0.6636,41917,0.3453,Moderate,Moderate,0.3541999999999999,0.3364,0.3061,0.4194,0.1175,3.4648,0.6496218181818182,0.6555727272727273,6202928,3446710,-0.0008575349038584257,0.0045339088402668315,-0.0151060322528585,False,0.07500162079112797,False,False,1,Low Coverage,2.234662828112184,-0.0615330922179662,Increase enrollment drives and improve local service access
D0209,MAD_Dist_37,Madhya Pradesh,0.4675,9.82,0.7469,0.5683,0.4953,0.3227,0.4602,0.5996,1.322,0.3036,16.27,58864,34879,0.5925,23985,40658,29174,0.7175,11484,0.345,High,Moderate,0.4075,0.2825,0.2876,0.4095,0.073,2.3814,0.6496218181818182,0.6555727272727273,6202928,3446710,-0.03835902652394596,0.06192676995164903,-0.6757190747997687,False,1.024415858453498,False,False,1,Low Coverage,2.372195947489566,-1.213491144786742,Increase enrollment drives and improve local service access
D0210,MAD_Dist_38,Madhya Pradesh,0.5368,32.7,0.7478,0.7293,0.6017,0.4109,0.3469,0.7088,1.612,0.359,20.43,231757,155068,0.6691,76689,102073,86440,0.8469,15633,0.242,Moderate,Low,0.3308999999999999,0.1531,0.231,0.5071,0.1276,3.5175,0.6496218181818182,0.6555727272727273,6202928,3446710,-0.053338107541399116,0.0920110658302038,-0.939585280062814,False,1.5220815660702718,False,False,3,Medium Coverage,-0.6183634757081546,-0.322112196401329,Maintain monitoring and targeted awareness programs
D0211,MAD_Dist_39,Madhya Pradesh,0.47,39.73,0.7149,0.5775,0.4287,0.1325,0.4173,0.6461,1.984,0.3898,12.44,256700,185614,0.7231,71086,149227,107098,0.7177,42129,0.2796,Moderate,Moderate,0.2769,0.2823,0.274,0.4649,0.1488,3.707,0.6496218181818182,0.6555727272727273,6202928,3446710,0.060709322946266187,0.06090153928005315,1.0694340094194625,False,1.0074561081003615,False,False,1,Low Coverage,1.117680775153719,0.1991526633399554,Increase enrollment drives and improve local service access
D0212,MAD_Dist_40,Madhya Pradesh,0.4747,112.4,0.684,0.654,0.5481,0.1894,0.3007,0.6753,1.366,0.3844,19.55,758995,534746,0.7045,224249,304214,201525,0.6624,102689,0.3165,Moderate,Moderate,0.2955,0.3376,0.3235,0.4922,0.1059,4.7309,0.6496218181818182,0.6555727272727273,6202928,3446710,-0.014587366021839299,-0.0830600158058622,-0.2569658921323045,False,-1.3740099388585223,False,False,1,Low Coverage,0.7670574884460176,-0.7766905541843501,Increase enrollment drives and improve local service access
D0213,MAD_Dist_41,Madhya Pradesh,0.589,20.29,0.6171,0.6832,0.4808,0.2856,0.3821,0.6177,1.833,0.4016,25.97,125340,84362,0.6731,40978,69791,55466,0.7948,14325,0.2661,Moderate,Low,0.3268999999999999,0.2052,0.2391,0.5142,0.2024,3.0582,0.6496218181818182,0.6555727272727273,6202928,3446710,-0.08587749463341576,-0.031794419960724074,-1.5127876403111873,False,-0.5259552216845381,False,False,3,Medium Coverage,-1.284719074419802,1.2285929666987545,Maintain monitoring and targeted awareness programs
D0214,MAD_Dist_42,Madhya Pradesh,0.2976,44.92,0.7579,0.6163,0.5044,0.3589,0.425,0.6337,1.111,0.2013,8.68,284631,149456,0.5251,135175,171824,102034,0.5938,69790,0.4405,High,High,0.4749,0.4062,0.3706,0.3673,0.1119,3.8269,0.6496218181818182,0.6555727272727273,6202928,3446710,-0.06437290751610414,0.024348669117304045,-1.1339704223669065,False,0.40278481818873957,False,False,2,Critical Priority,4.657234098563482,0.1121564509063424,"Immediate outreach, mobile camps, beneficiary verification, and awareness campaigns"
D0215,MAD_Dist_43,Madhya Pradesh,0.4804,36.39,0.7535,0.6179,0.5558,0.2337,0.4533,0.6457,1.485,0.3364,13.15,234962,161094,0.6856,73868,148438,101000,0.6804,47438,0.317,Moderate,Moderate,0.3144,0.3196,0.3024,0.449,0.0621,3.6214,0.6496218181818182,0.6555727272727273,6202928,3446710,0.03587120060414373,0.03382738225436954,0.6318944113200416,False,0.5595852465483322,False,False,1,Low Coverage,2.059841086073921,-1.3043132839679676,Increase enrollment drives and improve local service access
D0216,MAD_Dist_44,Madhya Pradesh,0.3767,38.05,0.6654,0.6089,0.4833,0.2442,0.3788,0.5456,1.293,0.2351,13.97,207622,136873,0.6592,70749,129733,76412,0.589,53321,0.3759,Moderate,High,0.3408,0.411,0.3045,0.3846,0.1256,3.6648,0.6496218181818182,0.6555727272727273,6202928,3446710,0.01886143349131386,-0.05833150526038844,0.3322563564059295,False,-0.9649416412788995,False,False,2,Critical Priority,2.616267671980018,-0.0519459100937447,"Immediate outreach, mobile camps, beneficiary verification, and awareness campaigns"
D0217,MAD_Dist_45,Madhya Pradesh,0.3337,79.19,0.6942,0.5377,0.4039,0.2753,0.3862,0.5104,1.4,0.346,10.53,404158,203228,0.5028,200930,275204,155933,0.5666,119271,0.4653,High,High,0.4972,0.4334,0.4064,0.4227,0.1338,4.3844,0.6496218181818182,0.6555727272727273,6202928,3446710,-0.11620603638118687,-0.04105888325397955,-2.047044529156487,True,-0.6792114487586187,False,False,2,Critical Priority,4.417210091113447,0.2904584934601251,"Immediate outreach, mobile camps, beneficiary verification, and awareness campaigns"
D0218,MAD_Dist_46,Madhya Pradesh,0.5382,40.63,0.6806,0.7091,0.5681,0.1949,0.3271,0.5082,1.074,0.3667,13.26,206496,155711,0.7541,50785,119621,79276,0.6627,40345,0.2916,Low,Moderate,0.2459,0.3373,0.2445,0.5037,0.141,3.7288,0.6496218181818182,0.6555727272727273,6202928,3446710,0.05479953124551773,-0.02117054986036304,0.9653292043146249,False,-0.3502111772678719,False,False,1,Low Coverage,0.2421736485946843,0.0691101327290921,Increase enrollment drives and improve local service access
D0219,MAD_Dist_47,Madhya Pradesh,0.4207,108.79,0.8419,0.6012,0.4899,0.2644,0.3486,0.7633,1.673,0.3684,13.82,830403,486662,0.5861,343741,341321,209098,0.6126,132223,0.4007,High,Moderate,0.4139,0.3873999999999999,0.4201,0.4615,0.1113,4.6986,0.6496218181818182,0.6555727272727273,6202928,3446710,-0.06532160375477514,-0.04335333587757839,-1.1506823205236603,False,-0.717167144751173,False,False,2,Critical Priority,3.373651601143456,-0.2969709917724692,"Immediate outreach, mobile camps, beneficiary verification, and awareness campaigns"
D0220,MAD_Dist_48,Madhya Pradesh,0.5662,147.41125000000002,0.3858,0.7003,0.6076,0.1622,0.1872,0.3023,1.372,0.4214,15.5,463918,330079,0.7115,133839,258549,182335,0.7052,76214,0.2916,Moderate,Moderate,0.2885,0.2947999999999999,0.2413,0.533,0.0927,5.0,0.6496218181818182,0.6555727272727273,6202928,3446710,-0.06125683151473904,-0.048393877241381,-1.0790787271532003,False,-0.80054967079449,False,False,3,Medium Coverage,-1.013159211321216,-1.387120821264474,Maintain monitoring and targeted awareness programs
D0221,MAD_Dist_49,Madhya Pradesh,0.5823,15.77,0.8237,0.8096,0.6039,0.2515,0.2457,0.7606,1.794,0.2153,17.52,119926,81605,0.6805,38321,34863,24951,0.7157,9912,0.3019,Moderate,Moderate,0.3195,0.2843,0.2102,0.453,0.2057,2.8196,0.6496218181818182,0.6555727272727273,6202928,3446710,-0.0381992465002885,-0.019171119373749712,-0.672904446287498,False,-0.31713584813376766,False,False,3,Medium Coverage,-0.1396679280286645,1.3376036411079164,Maintain monitoring and targeted awareness programs
D0222,MAD_Dist_50,Madhya Pradesh,0.4654,23.53,0.7176,0.6336,0.5664,0.2668,0.4613,0.6254,1.344,0.2321,13.62,147157,104978,0.7134,42179,97694,65790,0.6734,31904,0.3066,Moderate,Moderate,0.2865999999999999,0.3266,0.2852,0.3927,0.0672,3.1999,0.6496218181818182,0.6555727272727273,6202928,3446710,0.07812525767724232,0.034643058017713946,1.3762269697630942,False,0.5730784610011261,False,False,1,Low Coverage,2.010098119501103,-1.1381526378712852,Increase enrollment drives and improve local service access
D0223,MAD_Dist_51,Madhya Pradesh,0.3875,118.74,0.6262,0.6534,0.4859,0.3396,0.4187,0.57,1.494,0.2491,14.82,676822,420195,0.6208,256627,447454,256463,0.5732,190991,0.403,Moderate,High,0.3792,0.4267999999999999,0.4328,0.4108,0.1675,4.7853,0.6496218181818182,0.6555727272727273,6202928,3446710,-0.03855834426919058,-0.09576093414169295,-0.6792301858631246,False,-1.5841132943267746,False,False,2,Critical Priority,3.0352456746288787,1.3678623277318411,"Immediate outreach, mobile camps, beneficiary verification, and awareness campaigns"
D0224,MAD_Dist_52,Madhya Pradesh,0.3728,6.66,0.7858,0.6021,0.4263,0.2922,0.4242,0.6212,1.303,0.2022,6.09,41361,23961,0.5793,17400,25421,15002,0.5901,10419,0.4153,High,High,0.4206999999999999,0.4099,0.3025,0.3622,0.1758,2.036,0.6496218181818182,0.6555727272727273,6202928,3446710,0.003936755216097376,0.04638768799348025,0.06934849065204136,False,0.7673625356951721,False,False,2,Critical Priority,3.9877844617797047,1.2521725005187605,"Immediate outreach, mobile camps, beneficiary verification, and awareness campaigns"
D0225,MAD_Dist_53,Madhya Pradesh,0.2102,37.42,0.7343,0.5146,0.4454,0.4157,0.6587,0.5465,1.182,0.1526,11.86,204476,101009,0.494,103467,221827,119044,0.5367,102783,0.4847,High,High,0.506,0.4633,0.4588,0.2974,0.0692,3.6486,0.6496218181818182,0.6555727272727273,6202928,3446710,-0.045960436709211794,-0.018928053927020794,-0.809622834175722,False,-0.3131149683354885,False,False,2,Critical Priority,6.612455562274466,-0.1053817982972893,"Immediate outreach, mobile camps, beneficiary verification, and awareness campaigns"
D0226,MAD_Dist_54,Madhya Pradesh,0.4345,12.23,0.7939,0.6148,0.4501,0.2695,0.3306,0.6451,1.551,0.2923,15.94,78867,49248,0.6244,29619,36376,21775,0.5986,14601,0.3885,Moderate,High,0.3756,0.4014,0.269,0.4213,0.1647,2.5825,0.6496218181818182,0.6555727272727273,6202928,3446710,-0.028170760306992504,-0.07505688144788092,-0.4962461724404834,False,-1.241619088180311,False,False,1,Low Coverage,2.2509242861775887,0.4922361040999191,Increase enrollment drives and improve local service access
D0227,MAD_Dist_55,Madhya Pradesh,0.394,24.17,0.6693,0.7027,0.6005,0.316,0.4518,0.4906,1.425,0.3301,12.38,118566,85688,0.7227,32878,98275,63030,0.6414,35245,0.318,Moderate,Moderate,0.2773,0.3586,0.285,0.4791,0.1022,3.2257,0.6496218181818182,0.6555727272727273,6202928,3446710,0.04569028134898301,-0.01927586395989711,0.8048638726837472,False,-0.3188685723695119,False,False,1,Low Coverage,1.632419938079581,-0.2033795100181542,Increase enrollment drives and improve local service access
D0228,RAJ_Dist_01,Rajasthan,0.4238,20.1,0.7421,0.5684,0.4281,0.3001,0.45,0.6998,1.299,0.4012,16.34,140623,96846,0.6887,43777,81390,60907,0.7483,20483,0.2815,Moderate,Moderate,0.3113,0.2517,0.2686,0.4681,0.1403,3.0493,0.6602666666666667,0.6880000000000001,4791921,2247065,0.03839629417655854,0.07574248614397172,0.6763755686160645,False,1.2529606182457984,False,False,1,Low Coverage,1.1398236566935511,0.0335551089532065,Increase enrollment drives and improve local service access
D0229,RAJ_Dist_02,Rajasthan,0.4317,39.32,0.5678,0.6305,0.4846,0.2578,0.2897,0.4018,1.537,0.2615,15.09,157964,88608,0.5609,69356,102512,67760,0.661,34752,0.389,High,Moderate,0.4391,0.3389999999999999,0.2765,0.4091,0.1459,3.6968,0.6602666666666667,0.6880000000000001,4791921,2247065,-0.11885362320271098,-0.02502880331181856,-2.0936834843024017,True,-0.4140358531663763,False,False,1,Low Coverage,1.801151946691958,0.1014628717996851,Increase enrollment drives and improve local service access
D0230,RAJ_Dist_03,Rajasthan,0.6461,113.47,0.6899,0.7184,0.5859,0.3102,0.3662,0.7087,1.698,0.3243,14.6,804146,568838,0.7074,235308,373922,266235,0.712,107687,0.2903,Moderate,Moderate,0.2925999999999999,0.288,0.3379,0.4819,0.1325,4.7403,0.6602666666666667,0.6880000000000001,4791921,2247065,0.007782733619383753,0.015853874121308453,0.1370978890040739,False,0.262260732805204,False,False,1,Low Coverage,0.4980488032965921,0.1817043515419127,Increase enrollment drives and improve local service access
D0231,RAJ_Dist_04,Rajasthan,0.4377,76.95,0.7947,0.5836,0.4225,0.2662,0.3699,0.7953,0.901,0.313,8.88,611993,357071,0.5835,254922,256173,151931,0.5931,104242,0.4117,High,High,0.4165,0.4069,0.3928,0.4212,0.1611,4.3561,0.6602666666666667,0.6880000000000001,4791921,2247065,-0.018100318016626038,0.011821162563744103,-0.3188488147932855,False,0.1955501054728811,False,False,2,Critical Priority,3.667564196412673,0.8184109067903562,"Immediate outreach, mobile camps, beneficiary verification, and awareness campaigns"
D0232,RAJ_Dist_05,Rajasthan,0.4898,76.01,0.6564,0.6099,0.5163,0.3266,0.3752,0.5719,1.916,0.3585,15.66,434723,256712,0.5905,178011,256675,160940,0.627,95735,0.3912,High,Moderate,0.4095,0.373,0.3583,0.4591,0.0936,4.3439,0.6602666666666667,0.6880000000000001,4791921,2247065,-0.09053919923426856,-0.06387938574561292,-1.5949065834994292,False,-1.056716761381367,False,False,2,Critical Priority,2.3742082932712525,-0.6974778643371699,"Immediate outreach, mobile camps, beneficiary verification, and awareness campaigns"
D0233,RAJ_Dist_06,Rajasthan,0.4702,10.38,0.595,0.6672,0.4829,0.4483,0.3958,0.4582,2.13,0.322,16.15,47549,31717,0.6671,15832,36965,26429,0.715,10536,0.309,Moderate,Moderate,0.3329,0.285,0.2509,0.4601,0.1843,2.4319,0.6602666666666667,0.6880000000000001,4791921,2247065,-0.02683571081072733,0.00793999747796792,-0.47272841163744267,False,0.13134641672485275,False,False,1,Low Coverage,0.5175859379547012,1.1223454352046147,Increase enrollment drives and improve local service access
D0234,RAJ_Dist_07,Rajasthan,0.4455,98.39,0.7044,0.6417,0.508,0.2621,0.4107,0.5053,1.004,0.3395,12.5,497131,324994,0.6537,172137,363643,263947,0.7258,99696,0.3102,Moderate,Moderate,0.3463,0.2742,0.336,0.4604,0.1337,4.5991,0.6602666666666667,0.6880000000000001,4791921,2247065,0.0013203650446986792,0.08215040299764842,0.023259084685807677,False,1.3589627825712631,False,False,1,Low Coverage,1.7127579770807244,0.225063778942973,Increase enrollment drives and improve local service access
D0235,RAJ_Dist_08,Rajasthan,0.377,25.64,0.6714,0.5358,0.3975,0.3661,0.4979,0.5111,1.346,0.2649,8.64,131021,82791,0.6319,48230,114883,69430,0.6044,45453,0.3819,Moderate,Moderate,0.3681,0.3955999999999999,0.3327,0.3733,0.1383,3.2824,0.6602666666666667,0.6880000000000001,4791921,2247065,0.05127274069173182,0.03938742382781435,0.9032025064817782,False,0.6515615399339967,False,False,2,Critical Priority,3.6006533318053813,0.4992388434175951,"Immediate outreach, mobile camps, beneficiary verification, and awareness campaigns"
D0236,RAJ_Dist_09,Rajasthan,0.4166,5.57,0.737,0.5033,0.3643,0.2744,0.3426,0.6579,1.435,0.3008,11.36,36656,23639,0.6449,13017,17177,9458,0.5506,7719,0.4022,Moderate,High,0.3550999999999999,0.4494,0.2704,0.3818,0.139,1.8825,0.6602666666666667,0.6880000000000001,4791921,2247065,0.04401582832732176,-0.05093149290504617,0.7753672991488163,False,-0.8425278610109201,False,False,2,Critical Priority,3.0885427470219398,-0.2148080297785617,"Immediate outreach, mobile camps, beneficiary verification, and awareness campaigns"
D0237,RAJ_Dist_10,Rajasthan,0.4847,35.49,0.6529,0.6949,0.5445,0.2892,0.3705,0.4915,1.673,0.3368,12.8,174428,99867,0.5725,74561,118334,87406,0.7386,30928,0.3444,High,Moderate,0.4275,0.2613999999999999,0.2833,0.48,0.1504,3.597,0.6602666666666667,0.6880000000000001,4791921,2247065,-0.11799174022549641,0.06168396431664491,-2.078500857924092,True,1.0203992765582308,False,False,1,Low Coverage,1.335365321693721,0.5334454434781059,Increase enrollment drives and improve local service access
D0238,RAJ_Dist_11,Rajasthan,0.5123,27.43,0.5458,0.7062,0.5304,0.3697,0.4839,0.4091,1.311,0.3103,15.86,112213,70891,0.6318,41322,119464,81537,0.6825,37927,0.3429,Moderate,Moderate,0.3681999999999999,0.3175,0.3082,0.4687,0.1758,3.3474,0.6602666666666667,0.6880000000000001,4791921,2247065,-0.06076807481179103,-0.01670932188813745,-1.070468961550524,False,-0.2764118706595348,False,False,1,Low Coverage,1.0695218264101316,1.4919538881268035,Increase enrollment drives and improve local service access
D0239,RAJ_Dist_12,Rajasthan,0.5054,56.57,0.6656,0.6575,0.4823,0.2371,0.349,0.6371,1.085,0.3381,14.34,360408,271427,0.7531,88981,177686,137073,0.7714,40613,0.2377,Low,Low,0.2469,0.2286,0.2421,0.4659,0.1752,4.053,0.6602666666666667,0.6880000000000001,4791921,2247065,0.0765655841431433,0.09462519628122534,1.3487523111767368,False,1.5653254926013087,False,False,3,Medium Coverage,-0.2056175936221378,0.6346999520952498,Maintain monitoring and targeted awareness programs
D0240,RAJ_Dist_13,Rajasthan,0.5972,116.63,0.8002,0.685,0.5382,0.285,0.3299,0.7189,1.621,0.423,17.36,838414,532863,0.6356,305551,346242,235792,0.681,110450,0.3417,Moderate,Moderate,0.3643999999999999,0.3189999999999999,0.3713,0.5278,0.1468,4.7675,0.6602666666666667,0.6880000000000001,4791921,2247065,-0.0735094598924314,-0.043211023532216064,-1.2949167048470878,False,-0.7148129605501118,False,False,1,Low Coverage,1.1392283648351755,0.3398227092571687,Increase enrollment drives and improve local service access
D0241,RAJ_Dist_14,Rajasthan,0.4651,139.58,0.6827,0.6779,0.5442,0.3656,0.3459,0.4568,1.472,0.3564,12.23,637558,471016,0.7388,166542,434534,254280,0.5852,180254,0.338,Moderate,High,0.2612,0.4147999999999999,0.3521,0.485,0.1337,4.9458,0.6602666666666667,0.6880000000000001,4791921,2247065,0.061399498347506354,-0.07639087797715982,1.0815918957329786,False,-1.263686559175208,False,False,1,Low Coverage,1.6523692402426002,0.2144113338228596,Increase enrollment drives and improve local service access
D0242,RAJ_Dist_15,Rajasthan,0.5877,63.71,0.6502,0.686,0.5707,0.2383,0.2115,0.5779,1.853,0.3134,11.15,368209,243477,0.6612,124732,121247,82185,0.6778,39062,0.3305,Moderate,Moderate,0.3388,0.3222,0.2491,0.4624,0.1153,4.1699,0.6602666666666667,0.6880000000000001,4791921,2247065,-0.03647277577733088,0.007421268194088615,-0.6424915472829615,False,0.1227654023256639,False,False,1,Low Coverage,0.7057539136098941,-0.793072910985456,Increase enrollment drives and improve local service access
D0243,RAJ_Dist_16,Rajasthan,0.4559,30.85,0.7215,0.5826,0.4176,0.2992,0.277,0.5976,1.587,0.2463,12.6,184334,113310,0.6147,71024,76905,49032,0.6376,27873,0.3739,Moderate,Moderate,0.3853,0.3624,0.2649,0.3808,0.165,3.461,0.6602666666666667,0.6880000000000001,4791921,2247065,-0.01565230148136898,0.0043492864447136625,-0.2757254193842595,False,0.07194752786850227,False,False,1,Low Coverage,2.181185419424384,0.2846739709119585,Increase enrollment drives and improve local service access
D0244,RAJ_Dist_17,Rajasthan,0.4867,43.66,0.651,0.6378,0.5209,0.2713,0.2168,0.5507,1.978,0.3128,16.06,240422,172910,0.7192,67512,85199,53565,0.6287,31634,0.326,Moderate,Moderate,0.2808,0.3712999999999999,0.2278,0.4428,0.1169,3.7991,0.6602666666666667,0.6880000000000001,4791921,2247065,0.017969486776728716,-0.08147374466874202,0.3165441378392367,False,-1.3477692466676934,False,False,1,Low Coverage,0.623081499820784,-0.9524323559480824,Increase enrollment drives and improve local service access
D0245,RAJ_Dist_18,Rajasthan,0.5179,71.34,0.7365,0.667,0.4736,0.1234,0.2956,0.6072,1.773,0.4178,13.71,433167,259771,0.5997,173396,189784,123344,0.6499,66440,0.3752,High,Moderate,0.4003,0.3500999999999999,0.317,0.5175,0.1934,4.2814,0.6602666666666667,0.6880000000000001,4791921,2247065,-0.10767613774775353,-0.04925256494588348,-1.8967848449301994,False,-0.8147544049125212,False,False,1,Low Coverage,1.425801591593238,1.1910252322869788,Increase enrollment drives and improve local service access
D0246,RAJ_Dist_19,Rajasthan,0.5342,125.21,0.6622,0.6439,0.5077,0.2238,0.2373,0.4486,1.634,0.2677,16.62,561757,368906,0.6567,192851,267449,198072,0.7406,69377,0.3013,Moderate,Moderate,0.3433,0.2593999999999999,0.2772,0.4182,0.1362,4.8379,0.6602666666666667,0.6880000000000001,4791921,2247065,-0.03291788785995731,0.03560322032892804,-0.5798698962083816,False,0.5889618261284431,False,False,1,Low Coverage,0.5335212591314314,-0.421578058481267,Increase enrollment drives and improve local service access
D0247,RAJ_Dist_20,Rajasthan,0.4433,62.82,0.6025,0.6078,0.5081,0.1609,0.4147,0.452,1.124,0.4092,12.89,283946,182797,0.6438,101149,234485,159705,0.6811,74780,0.3376,Moderate,Moderate,0.3561999999999999,0.3188999999999999,0.3168,0.4886,0.0997,4.1561,0.6602666666666667,0.6880000000000001,4791921,2247065,-0.033530826156199844,0.0166573905493268,-0.5906672009363197,False,0.2755528029718355,False,False,1,Low Coverage,1.7088326736540789,-0.569421021370679,Increase enrollment drives and improve local service access
D0248,RAJ_Dist_21,Rajasthan,0.4425,22.13,0.756,0.5634,0.4875,0.2034,0.2847,0.6792,1.364,0.3676,17.84,150324,88453,0.5884,61871,56715,41521,0.7321,15194,0.3397,High,Moderate,0.4115999999999999,0.2679,0.2464,0.4459,0.0759,3.1411,0.6602666666666667,0.6880000000000001,4791921,2247065,-0.08214447425491289,0.03472395125423644,-1.447028070662191,False,0.5744166272642786,False,False,1,Low Coverage,1.5377278776681649,-1.8279395463612285,Increase enrollment drives and improve local service access
D0249,RAJ_Dist_22,Rajasthan,0.5514,109.01,0.6242,0.8079,0.6411,0.3171,0.1825,0.6543,1.392,0.2562,16.66,713177,544710,0.7638,168467,179081,138309,0.7723,40772,0.2319,Low,Low,0.2361999999999999,0.2277,0.2158,0.4769,0.1668,4.7006,0.6602666666666667,0.6880000000000001,4791921,2247065,0.02143482922847373,0.03037236075407923,0.3775883875908389,False,0.5024309848460055,False,False,3,Medium Coverage,-1.4111174115877942,0.2936795942933575,Maintain monitoring and targeted awareness programs
D0250,RAJ_Dist_23,Rajasthan,0.5976,147.41125000000002,0.6939,0.7366,0.5529,0.2097,0.4057,0.6214,1.343,0.4319,21.52,1053008,820815,0.7795,232193,618643,544405,0.88,74238,0.1703,Low,Low,0.2205,0.12,0.2898,0.5538,0.1837,5.0,0.6602666666666667,0.6880000000000001,4791921,2247065,0.02929580711051083,0.09583693564288998,0.5160645999147468,False,1.5853705396685327,False,False,3,Medium Coverage,-1.8321189698846727,1.046577557055443,Maintain monitoring and targeted awareness programs
D0251,RAJ_Dist_24,Rajasthan,0.3475,92.95,0.6696,0.5749,0.482,0.3484,0.3464,0.477,1.534,0.2997,12.93,443352,261968,0.5909,181384,289737,138360,0.4775,151377,0.4658,High,High,0.4091,0.5225,0.3988,0.4098,0.0929,4.5428,0.6602666666666667,0.6880000000000001,4791921,2247065,-0.04789293634538949,-0.160992154725151,-0.8436650658103784,False,-2.6631926146945024,True,False,2,Critical Priority,4.139519331324979,-0.6077356330258836,"Immediate outreach, mobile camps, beneficiary verification, and awareness campaigns"
D0252,RAJ_Dist_25,Rajasthan,0.4633,93.47,0.6625,0.6905,0.4946,0.2789,0.2623,0.6969,1.552,0.2335,10.5,651394,437392,0.6715,214002,220604,154243,0.6992,66361,0.3147,Moderate,Moderate,0.3285,0.3007999999999999,0.296,0.4163,0.1959,4.5483,0.6602666666666667,0.6880000000000001,4791921,2247065,0.007730522676926865,0.05712896025498981,0.13617815946637704,False,0.9450486907013493,False,False,1,Low Coverage,1.1499952181632598,1.2099804053944174,Increase enrollment drives and improve local service access
D0253,RAJ_Dist_26,Rajasthan,0.481,147.41125000000002,0.5482,0.8386,0.7408,0.352,0.2778,0.4464,1.832,0.2417,15.35,860678,600683,0.6979,259995,482059,344859,0.7154,137200,0.2933,Moderate,Moderate,0.3021,0.2845999999999999,0.3302,0.4805,0.0978,5.0,0.6602666666666667,0.6880000000000001,4791921,2247065,-0.05564515711257623,-0.023807620094693505,-0.9802254511781809,False,-0.3938345822995554,False,False,1,Low Coverage,0.2129127189467392,-0.4062864756805889,Increase enrollment drives and improve local service access
D0254,RAJ_Dist_27,Rajasthan,0.5746,36.48,0.6396,0.7782,0.5449,0.2815,0.4151,0.4938,2.093,0.2969,16.63,180160,122692,0.681,57468,136293,111096,0.8151,25197,0.2519,Moderate,Low,0.3189999999999999,0.1848999999999999,0.2523,0.4894,0.2333,3.6238,0.6602666666666667,0.6880000000000001,4791921,2247065,-0.04854734353429335,0.07730264732294068,-0.855192871917557,False,1.278769389714546,False,False,3,Medium Coverage,-0.7055651379065375,2.3948079025160096,Maintain monitoring and targeted awareness programs
D0255,RAJ_Dist_28,Rajasthan,0.5332,31.96,0.5931,0.8064,0.5797,0.2436,0.4595,0.5242,1.403,0.2867,16.49,167560,108588,0.6481,58972,132187,90665,0.6859,41522,0.333,Moderate,Moderate,0.3519,0.3141,0.3038,0.4946,0.2267,3.4953,0.6602666666666667,0.6880000000000001,4791921,2247065,-0.08057680781863508,-0.046301323893616964,-1.4194126119316526,False,-0.7659338683590677,False,False,1,Low Coverage,0.4620116548635958,2.723810674338281,Increase enrollment drives and improve local service access
D0256,RAJ_Dist_29,Rajasthan,0.482,32.36,0.73,0.6489,0.4652,0.4713,0.2323,0.6818,1.974,0.1662,14.0,220635,137976,0.6254,82659,67649,44362,0.6558,23287,0.3594,Moderate,Moderate,0.3746,0.3441999999999999,0.248,0.3593,0.1837,3.5074,0.6602666666666667,0.6880000000000001,4791921,2247065,-0.016532041755106586,0.0022162226954816067,-0.2912226135964905,False,0.036661587175771115,False,False,1,Low Coverage,1.6349816343493808,0.6654092745058238,Increase enrollment drives and improve local service access
D0257,RAJ_Dist_30,Rajasthan,0.5935,23.64,0.7444,0.5678,0.4346,0.2846,0.4091,0.5185,2.033,0.3098,15.67,122566,80611,0.6577,41955,87033,64285,0.7386,22748,0.3018,Moderate,Moderate,0.3423,0.2613999999999999,0.2646,0.413,0.1332,3.2044,0.6602666666666667,0.6880000000000001,4791921,2247065,0.011244305804896437,0.07018912159630164,0.19807572307620977,False,1.161094778725179,False,False,1,Low Coverage,1.1790492743904395,-0.2333985509858678,Increase enrollment drives and improve local service access
D0258,RAJ_Dist_31,Rajasthan,0.6186,147.41125000000002,0.7164,0.7705,0.6739,0.3146,0.208,0.6089,1.863,0.5016,14.33,1217769,907353,0.7451,310416,374444,287243,0.7671,87201,0.2439,Moderate,Low,0.2549,0.2329,0.2897,0.6092,0.0966,5.0,0.6602666666666667,0.6880000000000001,4791921,2247065,-0.02145801941753911,0.024779477374619496,-0.3779968977786851,False,0.4099114099856536,False,False,3,Medium Coverage,-0.9846059674247994,-1.1304912798093472,Maintain monitoring and targeted awareness programs
D0259,RAJ_Dist_32,Rajasthan,0.4757,147.41125000000002,0.7733,0.6051,0.434,0.441,0.4123,0.8168,1.132,0.3967,14.46,1633514,1027197,0.6288,606317,742165,448456,0.6043,293709,0.3835,Moderate,Moderate,0.3712,0.3957,0.5707,0.4801,0.1711,5.0,0.6602666666666667,0.6880000000000001,4791921,2247065,-0.012470461421048462,-0.0474368360071894,-0.21967524771535255,False,-0.7847179356940548,False,False,2,Critical Priority,3.298153495504829,1.4444808804099598,"Immediate outreach, mobile camps, beneficiary verification, and awareness campaigns"
D0260,RAJ_Dist_33,Rajasthan,0.5469,65.08,0.6862,0.7104,0.6011,0.358,0.222,0.4893,1.576,0.4441,21.33,318464,240453,0.755,78011,130021,97403,0.7491,32618,0.2479,Low,Moderate,0.245,0.2509,0.2018,0.5506,0.1093,4.1909,0.6602666666666667,0.6880000000000001,4791921,2247065,-0.0031229445360689834,-0.038140528686710584,-0.05501268889763224,False,-0.6309349327763432,False,False,3,Medium Coverage,-1.344971289258532,-1.2016578535355251,Maintain monitoring and targeted awareness programs
D0261,GUJ_Dist_01,Gujarat,0.6179,42.04,0.5566,0.8019,0.6826,0.3713,0.3203,0.3906,1.433,0.2201,18.37,164184,119916,0.7304,44268,121169,90675,0.7483,30494,0.2606,Moderate,Moderate,0.2695999999999999,0.2517,0.2247,0.4528,0.1193,3.7621,0.7724333333333334,0.7809454545454546,2162564,937912,-0.005206097166418511,0.0008702895270378264,-0.09170877051396097,False,0.014396655818147508,False,False,3,Medium Coverage,-0.8947945517669028,-0.2583947026809565,Maintain monitoring and targeted awareness programs
D0262,GUJ_Dist_02,Gujarat,0.5999,29.35,0.4748,0.7213,0.5627,0.212,0.2533,0.3087,2.286,0.2444,17.53,90606,67287,0.7426,23319,66907,51026,0.7627,15881,0.2474,Moderate,Low,0.2573999999999999,0.2372999999999999,0.1877,0.4352,0.1586,3.4128,0.7724333333333334,0.7809454545454546,2162564,937912,-0.0048257018776408644,0.005985299750016715,-0.08500786134384927,False,0.09901107366464919,False,False,3,Medium Coverage,-1.3815107912659694,0.0814850213634007,Maintain monitoring and targeted awareness programs
D0263,GUJ_Dist_03,Gujarat,0.6938,23.92,0.7232,0.6905,0.5388,0.3724,0.1831,0.5894,1.733,0.3539,20.91,140977,108626,0.7705,32351,39403,30453,0.7729,8950,0.2283,Low,Low,0.2295,0.2270999999999999,0.1597,0.4885,0.1517,3.2157,0.7724333333333334,0.7809454545454546,2162564,937912,0.039711790433324956,0.005965429480512485,0.6995488864522019,False,0.09868237221279279,False,False,3,Medium Coverage,-1.8891774170034032,-0.611714961768443,Maintain monitoring and targeted awareness programs
D0264,GUJ_Dist_04,Gujarat,0.7797,13.85,0.4294,0.8162,0.7024,0.2974,0.3071,0.3705,2.011,0.3937,18.18,51310,42072,0.82,9238,38273,31963,0.8352,6310,0.1724,Low,Low,0.18,0.1647999999999999,0.1662,0.5627,0.1138,2.698,0.7724333333333334,0.7809454545454546,2162564,937912,0.014844177500749622,0.03616874739473053,0.2614897925182435,False,0.5983169869909466,False,False,0,High Coverage,-3.362947365289264,-0.6814243766976987,Maintain current strategy and monitor performance
D0265,GUJ_Dist_05,Gujarat,0.8578,28.89,0.5902,0.7529,0.6517,0.3256,0.2945,0.4435,2.217,0.4828,24.85,128128,113048,0.8823,15080,76572,66335,0.8663,10237,0.1257,Low,Low,0.1177,0.1337,0.1469,0.5908,0.1012,3.3975,0.7724333333333334,0.7809454545454546,2162564,937912,0.06856943324933973,0.01048919868421272,1.207894938778507,False,0.17351625933259332,False,False,0,High Coverage,-4.2437654967613865,-1.4372016077067613,Maintain current strategy and monitor performance
D0266,GUJ_Dist_06,Gujarat,0.6919,147.41125000000002,0.8185,0.7318,0.6492,0.2834,0.2192,0.839,1.717,0.3958,16.34,1678047,1256178,0.7486,421869,394648,304922,0.7726,89726,0.2394,Moderate,Low,0.2513999999999999,0.2274,0.3284,0.5302,0.0826,5.0,0.7724333333333334,0.7809454545454546,2162564,937912,0.021145167539815546,0.04438301272946532,0.3724858095016181,False,0.7342004454858745,False,False,3,Medium Coverage,-0.4483802710576834,-1.4644012765943393,Maintain monitoring and targeted awareness programs
D0267,GUJ_Dist_07,Gujarat,0.7673,134.15,0.478,0.8077,0.6369,0.1977,0.3344,0.4909,1.783,0.4681,20.98,658583,584116,0.8869,74467,403757,355306,0.88,48451,0.1165,Low,Low,0.1130999999999999,0.12,0.187,0.6039,0.1708,4.9064,0.7724333333333334,0.7809454545454546,2162564,937912,0.06658099862728417,0.047937411165465016,1.1728673761714206,False,0.7929986377368915,False,False,0,High Coverage,-4.256655340336142,0.4783096624031386,Maintain current strategy and monitor performance
D0268,GUJ_Dist_08,Gujarat,0.5783,49.68,0.6517,0.815,0.6692,0.3036,0.2156,0.4646,1.755,0.4004,14.72,230823,173267,0.7507,57556,96406,80079,0.8306,16327,0.2094,Low,Low,0.2492999999999999,0.1694,0.1725,0.5662,0.1458,3.9255,0.7724333333333334,0.7809454545454546,2162564,937912,-0.016468072766809283,0.08413036988642597,-0.2900957584725441,False,1.3917161375688007,False,False,3,Medium Coverage,-1.958287623856348,-0.1890185825000108,Maintain monitoring and targeted awareness programs
D0269,GUJ_Dist_09,Gujarat,0.7556,60.75,0.5766,0.7216,0.5287,0.1803,0.2047,0.4517,1.893,0.4038,12.62,274436,187179,0.6821,87257,111913,84421,0.7543,27492,0.2818,Moderate,Low,0.3178999999999999,0.2457,0.2116,0.5309,0.1929,4.1231,0.7724333333333334,0.7809454545454546,2162564,937912,-0.06233236895688066,0.03636832881710006,-1.098025015189533,False,0.6016185377465851,False,False,3,Medium Coverage,-1.3188677452866664,0.6978391919844572,Maintain monitoring and targeted awareness programs
D0270,GUJ_Dist_10,Gujarat,0.6842,53.64,0.5523,0.7692,0.5494,0.248,0.2889,0.6023,2.133,0.5266,14.67,323073,249128,0.7711,73945,139455,108439,0.7776,31016,0.2256,Low,Low,0.2289,0.2224,0.2111,0.6236,0.2198,4.0008,0.7724333333333334,0.7809454545454546,2162564,937912,-0.01739864266672586,0.011435925518709977,-0.3064883494423704,False,0.18917736976415647,False,False,3,Medium Coverage,-2.385174537611775,1.5375880203107173,Maintain monitoring and targeted awareness programs
D0271,GUJ_Dist_11,Gujarat,0.6636,35.33,0.6104,0.7355,0.533,0.2448,0.3101,0.5272,1.835,0.284,15.24,186280,133137,0.7147,53143,98601,75770,0.7685,22831,0.2584,Moderate,Low,0.2853,0.2315,0.2212,0.4646,0.2025,3.5926,0.7724333333333334,0.7809454545454546,2162564,937912,-0.0032638874520790617,0.050949520946540705,-0.057495489568978826,False,0.8428260876353284,False,False,3,Medium Coverage,-0.9305603708781384,1.2655230432703606,Maintain monitoring and targeted awareness programs
D0272,GUJ_Dist_12,Gujarat,0.6109,21.45,0.4249,0.8311,0.5858,0.2357,0.428,0.3251,1.916,0.3042,12.43,69740,51126,0.7331,18614,82641,59375,0.7185,23266,0.2742,Moderate,Moderate,0.2669,0.2815,0.2517,0.515,0.2453,3.1113,0.7724333333333334,0.7809454545454546,2162564,937912,-0.02178189778525519,-0.005511489144624737,-0.38370222481152877,False,-0.09117312089550841,False,False,3,Medium Coverage,-1.01932920097501,2.970440690908364,Maintain monitoring and targeted awareness programs
D0273,GUJ_Dist_13,Gujarat,0.7397,32.23,0.632,0.7507,0.5969,0.3745,0.2943,0.4454,1.805,0.37,21.58,143558,103236,0.7191,40322,85388,63331,0.7417,22057,0.2696,Moderate,Moderate,0.2809,0.2583,0.2165,0.5223,0.1538,3.5035,0.7724333333333334,0.7809454545454546,2162564,937912,-0.04051984975479128,-0.05049170621264909,-0.7137833743053956,False,-0.8352527445729033,False,False,3,Medium Coverage,-1.560967450336234,0.1071439172066099,Maintain monitoring and targeted awareness programs
D0274,GUJ_Dist_14,Gujarat,0.6522,127.7,0.5774,0.8082,0.6592,0.3641,0.2255,0.5241,1.906,0.4239,11.39,669264,535168,0.7996,134096,259144,151954,0.5864,107190,0.307,Low,High,0.2004,0.4135999999999999,0.2692,0.5776,0.149,4.8575,0.7724333333333334,0.7809454545454546,2162564,937912,0.037304087912456874,-0.13241239874197308,0.6571356484943135,False,-2.1904155704086903,True,False,3,Medium Coverage,-0.6613989311375191,0.2836416417121218,Maintain monitoring and targeted awareness programs
D0275,GUJ_Dist_15,Gujarat,0.6227,17.59,0.5855,0.828,0.6904,0.1744,0.3923,0.4612,1.214,0.1963,18.25,81105,70677,0.8714,10428,62096,43496,0.7005,18600,0.214,Low,Moderate,0.1286,0.2995,0.2128,0.449,0.1376,2.9226,0.7724333333333334,0.7809454545454546,2162564,937912,0.13467615752438156,-0.046798155479167436,2.3724076653270387,False,-0.7741526428182564,False,False,3,Medium Coverage,-1.3477362653438298,0.3406591110632386,Maintain monitoring and targeted awareness programs
D0276,GUJ_Dist_16,Gujarat,0.5882,77.0,0.7405,0.735,0.5974,0.2181,0.4248,0.554,1.776,0.4263,21.16,426566,291174,0.6826,135392,294392,229303,0.7789,65089,0.2692,Moderate,Low,0.3174,0.2210999999999999,0.3005,0.5498,0.1376,4.3567,0.7724333333333334,0.7809454545454546,2162564,937912,-0.0661726265275967,-0.0020379351618406982,-1.1656736373738206,False,-0.03371228791588254,False,False,3,Medium Coverage,-0.281305531004638,0.2871955163249285,Maintain monitoring and targeted awareness programs
D0277,GUJ_Dist_17,Gujarat,0.6575,48.43,0.6476,0.6518,0.4938,0.4272,0.3665,0.5345,1.514,0.3957,17.07,258857,182695,0.7058,76162,159748,121552,0.7609,38196,0.2667,Moderate,Low,0.2942,0.2390999999999999,0.2539,0.4981,0.158,3.9006,0.7724333333333334,0.7809454545454546,2162564,937912,0.010741527092488878,0.04981962343496982,0.18921895070309527,False,0.8241348991527955,False,False,3,Medium Coverage,-0.4624185468361474,0.2836442563332884,Maintain monitoring and targeted awareness programs
D0278,GUJ_Dist_18,Gujarat,0.7682,38.33,0.6275,0.9229,0.8115,0.059,0.2607,0.6086,2.224,0.4617,24.3,233234,200099,0.8579,33135,89910,79120,0.88,10790,0.131,Low,Low,0.1421,0.12,0.1449,0.6462,0.1114,3.672,0.7724333333333334,0.7809454545454546,2162564,937912,-0.0220069091416647,-0.02002025123852924,-0.38766594546219413,False,-0.3311825059665238,False,False,0,High Coverage,-4.468305690591236,-0.8324172264093217,Maintain current strategy and monitor performance
D0279,GUJ_Dist_19,Gujarat,0.5984,25.01,0.574,0.7365,0.5519,0.2156,0.1862,0.3595,2.256,0.4059,17.57,89888,59861,0.666,30027,41897,31923,0.762,9974,0.286,Moderate,Low,0.3339999999999999,0.238,0.1833,0.5381,0.1846,3.2585,0.7724333333333334,0.7809454545454546,2162564,937912,-0.1113730750329559,-0.017716204940198765,-1.961908787540911,False,-0.29306810780778825,False,False,3,Medium Coverage,-1.4305811727876412,0.4326408869839856,Maintain monitoring and targeted awareness programs
D0280,GUJ_Dist_20,Gujarat,0.6425,20.96,0.7321,0.6453,0.5548,0.3364,0.3937,0.5187,2.108,0.5504,20.87,108713,84321,0.7756,24392,74270,57551,0.7749,16719,0.2247,Low,Low,0.2244,0.2250999999999999,0.2214,0.5884,0.0905,3.0892,0.7724333333333334,0.7809454545454546,2162564,937912,0.02987500093908524,-0.0019208277834174003,0.5262674740082665,False,-0.03177505373279101,False,False,3,Medium Coverage,-1.208347536326669,-1.310956452065348,Maintain monitoring and targeted awareness programs
D0281,GUJ_Dist_21,Gujarat,0.6341,71.15,0.7921,0.6922,0.5176,0.2549,0.2318,0.7283,1.243,0.4408,18.24,518159,415438,0.8018,102721,148451,108063,0.7279,40388,0.2352,Low,Moderate,0.1982,0.2721,0.2103,0.5414,0.1746,4.2787,0.7724333333333334,0.7809454545454546,2162564,937912,0.07933115228920107,-0.01202534506097519,1.397469583701423,False,-0.19892776893548736,False,False,3,Medium Coverage,-1.3147789241839234,0.1492302235718741,Maintain monitoring and targeted awareness programs
D0282,GUJ_Dist_22,Gujarat,0.7608,9.95,0.5761,0.8556,0.6213,0.2651,0.1358,0.5523,2.047,0.526,20.36,54968,50570,0.92,4398,12168,9707,0.7978,2461,0.1411,Low,Low,0.0799999999999999,0.2022,0.0994,0.6578,0.2343,2.3933,0.7724333333333334,0.7809454545454546,2162564,937912,0.07030723792023608,-0.054745012509755386,1.238507492610316,False,-0.9056125328360273,False,False,0,High Coverage,-5.046147550364869,1.1739201082284905,Maintain current strategy and monitor performance
D0283,GUJ_Dist_23,Gujarat,0.6333,13.6,0.5049,0.7808,0.5776,0.2107,0.404,0.4345,1.542,0.3926,14.19,59092,44823,0.7585,14269,49451,34821,0.7042,14630,0.2687,Low,Moderate,0.2415,0.2957999999999999,0.2381,0.5479,0.2032,2.681,0.7724333333333334,0.7809454545454546,2162564,937912,0.00666629140836017,-0.02795526086325162,0.11743103699392532,False,-0.4624464117522783,False,False,3,Medium Coverage,-1.107842677121626,1.762959876915534,Maintain monitoring and targeted awareness programs
D0284,GUJ_Dist_24,Gujarat,0.6766,66.3,0.6924,0.7272,0.6364,0.2074,0.312,0.5584,1.98,0.4593,16.06,370171,289895,0.7831,80276,186154,147934,0.7947,38220,0.2111,Low,Low,0.2168999999999999,0.2053,0.2167,0.5665,0.0908,4.2092,0.7724333333333334,0.7809454545454546,2162564,937912,0.03027566134187687,0.04880934151841276,0.5333253662755296,False,0.8074224367130746,False,False,3,Medium Coverage,-1.45048500646449,-1.269431704510393,Maintain monitoring and targeted awareness programs
D0285,GUJ_Dist_25,Gujarat,0.7006,123.07,0.6176,0.6401,0.4634,0.3998,0.2595,0.4819,1.953,0.4845,21.34,593093,483690,0.8155,109403,287375,226495,0.7882,60880,0.1982,Low,Low,0.1845,0.2118,0.2127,0.5467,0.1767,4.8208,0.7724333333333334,0.7809454545454546,2162564,937912,0.0673228757596619,0.00371489955907478,1.185936021935727,False,0.06145326203563205,False,False,3,Medium Coverage,-2.416895339092344,0.059759376979197,Maintain monitoring and targeted awareness programs
D0286,GUJ_Dist_26,Gujarat,0.7322,123.9,0.6614,0.7362,0.5525,0.3208,0.263,0.5673,1.853,0.4249,19.39,702839,519960,0.7398,182879,293255,234040,0.7981,59215,0.2311,Moderate,Low,0.2602,0.2018999999999999,0.2503,0.5494,0.1837,4.8275,0.7724333333333334,0.7809454545454546,2162564,937912,-0.018613452984867607,0.0212145306600372,-0.32788801931457173,False,0.3509387241534625,False,False,3,Medium Coverage,-1.8827736340051568,0.6210215859807765,Maintain monitoring and targeted awareness programs
D0287,GUJ_Dist_27,Gujarat,0.7143,29.45,0.6482,0.8452,0.678,0.1833,0.2946,0.7116,1.985,0.3612,20.23,209577,172329,0.8223,37248,78079,68709,0.88,9370,0.1489,Low,Low,0.1776999999999999,0.12,0.1631,0.5548,0.1672,3.4161,0.7724333333333334,0.7809454545454546,2162564,937912,0.02553591381331577,0.06946409385603958,0.44983164641320383,False,1.1491010978740173,False,False,0,High Coverage,-3.2879864422858804,0.3872755231702209,Maintain current strategy and monitor performance
D0288,GUJ_Dist_28,Gujarat,0.6217,21.71,0.6613,0.8142,0.5883,0.2993,0.3865,0.5465,2.168,0.4451,14.92,118653,89976,0.7583,28677,75524,58290,0.7718,17234,0.2349,Low,Low,0.2417,0.2281999999999999,0.2249,0.5927,0.2259,3.1228,0.7724333333333334,0.7809454545454546,2162564,937912,-0.00644785373922141,0.02129263200094267,-0.11358311609925884,False,0.35223070583202476,False,False,3,Medium Coverage,-1.535235555852713,2.136684319036284,Maintain monitoring and targeted awareness programs
D0289,GUJ_Dist_29,Gujarat,0.658,46.58,0.6536,0.8272,0.6401,0.2541,0.069,0.4678,2.07,0.3003,21.3,217926,154825,0.7104,63101,28928,23756,0.8212,5172,0.2342,Moderate,Low,0.2895999999999999,0.1787999999999999,0.1367,0.5111,0.1871,3.8624,0.7724333333333334,0.7809454545454546,2162564,937912,-0.08822652069417403,-0.0004160995749020735,-1.5541672544540095,False,-0.006883275255252811,False,False,3,Medium Coverage,-2.718084764732731,0.1534920951718622,Maintain monitoring and targeted awareness programs
D0290,GUJ_Dist_30,Gujarat,0.7172,18.15,0.4747,0.739,0.5797,0.3646,0.3029,0.4443,2.197,0.3792,12.4,80652,66824,0.8285,13828,49482,35166,0.7107,14316,0.2304,Low,Moderate,0.1714999999999999,0.2893,0.1922,0.5231,0.1593,2.9523,0.7724333333333334,0.7809454545454546,2162564,937912,0.08473585891546276,-0.0040514787566444666,1.492676988372647,False,-0.0670210813797693,False,False,3,Medium Coverage,-1.810686663320565,0.2833771361722036,Maintain monitoring and targeted awareness programs
D0291,GUJ_Dist_31,Gujarat,0.5385,48.85,0.725,0.701,0.5391,0.2607,0.3729,0.5876,1.812,0.2437,14.91,287065,197769,0.6889,89296,163951,123361,0.7524,40590,0.2793,Moderate,Low,0.3111,0.2476,0.266,0.4266,0.1619,3.909,0.7724333333333334,0.7809454545454546,2162564,937912,0.010997532648148178,0.06769966709747255,0.1937286542302588,False,1.1199132885636398,False,False,1,Low Coverage,0.6112192711985712,0.6472571764078968,Increase enrollment drives and improve local service access
D0292,GUJ_Dist_32,Gujarat,0.7027,27.05,0.5054,0.7037,0.58,0.1403,0.3691,0.4526,1.72,0.3752,13.15,122412,95399,0.7793,27013,89855,78998,0.8792,10857,0.1707,Low,Low,0.2207,0.1208,0.1914,0.5066,0.1237,3.334,0.7724333333333334,0.7809454545454546,2162564,937912,0.048417603204051196,0.1708861694977064,0.8529074120430243,False,2.8268631184952846,False,False,3,Medium Coverage,-1.9928265854720129,-0.4771629243558049,Maintain monitoring and targeted awareness programs
D0293,GUJ_Dist_33,Gujarat,0.7222,15.24,0.623,0.7736,0.6583,0.2409,0.2842,0.4158,1.714,0.4424,17.89,63377,48983,0.7729,14394,38990,34007,0.8722,4983,0.1775,Low,Low,0.2270999999999999,0.1278,0.1626,0.5749,0.1153,2.7875,0.7724333333333334,0.7809454545454546,2162564,937912,-0.003285686163768675,0.09677684940999043,-0.057879487981595694,False,1.6009189457835062,False,False,3,Medium Coverage,-2.7083254608871314,-0.8882673335944271,Maintain monitoring and targeted awareness programs
D0294,KAR_Dist_01,Karnataka,0.5849,39.34,0.6641,0.6658,0.5049,0.1695,0.15,0.4785,1.652,0.235,15.72,188235,123332,0.6552,64903,53104,34919,0.6576,18185,0.3436,Moderate,Moderate,0.3448,0.3424,0.2095,0.4073,0.1609,3.6973,0.7773612903225806,0.7717870967741935,2350858,1333301,-0.04165573940701539,-0.04732035270808288,-0.7337928055769608,False,-0.7827910252651255,False,False,1,Low Coverage,0.397212093585529,-0.1725474013989153,Increase enrollment drives and improve local service access
D0295,KAR_Dist_02,Karnataka,0.7071,40.09,0.6278,0.7352,0.5328,0.182,0.2028,0.5009,1.886,0.4522,19.8,200828,174087,0.8668,26741,73166,59958,0.8195,13208,0.1568,Low,Low,0.1331999999999999,0.1805,0.1366,0.5654,0.2024,3.7158,0.7773612903225806,0.7717870967741935,2350858,1333301,0.08427244485889518,0.020578433353587444,1.4845136498854883,False,0.3404161638979273,False,False,0,High Coverage,-3.5351394278325188,0.5000840085391306,Maintain current strategy and monitor performance
D0296,KAR_Dist_03,Karnataka,0.6189,46.4,0.5652,0.675,0.5256,0.1548,0.231,0.4916,1.882,0.2933,11.47,228080,173540,0.7609,54540,96469,72987,0.7566,23482,0.2413,Low,Low,0.2390999999999999,0.2433999999999999,0.1913,0.446,0.1494,3.8586,0.7773612903225806,0.7717870967741935,2350858,1333301,0.057269582111807105,0.07797075249594843,1.0088407487234616,False,1.2898214361054452,False,False,3,Medium Coverage,-0.8331017803142071,-0.2726891940035981,Maintain monitoring and targeted awareness programs
D0297,KAR_Dist_04,Karnataka,0.5905,69.48,0.5748,0.7409,0.5746,0.2683,0.3031,0.482,1.809,0.3305,16.41,334884,251349,0.7506,83535,189525,134865,0.7116,54660,0.2689,Low,Moderate,0.2493999999999999,0.2884,0.2436,0.4947,0.1663,4.2553,0.7773612903225806,0.7717870967741935,2350858,1333301,0.012169705814675913,-0.027834069453288368,0.2143772430857739,False,-0.4604416179874547,False,False,3,Medium Coverage,-0.7726954553149672,0.5632075906529089,Maintain monitoring and targeted awareness programs
D0298,KAR_Dist_05,Karnataka,0.7752,111.77,0.6745,0.7649,0.5648,0.1304,0.2237,0.607,1.804,0.5316,16.23,678406,528789,0.7795,149617,225055,178329,0.7924,46726,0.2141,Low,Low,0.2205,0.2076,0.2168,0.6249,0.2001,4.7254,0.7773612903225806,0.7717870967741935,2350858,1333301,-0.008388880899182771,0.016533575592836747,-0.14777556558362603,False,0.27350460951622313,False,False,0,High Coverage,-2.601944738949403,0.8288808574473505,Maintain current strategy and monitor performance
D0299,KAR_Dist_06,Karnataka,0.769,22.12,0.5034,0.8188,0.6054,0.2129,0.3371,0.3561,2.456,0.3914,24.6,78768,62636,0.7952,16132,67093,59041,0.88,8052,0.1624,Low,Low,0.2047999999999999,0.12,0.174,0.5624,0.2134,3.1407,0.7773612903225806,0.7717870967741935,2350858,1333301,-0.03487169998672046,0.00934931923828608,-0.6142875611562657,False,0.15465994594753332,False,False,0,High Coverage,-3.930151012120489,1.4171071063315632,Maintain current strategy and monitor performance
D0300,KAR_Dist_07,Karnataka,0.7828,27.45,0.5498,0.7936,0.664,0.2887,0.1252,0.4567,2.152,0.4267,20.07,125351,100560,0.8022,24791,30928,24924,0.8059,6004,0.1959,Low,Low,0.1977999999999999,0.1941,0.126,0.5735,0.1296,3.3481,0.7773612903225806,0.7717870967741935,2350858,1333301,-0.013810637705132911,-0.017277938419576366,-0.24328332020343493,False,-0.28581813862151373,False,False,0,High Coverage,-3.5948847215867694,-1.0778951295629045,Maintain current strategy and monitor performance
D0301,KAR_Dist_08,Karnataka,0.6694,147.41125000000002,0.5859,0.7383,0.6536,0.1986,0.3625,0.4416,1.841,0.4476,25.63,703494,527460,0.7498,176034,519780,427410,0.8223,92370,0.214,Moderate,Low,0.2502,0.1776999999999999,0.2819,0.5639,0.0847,5.0,0.7773612903225806,0.7717870967741935,2350858,1333301,-0.05131737587825458,-0.028073580431323464,-0.9039887841771479,False,-0.46440369843125157,False,False,3,Medium Coverage,-1.9285674148234209,-1.1688403530906462,Maintain monitoring and targeted awareness programs
D0302,KAR_Dist_09,Karnataka,0.6503,58.35,0.7285,0.7784,0.5976,0.2068,0.1673,0.6362,1.717,0.4591,18.53,371248,252671,0.6806,118577,87843,64596,0.7354,23247,0.292,Moderate,Moderate,0.3194,0.2645999999999999,0.2133,0.5868,0.1808,4.0835,0.7773612903225806,0.7717870967741935,2350858,1333301,-0.10052227135732061,-0.05136903917471225,-1.7707648591111143,False,-0.8497659155356954,False,False,3,Medium Coverage,-1.36823525105924,0.3997023626809092,Maintain monitoring and targeted awareness programs
D0303,KAR_Dist_10,Karnataka,0.6649,115.97,0.4416,0.7814,0.6891,0.2389,0.2408,0.4032,2.117,0.5051,17.64,467624,394370,0.8434,73254,251291,189528,0.7542,61763,0.2012,Low,Low,0.1565999999999999,0.2458,0.1968,0.6156,0.0923,4.7619,0.7773612903225806,0.7717870967741935,2350858,1333301,0.019790734154055745,-0.05468014796348819,0.34862658894158516,False,-0.9045395191797457,False,False,0,High Coverage,-2.854575532704048,-1.3191107766600272,Maintain current strategy and monitor performance
D0304,KAR_Dist_11,Karnataka,0.6828,147.41125000000002,0.6738,0.7915,0.6878,0.2911,0.4104,0.5636,1.541,0.3683,17.69,955703,807513,0.8449,148190,626313,445648,0.7115,180665,0.2218,Low,Moderate,0.1551,0.2885,0.3191,0.5376,0.1037,5.0,0.7773612903225806,0.7717870967741935,2350858,1333301,0.10074223408096972,-0.037296502015427335,1.7746396448278616,False,-0.616972726969458,False,False,3,Medium Coverage,-0.8912532927821393,-0.2762240286390888,Maintain monitoring and targeted awareness programs
D0305,KAR_Dist_12,Karnataka,0.7169,49.71,0.4859,0.7284,0.5524,0.2578,0.1925,0.5295,1.099,0.4144,22.19,263240,193944,0.7368,69296,86134,75797,0.88,10337,0.1916,Moderate,Low,0.2632,0.12,0.1604,0.54,0.176,3.9261,0.7773612903225806,0.7717870967741935,2350858,1333301,-0.04638570588338653,0.068168543043018,-0.8171142258755257,False,1.1276696103391712,False,False,0,High Coverage,-3.3713603016695366,-0.0065399476135249,Maintain current strategy and monitor performance
D0306,KAR_Dist_13,Karnataka,0.5871,90.34,0.7047,0.7054,0.6122,0.1788,0.3689,0.6111,2.139,0.2817,19.03,552033,398475,0.7218,153558,299910,234906,0.7833,65004,0.2475,Moderate,Low,0.2782,0.2167,0.281,0.4512,0.0932,4.5146,0.7773612903225806,0.7717870967741935,2350858,1333301,0.0013832996018967592,0.037903736328568916,0.02436771763654867,False,0.6270178247619728,False,False,3,Medium Coverage,-0.0476549387073849,-0.8880390241585422,Maintain monitoring and targeted awareness programs
D0307,KAR_Dist_14,Karnataka,0.77,96.32,0.5526,0.7165,0.6185,0.1804,0.3352,0.5751,1.929,0.3313,19.29,553923,445043,0.8034,108880,290575,239502,0.8242,51073,0.1862,Low,Low,0.1966,0.1757999999999999,0.2272,0.4854,0.098,4.578,0.7773612903225806,0.7717870967741935,2350858,1333301,0.05124298239840919,0.05498248850715015,0.9026782948879561,False,0.9095409498660549,False,False,3,Medium Coverage,-2.0773298656431898,-1.0815440017135407,Maintain monitoring and targeted awareness programs
D0308,KAR_Dist_15,Karnataka,0.6437,42.41,0.5281,0.7612,0.6404,0.2358,0.2461,0.4888,1.582,0.5425,17.16,207314,172433,0.8318,34881,93933,73678,0.7844,20255,0.1919,Low,Low,0.1682,0.2156,0.1686,0.63,0.1208,3.7707,0.7773612903225806,0.7717870967741935,2350858,1333301,0.03073301339526502,-0.003261836268309559,0.5413819186538885,False,-0.053958519127760875,False,False,0,High Coverage,-2.8804747090801253,-0.8533760306894564,Maintain current strategy and monitor performance
D0309,KAR_Dist_16,Karnataka,0.6115,17.91,0.6399,0.8386,0.6304,0.3121,0.5042,0.4946,2.093,0.3495,18.27,88604,73383,0.8282,15221,81292,56040,0.6894,25252,0.2412,Low,Moderate,0.1717999999999999,0.3106,0.2609,0.5451,0.2082,2.9397,0.7773612903225806,0.7717870967741935,2350858,1333301,0.06911531497487433,-0.08012306571829508,1.217510998620324,False,-1.3254258088039401,False,False,3,Medium Coverage,-1.0922777619216362,2.2764351462667123,Maintain monitoring and targeted awareness programs
D0310,KAR_Dist_17,Karnataka,0.6762,56.4,0.5114,0.7617,0.6348,0.2751,0.5317,0.5495,1.477,0.4997,12.28,309903,251747,0.8123,58156,269868,192596,0.7137,77272,0.237,Low,Moderate,0.1876999999999999,0.2863,0.2985,0.6045,0.1269,4.05,0.7773612903225806,0.7717870967741935,2350858,1333301,0.06766722066580788,0.004513751458918636,1.1920018802871526,False,0.07466816982744755,False,False,3,Medium Coverage,-0.8533926470613411,0.550833028415873,Maintain monitoring and targeted awareness programs
D0311,KAR_Dist_18,Karnataka,0.8239,128.83,0.4265,0.7743,0.6284,0.1934,0.2208,0.3489,2.282,0.5093,18.9,449506,379892,0.8451,69614,256038,211084,0.8244,44954,0.1652,Low,Low,0.1549,0.1755999999999999,0.1697,0.6153,0.1459,4.8662,0.7773612903225806,0.7717870967741935,2350858,1333301,0.010825096488330077,-0.004531539183846411,0.19069107968958313,False,-0.07496242104637492,False,False,0,High Coverage,-4.081817546465579,-0.4367508863975676,Maintain current strategy and monitor performance
D0312,KAR_Dist_19,Karnataka,0.7177,15.89,0.6011,0.759,0.6438,0.2234,0.2643,0.5088,2.018,0.3625,21.13,80819,52693,0.652,28126,37792,30048,0.7951,7744,0.2765,Moderate,Low,0.348,0.2048999999999999,0.2016,0.5211,0.1152,2.8267,0.7773612903225806,0.7717870967741935,2350858,1333301,-0.1275992839368294,-0.00849435362234574,-2.2477439575544658,True,-0.14051678401538048,False,False,3,Medium Coverage,-1.468973684798812,-0.7832458093079839,Maintain monitoring and targeted awareness programs
D0313,KAR_Dist_20,Karnataka,0.6309,29.93,0.631,0.7719,0.659,0.157,0.3918,0.4891,1.683,0.3922,12.88,146387,110423,0.7543,35964,105538,74116,0.7023,31422,0.2717,Low,Moderate,0.2457,0.2976999999999999,0.2482,0.5441,0.1129,3.4317,0.7773612903225806,0.7717870967741935,2350858,1333301,0.015673930552790427,-0.00859557719830284,0.27610642947296266,False,-0.1421912623797586,False,False,3,Medium Coverage,-0.3181686477700292,-0.1939362413633394,Maintain monitoring and targeted awareness programs
D0314,KAR_Dist_21,Karnataka,0.8048,98.71,0.4695,0.9228,0.6656,0.1507,0.356,0.3809,2.248,0.4075,16.85,375974,298339,0.7935,77635,316238,215349,0.681,100889,0.2628,Low,Moderate,0.2065,0.3189999999999999,0.2702,0.6136,0.2572,4.6023,0.7773612903225806,0.7717870967741935,2350858,1333301,-0.04360804316494504,-0.13727684987778088,-0.7681838996317595,False,-2.270885145845711,True,False,0,High Coverage,-2.552223505556816,3.1300496748902216,Maintain current strategy and monitor performance
D0315,KAR_Dist_22,Karnataka,0.6052,24.2,0.6795,0.7798,0.5546,0.2437,0.382,0.5755,2.369,0.4335,13.41,139257,106119,0.762,33138,83207,66529,0.7996,16678,0.2192,Low,Low,0.238,0.2004,0.2185,0.572,0.2252,3.2268,0.7773612903225806,0.7717870967741935,2350858,1333301,0.012701040035129063,0.06996263434208816,0.22373703921171872,False,1.157348141606287,False,False,3,Medium Coverage,-1.406007861131279,1.9995517289639797,Maintain monitoring and targeted awareness programs
D0316,KAR_Dist_23,Karnataka,0.5948,143.62,0.7514,0.7197,0.5153,0.1465,0.2305,0.6524,1.754,0.3999,18.24,936888,734472,0.7839,202416,297954,221703,0.7441,76251,0.236,Low,Moderate,0.2160999999999999,0.2559,0.2544,0.5278,0.2044,4.9741,0.7773612903225806,0.7717870967741935,2350858,1333301,0.04100402910936651,-0.014366730765637659,0.7223125069536153,False,-0.23765984956049094,False,False,3,Medium Coverage,-1.2114656228575265,0.9720907173755632,Maintain monitoring and targeted awareness programs
D0317,KAR_Dist_24,Karnataka,0.73,41.86,0.5184,0.7953,0.6059,0.2628,0.1849,0.5196,1.722,0.482,24.46,217515,182198,0.8376,35317,69650,54957,0.7891,14693,0.1867,Low,Low,0.1624,0.2108999999999999,0.1465,0.6073,0.1894,3.7579,0.7773612903225806,0.7717870967741935,2350858,1333301,0.0014306349779045213,-0.08098819523462719,0.02520156091620744,False,-1.3397371057897036,False,False,0,High Coverage,-4.095170679613151,0.3523891074101111,Maintain current strategy and monitor performance
D0318,KAR_Dist_25,Karnataka,0.6626,147.41125000000002,0.5242,0.7334,0.6578,0.2433,0.3357,0.4242,1.584,0.371,12.52,749408,620277,0.8277,129131,533689,387699,0.7265,145990,0.2229,Low,Moderate,0.1723,0.2734999999999999,0.2796,0.516,0.0756,5.0,0.7773612903225806,0.7717870967741935,2350858,1333301,0.09589878777786642,0.025046852160772515,1.6893192039472706,False,0.41433442399558357,False,False,3,Medium Coverage,-0.8959751755438478,-1.2269775360114374,Maintain monitoring and targeted awareness programs
D0319,KAR_Dist_26,Karnataka,0.7388,23.11,0.6826,0.7872,0.5721,0.2121,0.2992,0.6094,1.856,0.4441,16.12,140844,120969,0.8589,19875,62230,52918,0.8504,9312,0.1454,Low,Low,0.1411,0.1495999999999999,0.1574,0.5813,0.2151,3.1826,0.7773612903225806,0.7717870967741935,2350858,1333301,0.09331162253644665,0.09143396629804323,1.6437446140344139,False,1.51253496912822,False,False,0,High Coverage,-3.22170596611836,1.2530972891790542,Maintain current strategy and monitor performance
D0320,KAR_Dist_27,Karnataka,0.7219,37.55,0.5844,0.8235,0.6231,0.198,0.2562,0.5588,1.956,0.5195,23.51,209797,168727,0.8042,41070,86577,75767,0.8751,10810,0.1603,Low,Low,0.1957999999999999,0.1249,0.1579,0.6411,0.2004,3.652,0.7773612903225806,0.7717870967741935,2350858,1333301,-0.03858909825704948,0.005815202128816144,-0.6797719372605286,False,0.0961972550078843,False,False,0,High Coverage,-4.140306510735465,0.8412374003922165,Maintain current strategy and monitor performance
D0321,KAR_Dist_28,Karnataka,0.7617,17.53,0.7081,0.7461,0.5886,0.1286,0.2337,0.6544,1.846,0.3839,19.94,114691,85681,0.7471,29010,36864,27190,0.7376,9674,0.2577,Moderate,Moderate,0.2529,0.2623999999999999,0.1858,0.5288,0.1575,2.9194,0.7773612903225806,0.7717870967741935,2350858,1333301,-0.018261165210991637,-0.04828815336851899,-0.32168224220815866,False,-0.7988007468305636,False,False,3,Medium Coverage,-1.7517972402729698,-0.0986531503423145,Maintain monitoring and targeted awareness programs
D0322,KAR_Dist_29,Karnataka,0.6796,109.52,0.7469,0.7177,0.5626,0.3181,0.2587,0.7508,1.82,0.3543,22.41,822249,624393,0.7594,197856,255015,204093,0.8003,50922,0.2202,Low,Low,0.2406,0.1997,0.2468,0.4997,0.1551,4.7052,0.7773612903225806,0.7717870967741935,2350858,1333301,0.01766853983848604,0.014014698917260815,0.31124276277576646,False,0.2318364066701174,False,False,3,Medium Coverage,-1.5566571755312404,-0.0925512515041898,Maintain monitoring and targeted awareness programs
D0323,KAR_Dist_30,Karnataka,0.6655,7.01,0.6884,0.7698,0.6493,0.2505,0.2733,0.6109,2.13,0.4931,16.77,42807,31792,0.7427,11015,17236,13397,0.7773,3839,0.24,Moderate,Low,0.2573,0.2227,0.1828,0.6038,0.1205,2.0807,0.7773612903225806,0.7717870967741935,2350858,1333301,-0.03728336715382674,0.005053933329492111,-0.6567706389232094,False,0.0836040609630062,False,False,3,Medium Coverage,-1.7140248827738584,-0.6900164695345482,Maintain monitoring and targeted awareness programs
D0324,KAR_Dist_31,Karnataka,0.4941,34.2,0.6571,0.7515,0.6503,0.2982,0.3534,0.5644,1.685,0.2769,9.37,193010,128625,0.6664,64385,108761,76193,0.7006,32568,0.3165,Moderate,Moderate,0.3336,0.2994,0.2642,0.4667,0.1012,3.561,0.7773612903225806,0.7717870967741935,2350858,1333301,-0.01989741267269618,0.054178170425818295,-0.3505058000811821,False,0.8962356184495959,False,False,1,Low Coverage,1.238559900097938,-0.4131711481059398,Increase enrollment drives and improve local service access
D0325,AND_Dist_01,Andhra Pradesh,0.5762,15.25,0.7272,0.6945,0.5517,0.2137,0.3563,0.584,1.612,0.3175,16.34,89077,63375,0.7115,25702,48910,38715,0.7916,10195,0.2485,Moderate,Low,0.2885,0.2084,0.218,0.4683,0.1428,2.7881,0.703536,0.7102200000000001,2893388,1789308,0.013881240923110827,0.08342582349066463,0.2445270415754801,False,1.3800612668013132,False,False,3,Medium Coverage,-0.2718118224922528,-0.018963831642299,Maintain monitoring and targeted awareness programs
D0326,AND_Dist_02,Andhra Pradesh,0.5222,120.11,0.6594,0.7439,0.6109,0.1941,0.3728,0.5561,1.662,0.3058,8.17,667879,388518,0.5817,279361,402956,251158,0.6233,151798,0.3975,High,Moderate,0.4183,0.3767,0.4115,0.481,0.133,4.7967,0.703536,0.7102200000000001,2893388,1789308,-0.10517973100341271,-0.016081033290470392,-1.852809024674286,False,-0.26601848499387876,False,False,2,Critical Priority,2.671773198355492,0.7118140311280448,"Immediate outreach, mobile camps, beneficiary verification, and awareness campaigns"
D0327,AND_Dist_03,Andhra Pradesh,0.6878,24.75,0.3687,0.6656,0.503,0.2868,0.2208,0.3557,1.36,0.2942,19.2,88035,65507,0.7441,22528,49189,35635,0.7245,13554,0.2657,Moderate,Moderate,0.2559,0.2754999999999999,0.1843,0.4428,0.1626,3.2484,0.703536,0.7102200000000001,2893388,1789308,0.0043524249996685915,-0.03465069015337141,0.07667078287448484,False,-0.5732047146527885,False,False,3,Medium Coverage,-1.8251029769313187,-0.0953164078845149,Maintain monitoring and targeted awareness programs
D0328,AND_Dist_04,Andhra Pradesh,0.4636,147.41125000000002,0.6413,0.6631,0.5044,0.2624,0.3682,0.4149,1.663,0.3645,12.83,765143,526092,0.6876,239051,611066,336161,0.5501,274905,0.3812,Moderate,High,0.3124,0.4498999999999999,0.4306,0.4839,0.1587,5.0,0.703536,0.7102200000000001,2893388,1789308,-0.0002129154899395136,-0.12567333966846483,-0.0037506441358248622,False,-2.078935527265003,True,False,2,Critical Priority,2.3217895578253605,0.9920363945503506,"Immediate outreach, mobile camps, beneficiary verification, and awareness campaigns"
D0329,AND_Dist_05,Andhra Pradesh,0.4086,113.71,0.7065,0.6846,0.5618,0.3712,0.3986,0.4941,1.993,0.301,11.34,561792,351921,0.6264,209871,407876,228542,0.5603,179334,0.4066,Moderate,High,0.3736,0.4397,0.4092,0.4544,0.1228,4.7424,0.703536,0.7102200000000001,2893388,1789308,-0.0403216686585548,-0.08893891848831148,-0.7102922860498571,False,-1.4712609523202282,False,False,2,Critical Priority,3.2257945238510257,0.408723454904751,"Immediate outreach, mobile camps, beneficiary verification, and awareness campaigns"
D0330,AND_Dist_06,Andhra Pradesh,0.5319,44.09,0.657,0.5747,0.4936,0.3759,0.29,0.6209,1.807,0.2104,11.01,273739,185658,0.6782,88081,115080,91021,0.7909,24059,0.2654,Moderate,Low,0.3218,0.2090999999999999,0.2297,0.3561,0.0811,3.8087,0.703536,0.7102200000000001,2893388,1789308,0.05527008126442867,0.1770849952974295,0.9736182473962275,False,2.9294064201722025,False,False,1,Low Coverage,1.0168911831989904,-1.6724843786387076,Increase enrollment drives and improve local service access
D0331,AND_Dist_07,Andhra Pradesh,0.6394,24.88,0.7122,0.7343,0.5345,0.2688,0.4248,0.6193,1.946,0.4617,17.08,154076,99999,0.649,54077,95105,67864,0.7136,27241,0.3187,Moderate,Moderate,0.351,0.2864,0.2814,0.5707,0.1998,3.2535,0.703536,0.7102200000000001,2893388,1789308,-0.09019703373057497,-0.03302389485340962,-1.5888791167325196,False,-0.5462936565588465,False,False,1,Low Coverage,-0.0082335275359578,1.6653533908213731,Increase enrollment drives and improve local service access
D0332,AND_Dist_08,Andhra Pradesh,0.5695,17.95,0.5906,0.7391,0.6497,0.1773,0.3455,0.5366,1.056,0.3521,19.18,96335,69098,0.7173,27237,55819,40586,0.7271,15233,0.2778,Moderate,Moderate,0.2826999999999999,0.2729,0.2286,0.5069,0.0894,2.9418,0.703536,0.7102200000000001,2893388,1789308,-0.026190485770397065,-0.030281844972695482,-0.46136235501926504,False,-0.5009336388368147,False,False,3,Medium Coverage,-0.5269175587979369,-0.9969889133409552,Maintain monitoring and targeted awareness programs
D0333,AND_Dist_09,Andhra Pradesh,0.4913,78.96,0.5163,0.6063,0.4477,0.2692,0.3766,0.2902,1.551,0.2286,11.5,229123,160003,0.6983,69120,267644,198906,0.7432,68738,0.2792,Moderate,Moderate,0.3016999999999999,0.2568,0.2696,0.3797,0.1586,4.3815,0.703536,0.7102200000000001,2893388,1789308,0.05106125276486917,0.10700948851325276,0.8994770097937521,False,1.77019110028795,False,False,1,Low Coverage,0.8293019130411186,0.4546137688405076,Increase enrollment drives and improve local service access
D0334,AND_Dist_10,Andhra Pradesh,0.621,118.6,0.6443,0.6928,0.5875,0.2108,0.1829,0.5175,1.669,0.415,12.84,613770,424156,0.6911,189614,195214,142387,0.7294,52827,0.2898,Moderate,Moderate,0.3088999999999999,0.2705999999999999,0.2499,0.5261,0.1053,4.7842,0.703536,0.7102200000000001,2893388,1789308,-0.03827216377081566,0.02469480203891694,-0.6741889311934628,False,0.40851067881912695,False,False,3,Medium Coverage,-0.2965800712305117,-1.1898675173377506,Maintain monitoring and targeted awareness programs
D0335,AND_Dist_11,Andhra Pradesh,0.5212,17.3,0.6337,0.637,0.5356,0.1762,0.365,0.4518,1.562,0.2936,12.75,78175,59416,0.76,18759,56839,38561,0.6784,18278,0.2808,Low,Moderate,0.24,0.3216,0.2339,0.431,0.1014,2.9069,0.703536,0.7102200000000001,2893388,1789308,0.08881549257806276,0.017253291844280705,1.5645423753185725,False,0.28541042572691505,False,False,1,Low Coverage,0.6979408311110664,-0.8400556265795458,Increase enrollment drives and improve local service access
D0336,AND_Dist_12,Andhra Pradesh,0.6081,119.14,0.7487,0.73,0.5567,0.1856,0.3052,0.6129,1.68,0.3845,13.93,730152,513351,0.7031,216801,327204,259253,0.7923,67951,0.2523,Moderate,Low,0.2969,0.2077,0.2854,0.5227,0.1733,4.7887,0.703536,0.7102200000000001,2893388,1789308,-0.013516696188676458,0.08672951329858924,-0.23810535017802031,False,1.4347121428811196,False,False,3,Medium Coverage,-0.3290666447987456,0.7055679590740023,Maintain monitoring and targeted awareness programs
D0337,AND_Dist_13,Andhra Pradesh,0.5524,37.18,0.7926,0.7526,0.6311,0.239,0.3628,0.786,2.096,0.4244,10.75,292251,224832,0.7693,67419,121412,70169,0.5779,51243,0.3264,Low,High,0.2307,0.4221,0.2781,0.5557,0.1215,3.6423,0.703536,0.7102200000000001,2893388,1789308,0.05439718820517714,-0.10257695153486157,0.9582416712980821,False,-1.6968664108628182,False,False,1,Low Coverage,1.027331534708654,-0.0079254015172831,Increase enrollment drives and improve local service access
D0338,AND_Dist_14,Andhra Pradesh,0.6136,8.83,0.6612,0.7834,0.5564,0.4174,0.2293,0.4512,1.552,0.3728,17.41,39832,29387,0.7378,10445,18218,12135,0.6661,6083,0.298,Moderate,Moderate,0.2622,0.3339,0.1934,0.537,0.227,2.2854,0.703536,0.7102200000000001,2893388,1789308,-0.00844088005763921,-0.08677760217560326,-0.14869156440910708,False,-1.4355076471243984,False,False,3,Medium Coverage,-1.1923130813045857,1.621123057869144,Maintain monitoring and targeted awareness programs
D0339,AND_Dist_15,Andhra Pradesh,0.6323,147.41125000000002,0.6468,0.7775,0.6699,0.2325,0.3799,0.5697,1.882,0.3558,20.59,1139462,958361,0.8411,181101,683775,443629,0.6488,240146,0.2551,Low,Moderate,0.1589,0.3511999999999999,0.3534,0.5245,0.1076,5.0,0.703536,0.7102200000000001,2893388,1789308,0.07689127062737078,-0.13819844755287225,1.3544894893519825,False,-2.286130560295954,True,False,3,Medium Coverage,-0.536776432529007,-0.2152387733081324,Maintain monitoring and targeted awareness programs
D0340,AND_Dist_16,Andhra Pradesh,0.6077,6.73,0.6273,0.704,0.534,0.2025,0.3865,0.5427,1.905,0.297,23.28,36520,27140,0.7432,9380,23407,17674,0.7551,5733,0.2509,Moderate,Low,0.2568,0.2449,0.2212,0.4598,0.17,2.0451,0.703536,0.7102200000000001,2893388,1789308,0.0033048530757573413,-0.037162988621644466,0.05821712553859789,False,-0.6147640983260789,False,False,3,Medium Coverage,-1.04966523149088,0.6229969196895541,Maintain monitoring and targeted awareness programs
D0341,AND_Dist_17,Andhra Pradesh,0.6126,110.39,0.5823,0.7362,0.5319,0.272,0.351,0.4517,1.674,0.3472,18.36,498686,353576,0.709,145110,348775,274943,0.7883,73832,0.2513,Moderate,Low,0.291,0.2117,0.2772,0.5028,0.2043,4.713,0.703536,0.7102200000000001,2893388,1789308,-0.030149874841714275,0.033367334881317934,-0.5311095556780462,False,0.5519749703307602,False,False,3,Medium Coverage,-1.0275323927737257,1.4954462965017905,Maintain monitoring and targeted awareness programs
D0342,AND_Dist_18,Andhra Pradesh,0.5278,63.67,0.5535,0.7443,0.6695,0.3564,0.4253,0.403,1.875,0.2745,18.77,256585,168382,0.6562,88203,243709,185453,0.761,58256,0.2914,Moderate,Low,0.3438,0.239,0.2919,0.4624,0.0748,4.1693,0.703536,0.7102200000000001,2893388,1789308,-0.07359492990308591,0.014129405748399826,-1.2964223143934224,False,0.23373393009954113,False,False,1,Low Coverage,0.3665729416845908,-0.8557033056487306,Increase enrollment drives and improve local service access
D0343,AND_Dist_19,Andhra Pradesh,0.59,82.79,0.6343,0.7663,0.6631,0.2346,0.3057,0.6685,1.495,0.3394,16.63,553476,368282,0.6654,185194,227752,184856,0.8117,42896,0.2615,Moderate,Low,0.3346,0.1883,0.2707,0.5102,0.1032,4.4283,0.703536,0.7102200000000001,2893388,1789308,-0.07627127412512724,0.07206306243046312,-1.3435678497587018,False,1.1920942109548605,False,False,3,Medium Coverage,-0.4770431984383415,-0.6797621725559221,Maintain monitoring and targeted awareness programs
D0344,AND_Dist_20,Andhra Pradesh,0.5402,21.11,0.6555,0.6957,0.5535,0.2851,0.4343,0.4811,1.894,0.439,12.41,101554,74324,0.7319,27230,82511,52589,0.6374,29922,0.3154,Moderate,Moderate,0.2681,0.3626,0.2751,0.5417,0.1422,3.096,0.703536,0.7102200000000001,2893388,1789308,0.02391566570719106,-0.04985913526690011,0.42128992754209144,False,-0.8247885186988856,False,False,1,Low Coverage,0.72838323179648,0.4757312002728378,Increase enrollment drives and improve local service access
D0345,AND_Dist_21,Andhra Pradesh,0.6082,57.56,0.4946,0.6947,0.497,0.1026,0.2694,0.4575,1.258,0.4434,12.43,263322,192541,0.7312,70781,139562,109506,0.7846,30056,0.2421,Moderate,Low,0.2688,0.2154,0.2106,0.5439,0.1977,4.0701,0.703536,0.7102200000000001,2893388,1789308,-0.00832561965770151,0.07444879675880955,-0.14666117787783556,False,1.2315599231488596,False,False,3,Medium Coverage,-1.494913614852738,0.9171613941047912,Maintain monitoring and targeted awareness programs
D0346,AND_Dist_22,Andhra Pradesh,0.6477,126.22,0.6393,0.6201,0.5063,0.2305,0.3829,0.5086,1.861,0.3568,18.82,641929,436469,0.6799,205460,434926,300590,0.6911,134336,0.3145,Moderate,Moderate,0.3201,0.3088999999999999,0.3515,0.4621,0.1138,4.8459,0.703536,0.7102200000000001,2893388,1789308,-0.022893612289835108,-0.03961206352317603,-0.4032857952133174,False,-0.6552776140419648,False,False,1,Low Coverage,0.7484145899077876,-0.4190924166906182,Increase enrollment drives and improve local service access
D0347,AND_Dist_23,Andhra Pradesh,0.4759,57.08,0.7785,0.7039,0.5971,0.4081,0.2901,0.7058,1.411,0.2401,12.1,402879,246813,0.6126,156066,149027,102839,0.6901,46188,0.3487,Moderate,Moderate,0.3873999999999999,0.3098999999999999,0.2925,0.4256,0.1068,4.0618,0.703536,0.7102200000000001,2893388,1789308,-0.04117226692609499,0.047826930127970235,-0.7252761249647836,False,0.7911710189711065,False,False,1,Low Coverage,1.9760391118677825,-0.5671954994508219,Increase enrollment drives and improve local service access
D0348,AND_Dist_24,Andhra Pradesh,0.7494,18.52,0.6443,0.8618,0.7471,0.3061,0.1387,0.6006,2.24,0.4049,20.84,111257,86475,0.7773,24782,23121,20346,0.88,2775,0.1714,Low,Low,0.2227,0.12,0.1192,0.5877,0.1147,2.9714,0.703536,0.7102200000000001,2893388,1789308,-0.0499058949141995,0.04358786195016129,-0.8791246336092805,False,0.7210467630183897,False,False,0,High Coverage,-3.711936546195284,-1.240042577055246,Maintain current strategy and monitor performance
D0349,AND_Dist_25,Andhra Pradesh,0.5973,144.34,0.6746,0.6231,0.4986,0.22,0.3488,0.6207,1.431,0.2822,18.56,895892,613877,0.6852,282015,453143,289414,0.6387,163729,0.3381,Moderate,Moderate,0.3147999999999999,0.3612999999999999,0.3853,0.4186,0.1245,4.9791,0.703536,0.7102200000000001,2893388,1789308,0.005810741345563919,-0.07161577578772282,0.10235996900119805,False,-1.1846950275255488,False,False,1,Low Coverage,1.4480064508331367,-0.1514391548994071,Increase enrollment drives and improve local service access
D0350,ODI_Dist_01,Odisha,0.4583,72.35,0.6071,0.6536,0.5038,0.2082,0.3495,0.545,1.601,0.1954,14.96,394295,269617,0.6838,124678,227610,152073,0.6681,75537,0.324,Moderate,Moderate,0.3162,0.3319,0.2998,0.3787,0.1498,4.2952,0.67657,0.6537000000000001,3324730,1989545,0.01576989486883118,-0.00881616283531339,0.2777969029996652,False,-0.14584027273307076,False,False,1,Low Coverage,1.4117543113472295,0.3968535439219231,Increase enrollment drives and improve local service access
D0351,ODI_Dist_02,Odisha,0.345,115.57,0.6821,0.6687,0.4806,0.2328,0.3205,0.555,1.48,0.3504,8.12,641384,463081,0.722,178303,333346,200411,0.6012,132935,0.3384,Moderate,Moderate,0.278,0.3988,0.333,0.4777,0.1881,4.7585,0.67657,0.6537000000000001,3324730,1989545,0.05816216175840816,-0.022821604362526005,1.0245641167971924,False,-0.3775235401847155,False,False,1,Low Coverage,1.967116535498291,1.305250101397913,Increase enrollment drives and improve local service access
D0352,ODI_Dist_03,Odisha,0.5227,51.15,0.7449,0.7732,0.6293,0.2639,0.4003,0.5716,1.393,0.3703,14.54,292375,205000,0.7012,87375,184272,138894,0.7537,45378,0.2725,Moderate,Low,0.2987999999999999,0.2462999999999999,0.2724,0.5315,0.1439,3.9541,0.67657,0.6537000000000001,3324730,1989545,-0.01367551034485015,0.048316573467791835,-0.24090296430953997,False,0.799270882773,False,False,1,Low Coverage,0.2099768932832991,0.517647829707343,Increase enrollment drives and improve local service access
D0353,ODI_Dist_04,Odisha,0.3568,35.75,0.5794,0.7273,0.6199,0.2546,0.3364,0.4845,1.591,0.2698,11.42,173183,110911,0.6404,62272,108215,71148,0.6575,37067,0.351,Moderate,Moderate,0.3596,0.3425,0.2737,0.4528,0.1074,3.6041,0.67657,0.6537000000000001,3324730,1989545,-0.05612940057197413,-0.011548884023012573,-0.9887557130751488,False,-0.1910459717158783,False,False,1,Low Coverage,1.6981077449382596,-0.2967855832160094,Increase enrollment drives and improve local service access
D0354,ODI_Dist_05,Odisha,0.3633,19.39,0.8388,0.6659,0.4856,0.1957,0.3191,0.7589,1.861,0.2258,12.92,147122,96713,0.6574,50409,55671,32684,0.5871,22987,0.3778,Moderate,High,0.3426,0.4129,0.2708,0.4018,0.1803,3.015,0.67657,0.6537000000000001,3324730,1989545,0.00828448355639333,-0.0638264572631041,0.14593653883282018,False,-1.055841198569222,False,False,2,Critical Priority,2.5528584982360054,0.9835230502144828,"Immediate outreach, mobile camps, beneficiary verification, and awareness campaigns"
D0355,ODI_Dist_06,Odisha,0.5082,29.82,0.7883,0.6049,0.4399,0.2748,0.3239,0.6106,1.413,0.2932,18.66,182059,120274,0.6606,61785,86928,58694,0.6752,28234,0.3321,Moderate,Moderate,0.3394,0.3248,0.2594,0.4179,0.165,3.4282,0.67657,0.6537000000000001,3324730,1989545,0.0012933324899113696,-0.02286017679479635,0.02278288874014308,False,-0.3781616198285873,False,False,1,Low Coverage,1.2097557797904088,0.2951021344627494,Increase enrollment drives and improve local service access
D0356,ODI_Dist_07,Odisha,0.4422,41.11,0.6003,0.6553,0.5879,0.2628,0.3899,0.5684,1.168,0.2594,16.2,233709,149973,0.6417,83736,144259,107883,0.7478,36376,0.3052,Moderate,Moderate,0.3582999999999999,0.2522,0.2782,0.4178,0.0674,3.7403,0.67657,0.6537000000000001,3324730,1989545,-0.03462608462265104,0.061171076876606056,-0.6099608875775739,False,1.0119149001312377,False,False,1,Low Coverage,1.253008665413331,-1.3228089248178565,Increase enrollment drives and improve local service access
D0357,ODI_Dist_08,Odisha,0.5217,126.11,0.6306,0.7399,0.6122,0.1962,0.3527,0.4933,1.586,0.321,15.11,622077,479318,0.7705,142759,400360,275852,0.689,124508,0.2702,Low,Moderate,0.2295,0.311,0.3011,0.4886,0.1277,4.8451,0.67657,0.6537000000000001,3324730,1989545,0.04880802517144334,-0.02642324609272617,0.8597849476453128,False,-0.43710324873025835,False,False,1,Low Coverage,0.1398245654712056,0.0437573715151875,Increase enrollment drives and improve local service access
D0358,ODI_Dist_09,Odisha,0.5141,74.15,0.8084,0.6951,0.5741,0.1695,0.3167,0.6694,1.718,0.2549,12.77,496404,341918,0.6888,154486,211387,118314,0.5597,93073,0.3758,Moderate,High,0.3112,0.4403,0.3261,0.431,0.121,4.3195,0.67657,0.6537000000000001,3324730,1989545,0.019229446962455432,-0.10194625799559698,0.33873915184596093,False,-1.686433241751116,False,False,2,Critical Priority,2.3296227471060784,-0.1194085017542454,"Immediate outreach, mobile camps, beneficiary verification, and awareness campaigns"
D0359,ODI_Dist_10,Odisha,0.5554,147.41125000000002,0.6601,0.6692,0.5294,0.245,0.4602,0.5617,1.457,0.3331,14.87,932035,689161,0.7394,242874,687317,464595,0.676,222722,0.2923,Moderate,Moderate,0.2606,0.3239999999999999,0.4069,0.4675,0.1398,5.0,0.67657,0.6537000000000001,3324730,1989545,0.059250301943050254,-0.007359320266817404,1.0437324102980547,False,-0.12174063647555025,False,False,1,Low Coverage,1.255931824075325,0.6632639479188062,Increase enrollment drives and improve local service access
D0360,ODI_Dist_11,Odisha,0.3315,22.7,0.7852,0.6241,0.5404,0.2082,0.4483,0.6296,1.549,0.141,4.573749999999999,142928,88112,0.6165,54816,91589,41283,0.4507,50306,0.4664,Moderate,High,0.3834999999999999,0.5493,0.3553,0.3342,0.0837,3.1655,0.67657,0.6537000000000001,3324730,1989545,0.04118699511626678,-0.07977312233427625,0.7255355715646319,False,-1.3196369140750563,False,False,2,Critical Priority,5.410101678791473,-0.3141666372425122,"Immediate outreach, mobile camps, beneficiary verification, and awareness campaigns"
D0361,ODI_Dist_12,Odisha,0.2786,33.46,0.8176,0.4054,0.3487,0.3172,0.4199,0.6676,2.009,0.3478,6.45,223401,127591,0.5711,95810,126451,62688,0.4958,63763,0.4666,High,High,0.4288999999999999,0.5042,0.3647,0.3708,0.0567,3.5398,0.67657,0.6537000000000001,3324730,1989545,0.020806956042489277,-0.0330663080477801,0.3665279951155531,False,-0.546995271530122,False,False,2,Critical Priority,5.742577330277339,-1.6344927951897497,"Immediate outreach, mobile camps, beneficiary verification, and awareness campaigns"
D0362,ODI_Dist_13,Odisha,0.4694,137.04,0.863,0.6532,0.5282,0.3186,0.3819,0.6676,1.263,0.2891,13.54,914926,582224,0.6364,332702,471059,299954,0.6368,171105,0.3634,Moderate,Moderate,0.3636,0.3631999999999999,0.4243,0.4347,0.125,4.9275,0.67657,0.6537000000000001,3324730,1989545,0.000351450552501853,-0.003744445342585223,0.006191028909725307,False,-0.06194201947030612,False,False,2,Critical Priority,2.9913119555233667,0.2016838053426517,"Immediate outreach, mobile camps, beneficiary verification, and awareness campaigns"
D0363,ODI_Dist_14,Odisha,0.4975,15.52,0.6246,0.6644,0.5338,0.392,0.2771,0.5979,1.607,0.2374,17.14,92811,66726,0.719,26085,38715,29029,0.7498,9686,0.2656,Moderate,Moderate,0.281,0.2502,0.201,0.4082,0.1306,2.8046,0.67657,0.6537000000000001,3324730,1989545,0.035416688450512046,0.04667175513402122,0.6238878856136256,False,0.7720616808930083,False,False,1,Low Coverage,-0.1088545138678095,-0.5441286339832694,Increase enrollment drives and improve local service access
D0364,ODI_Dist_15,Odisha,0.5226,22.75,0.5732,0.779,0.6992,0.2164,0.258,0.4382,1.784,0.4381,12.6,99678,64544,0.6475,35134,52814,35063,0.6639,17751,0.3443,Moderate,Moderate,0.3525,0.3360999999999999,0.2324,0.5745,0.0798,3.1676,0.67657,0.6537000000000001,3324730,1989545,-0.11967995457553293,-0.06500722542890014,-2.1082398461634715,True,-1.075373908496501,False,False,1,Low Coverage,0.23177161661037,-1.179949338869017,Increase enrollment drives and improve local service access
D0365,ODI_Dist_16,Odisha,0.4334,12.43,0.7744,0.6596,0.4811,0.3219,0.3379,0.6227,1.487,0.3254,16.55,77378,55642,0.7191,21736,37795,24138,0.6387,13657,0.3211,Moderate,Moderate,0.2809,0.3612999999999999,0.2414,0.4591,0.1785,2.5975,0.67657,0.6537000000000001,3324730,1989545,0.04504074829903193,-0.05460150218669779,0.7934219276883349,False,-0.9032385312385467,False,False,1,Low Coverage,1.0051127000355702,0.7669024193174846,Increase enrollment drives and improve local service access
D0366,ODI_Dist_17,Odisha,0.4081,56.36,0.6973,0.7083,0.6051,0.33,0.3381,0.59,1.59,0.3505,14.23,332529,219005,0.6586,113524,171490,111755,0.6517,59735,0.3449,Moderate,Moderate,0.3414,0.3483,0.2959,0.4936,0.1032,4.0493,0.67657,0.6537000000000001,3324730,1989545,-0.04089684256411186,-0.04014861275318815,-0.7204243465980863,False,-0.6641534126746846,False,False,1,Low Coverage,1.554603844149023,-0.4983826428564024,Increase enrollment drives and improve local service access
D0367,ODI_Dist_18,Odisha,0.6311,46.69,0.687,0.805,0.6707,0.2632,0.2344,0.7318,1.746,0.2417,23.61,341630,253812,0.7429,87818,98479,86661,0.88,11818,0.1885,Moderate,Low,0.2571,0.12,0.1782,0.467,0.1343,3.8647,0.67657,0.6537000000000001,3324730,1989545,-0.023586024675668504,0.06844211929509947,-0.4154830874580225,False,1.1321952113247777,False,False,3,Medium Coverage,-2.277336485965896,-0.5124116470629141,Maintain monitoring and targeted awareness programs
D0368,ODI_Dist_19,Odisha,0.4725,63.52,0.6954,0.6049,0.4976,0.2708,0.2518,0.5935,1.719,0.2573,15.94,376970,247127,0.6556,129843,143940,101412,0.7045,42528,0.3199,Moderate,Moderate,0.3444,0.2955,0.2597,0.3963,0.1073,4.167,0.67657,0.6537000000000001,3324730,1989545,-0.010306263241129487,0.022206672944579564,-0.1815514962978237,False,0.3673511139958741,False,False,1,Low Coverage,1.2365795701118931,-1.0808578201253842,Increase enrollment drives and improve local service access
D0369,ODI_Dist_20,Odisha,0.5683,60.2,0.6622,0.6887,0.5573,0.1887,0.3694,0.505,1.541,0.3442,14.38,303979,221172,0.7276,82807,200144,133089,0.665,67055,0.3037,Moderate,Moderate,0.2724,0.3349999999999999,0.2812,0.482,0.1314,4.1141,0.67657,0.6537000000000001,3324730,1989545,0.027712696836265094,-0.029542451645286016,0.48817708798451315,False,-0.4887023170542546,False,False,1,Low Coverage,0.5987836808434632,0.0194253105000103,Increase enrollment drives and improve local service access
D0370,ODI_Dist_21,Odisha,0.5347,16.79,0.7157,0.6552,0.4895,0.1813,0.2565,0.6353,1.677,0.3877,14.94,106675,80264,0.7524,26411,38772,29045,0.7491,9727,0.2492,Low,Moderate,0.2476,0.2509,0.1884,0.4947,0.1657,2.8786,0.67657,0.6537000000000001,3324730,1989545,0.04800552108963452,0.04449355770845542,0.8456483189343612,False,0.7360291219958608,False,False,3,Medium Coverage,-0.5982329939340395,0.0104059724275794,Maintain monitoring and targeted awareness programs
D0371,ODI_Dist_22,Odisha,0.4412,108.59,0.7472,0.5901,0.4763,0.2852,0.1115,0.6122,1.216,0.374,13.72,664767,422421,0.6354,242346,108980,78275,0.7183,30705,0.3231,Moderate,Moderate,0.3646,0.2816999999999999,0.2518,0.4604,0.1138,4.6967,0.67657,0.6537000000000001,3324730,1989545,-0.03556334057127686,0.050401143519994474,-0.6264712576220347,False,0.8337546225385589,False,False,1,Low Coverage,0.9868399331531345,-1.4370870113253618,Increase enrollment drives and improve local service access
D0372,ODI_Dist_23,Odisha,0.4319,37.5,0.5784,0.5188,0.4455,0.3145,0.356,0.4797,1.328,0.148,14.43,179880,109344,0.6079,70536,120135,67994,0.566,52141,0.4131,Moderate,High,0.3921,0.434,0.3121,0.2963,0.0733,3.6507,0.67657,0.6537000000000001,3324730,1989545,0.0032042026876769603,-0.05758953264399047,0.056444103820504625,False,-0.952667651930351,False,False,2,Critical Priority,3.3489299695775125,-1.3755977712083,"Immediate outreach, mobile camps, beneficiary verification, and awareness campaigns"
D0373,ODI_Dist_24,Odisha,0.4789,147.41125000000002,0.5184,0.5485,0.4331,0.3299,0.2896,0.467,1.275,0.3086,13.81,696846,479295,0.6878,217551,388958,234319,0.6024,154639,0.3549,Moderate,Moderate,0.3122,0.3975999999999999,0.3502,0.4046,0.1154,5.0,0.67657,0.6537000000000001,3324730,1989545,0.03413778027680292,-0.053127136641792694,0.601359090537124,False,-0.8788490233320636,False,False,1,Low Coverage,1.7840525996178398,-0.6470283189449836,Increase enrollment drives and improve local service access
D0374,ODI_Dist_25,Odisha,0.4354,118.4,0.6436,0.6258,0.5086,0.3656,0.4004,0.4908,1.379,0.3421,11.09,581043,397221,0.6836,183822,426670,261324,0.6125,165346,0.3519,Moderate,Moderate,0.3164,0.3874999999999999,0.3748,0.4556,0.1172,4.7825,0.67657,0.6537000000000001,3324730,1989545,0.0329532913947892,-0.020370650749958585,0.580493552383678,False,-0.3369789461261342,False,False,2,Critical Priority,2.36792293744363,-0.0124427239629333,"Immediate outreach, mobile camps, beneficiary verification, and awareness campaigns"
D0375,ODI_Dist_26,Odisha,0.4273,91.74,0.6328,0.6313,0.4666,0.2849,0.2424,0.5239,1.541,0.3399,17.39,480657,303149,0.6307,177508,200169,137316,0.686,62853,0.3416,Moderate,Moderate,0.3692999999999999,0.3139999999999999,0.2878,0.4565,0.1647,4.5298,0.67657,0.6537000000000001,3324730,1989545,-0.0688144119457752,-0.032193382498562184,-1.2122103970456453,False,-0.5325550096439207,False,False,1,Low Coverage,0.9246701459630616,0.2467484600713287,Increase enrollment drives and improve local service access
D0376,ODI_Dist_27,Odisha,0.444,71.56,0.6297,0.7392,0.5595,0.2509,0.3079,0.4895,1.489,0.3944,13.46,350290,257902,0.7363,92388,198273,138185,0.6969,60088,0.2834,Moderate,Moderate,0.2637,0.3031,0.2555,0.5323,0.1797,4.2844,0.67657,0.6537000000000001,3324730,1989545,0.010180608053784512,-0.010831752460425559,0.17933799885896928,False,-0.1791829123978241,False,False,1,Low Coverage,-0.0630066080718265,0.9443360189455308,Increase enrollment drives and improve local service access
D0377,ODI_Dist_28,Odisha,0.2657,22.73,0.712,0.5378,0.4316,0.3437,0.4525,0.5887,1.384,0.3832,10.49,133813,72451,0.5414,61362,92571,53167,0.5743,39404,0.4421,High,High,0.4586,0.4256999999999999,0.3455,0.445,0.1062,3.1667,0.67657,0.6537000000000001,3324730,1989545,-0.07372546764390231,-0.028702684130401446,-1.2987218211704201,False,-0.47481056781020725,False,False,2,Critical Priority,4.258811924139772,-0.2429211418256277,"Immediate outreach, mobile camps, beneficiary verification, and awareness campaigns"
D0378,ODI_Dist_29,Odisha,0.4179,45.9,0.62,0.6542,0.5066,0.2293,0.3981,0.4091,1.416,0.2828,11.79,187774,149733,0.7974,38041,164464,117304,0.7133,47160,0.2447,Low,Moderate,0.2026,0.2866999999999999,0.2451,0.4314,0.1476,3.848,0.67657,0.6537000000000001,3324730,1989545,0.1353221784496761,0.06539902850540869,2.383787741973889,False,1.0818552619602622,False,False,1,Low Coverage,0.510749988888102,0.3010411005711326,Increase enrollment drives and improve local service access
D0379,ODI_Dist_30,Odisha,0.3404,21.64,0.6822,0.6172,0.5053,0.2279,0.4606,0.5632,1.495,0.2311,10.57,121880,76067,0.6241,45813,89700,48439,0.54,41261,0.4179,Moderate,High,0.3759,0.4599999999999999,0.3337,0.3855,0.1119,3.1197,0.67657,0.6537000000000001,3324730,1989545,0.00014147492397165173,-0.07055503851896805,0.0024921723354514678,False,-1.1671479137230074,False,False,2,Critical Priority,3.8003518014699935,0.1010949724963219,"Immediate outreach, mobile camps, beneficiary verification, and awareness campaigns"
D0380,TEL_Dist_01,Telangana,0.6765,55.71,0.6269,0.791,0.5783,0.2759,0.2177,0.4997,2.298,0.4487,20.44,278413,206862,0.743,71551,109142,81019,0.7423,28123,0.2573,Moderate,Moderate,0.257,0.2577,0.2007,0.5856,0.2127,4.038,0.735669696969697,0.7323030303030303,2462237,1235079,-0.060802577168750704,-0.07831819605789503,-1.0710767428952523,False,-1.2955689778405362,False,False,3,Medium Coverage,-2.274618531777532,1.1875194841523786,Maintain monitoring and targeted awareness programs
D0381,TEL_Dist_02,Telangana,0.5344,14.38,0.5778,0.6831,0.5329,0.2691,0.3017,0.4448,1.715,0.4251,11.34,63972,46558,0.7278,17414,39044,25341,0.6491,13703,0.3116,Moderate,Moderate,0.2722,0.3509,0.2253,0.5283,0.1502,2.7331,0.735669696969697,0.7323030303030303,2462237,1235079,0.013122224878691635,-0.03500242190445313,0.23115648278477052,False,-0.579023193220477,False,False,1,Low Coverage,0.1174983876631207,0.1376718664320088,Increase enrollment drives and improve local service access
D0382,TEL_Dist_03,Telangana,0.5079,15.43,0.6073,0.7147,0.5901,0.2546,0.413,0.609,1.609,0.2923,15.79,93971,69794,0.7427,24177,57360,39151,0.6826,18209,0.2874,Moderate,Moderate,0.2573,0.3174,0.2527,0.4613,0.1246,2.7991,0.735669696969697,0.7323030303030303,2462237,1235079,0.0380216768477889,-0.02524862165347741,0.6697764419504801,False,-0.4176721706321535,False,False,1,Low Coverage,0.3843251771259356,0.0259629420396742,Increase enrollment drives and improve local service access
D0383,TEL_Dist_04,Telangana,0.6881,43.99,0.7423,0.8372,0.7128,0.2682,0.327,0.6564,2.097,0.33,16.19,288794,219110,0.7587,69684,129470,94644,0.731,34826,0.2551,Low,Moderate,0.2412999999999999,0.269,0.2342,0.5329,0.1244,3.8064,0.735669696969697,0.7323030303030303,2462237,1235079,0.003227662304920109,-0.018532812741566373,0.05685736015923866,False,-0.3065767403831873,False,False,3,Medium Coverage,-0.8927328551618441,-0.0922702804562851,Maintain monitoring and targeted awareness programs
D0384,TEL_Dist_05,Telangana,0.5759,96.94,0.82,0.6943,0.5782,0.3262,0.3199,0.7351,2.033,0.327,12.32,712580,531997,0.7466,180583,279090,192119,0.6884,86971,0.2825,Moderate,Moderate,0.2533999999999999,0.3116,0.2962,0.4739,0.1161,4.5844,0.735669696969697,0.7323030303030303,2462237,1235079,0.0700783286109149,0.02429108509406175,1.2344751069967002,False,0.40183224167539905,False,False,1,Low Coverage,0.9025144613273686,-0.4500879085462062,Increase enrollment drives and improve local service access
D0385,TEL_Dist_06,Telangana,0.5866,147.41125000000002,0.7845,0.6703,0.5035,0.3348,0.3545,0.6386,1.543,0.4356,17.83,963509,657981,0.6829,305528,481319,378398,0.7862,102921,0.2655,Moderate,Low,0.3171,0.2138,0.3458,0.5295,0.1668,5.0,0.735669696969697,0.7323030303030303,2462237,1235079,-0.020202895276900668,0.06273331022683548,-0.3558870738356528,False,1.037757950234287,False,False,1,Low Coverage,0.1392680441236123,0.6287242732898113,Increase enrollment drives and improve local service access
D0386,TEL_Dist_07,Telangana,0.6647,27.32,0.6557,0.761,0.6015,0.2454,0.2743,0.4853,1.89,0.3768,17.59,132598,95568,0.7207,37030,67445,57446,0.8518,9999,0.2138,Moderate,Low,0.2793,0.1482,0.1832,0.5305,0.1595,3.3436,0.735669696969697,0.7323030303030303,2462237,1235079,-0.03487458440601243,0.09089966075076528,-0.6143383720686356,False,1.5036962863369367,False,False,3,Medium Coverage,-1.914054819924894,0.1018595977957784,Maintain monitoring and targeted awareness programs
D0387,TEL_Dist_08,Telangana,0.5564,29.07,0.7775,0.7876,0.6115,0.2609,0.3625,0.5943,0.961,0.2053,19.55,172749,140513,0.8134,32236,94849,73961,0.7798,20888,0.2034,Low,Low,0.1866,0.2201999999999999,0.2074,0.4382,0.1761,3.4035,0.735669696969697,0.7323030303030303,2462237,1235079,0.1144741787612138,0.049750173008981546,2.016536736474285,False,0.8229860241539168,False,False,3,Medium Coverage,-1.0025514460845777,0.8640569937764349,Maintain monitoring and targeted awareness programs
D0388,TEL_Dist_09,Telangana,0.5059,7.95,0.6845,0.62,0.5056,0.2938,0.3631,0.5867,2.276,0.3122,17.17,46656,31298,0.6708,15358,25983,19175,0.738,6808,0.2956,Moderate,Moderate,0.3292,0.262,0.2344,0.4353,0.1144,2.1917,0.735669696969697,0.7323030303030303,2462237,1235079,-0.016026481577837592,0.029089253457666664,-0.282316843919923,False,0.4812053426307062,False,False,1,Low Coverage,0.7076353660826125,-0.6778464677871914,Increase enrollment drives and improve local service access
D0389,TEL_Dist_10,Telangana,0.5274,19.66,0.7223,0.6844,0.5124,0.4888,0.3252,0.6505,1.183,0.2879,13.06,127913,97165,0.7596,30748,57563,44012,0.7646,13551,0.2379,Low,Low,0.2403999999999999,0.2354,0.2072,0.4465,0.172,3.0282,0.735669696969697,0.7323030303030303,2462237,1235079,0.10683275887871524,0.11514556312348811,1.8819281803908285,False,1.9047810984873748,False,False,3,Medium Coverage,-0.1696342823082137,0.5082741219881148,Maintain monitoring and targeted awareness programs
D0390,TEL_Dist_11,Telangana,0.5551,46.47,0.6419,0.7735,0.693,0.2439,0.3287,0.5969,1.561,0.4617,14.57,277401,174481,0.629,102920,137461,115853,0.8428,21608,0.2641,Moderate,Low,0.371,0.1572,0.2449,0.5864,0.0805,3.8601,0.735669696969697,0.7323030303030303,2462237,1235079,-0.12940335148221083,0.10695962043635121,-2.27952377479982,True,1.7693661638533769,False,False,3,Medium Coverage,-0.5198236723277329,-1.1266242750356623,Maintain monitoring and targeted awareness programs
D0391,TEL_Dist_12,Telangana,0.5924,45.03,0.638,0.7405,0.5539,0.2097,0.1669,0.425,2.003,0.1936,13.06,191395,142006,0.742,49389,67658,52624,0.7778,15034,0.2401,Moderate,Low,0.258,0.2221999999999999,0.1671,0.4124,0.1866,3.8293,0.735669696969697,0.7323030303030303,2462237,1235079,0.034504930946839596,0.08302462368534724,0.6078266871773639,False,1.3734244691240467,False,False,3,Medium Coverage,-1.0289714748392889,0.4394623777528726,Maintain monitoring and targeted awareness programs
D0392,TEL_Dist_13,Telangana,0.6207,67.33,0.6514,0.718,0.5787,0.32,0.4316,0.5056,1.846,0.5323,12.34,340415,255541,0.7507,84874,261563,175754,0.6719,85809,0.2887,Low,Moderate,0.2492999999999999,0.3280999999999999,0.3006,0.6066,0.1393,4.2243,0.735669696969697,0.7323030303030303,2462237,1235079,0.018827140048209845,-0.03147943007700571,0.3316522552139593,False,-0.5207445408693502,False,False,1,Low Coverage,0.0081931461643108,0.4326799194423305,Increase enrollment drives and improve local service access
D0393,TEL_Dist_14,Telangana,0.6462,35.25,0.4579,0.8051,0.6345,0.2515,0.2738,0.4474,1.855,0.4209,20.15,157717,122675,0.7778,35042,86860,59430,0.6842,27430,0.269,Low,Moderate,0.2221999999999999,0.3157999999999999,0.2101,0.5746,0.1706,3.5904,0.735669696969697,0.7323030303030303,2462237,1235079,-0.034511802724723206,-0.13627204050376507,-0.6079477379924063,False,-2.254263212257562,True,False,3,Medium Coverage,-2.1513857443613986,0.6157755733897453,Maintain monitoring and targeted awareness programs
D0394,TEL_Dist_15,Telangana,0.6552,45.2,0.5191,0.7215,0.5663,0.221,0.2904,0.4269,2.265,0.4469,18.97,192947,136228,0.706,56719,118154,91468,0.7741,26686,0.2599,Moderate,Low,0.294,0.2259,0.2183,0.5567,0.1552,3.833,0.735669696969697,0.7323030303030303,2462237,1235079,-0.07859976667552115,-0.01982545886782261,-1.3845857528289782,False,-0.3279601774999577,False,False,3,Medium Coverage,-1.677667916783527,0.0942524450998517,Maintain monitoring and targeted awareness programs
D0395,TEL_Dist_16,Telangana,0.6288,11.33,0.646,0.6396,0.5605,0.2627,0.4379,0.5551,2.359,0.491,18.24,62899,47228,0.7509,15671,44657,32874,0.7362,11783,0.2565,Low,Moderate,0.2491,0.2638,0.2429,0.5504,0.0791,2.512,0.735669696969697,0.7323030303030303,2462237,1235079,0.014549554122108788,-0.015249803704529108,0.25629981104920996,False,-0.2522679733731513,False,False,3,Medium Coverage,-0.4392137729245028,-1.2645180462236445,Maintain monitoring and targeted awareness programs
D0396,TEL_Dist_17,Telangana,0.6194,41.17,0.5744,0.7312,0.5925,0.2552,0.1909,0.4388,2.24,0.2513,16.35,180643,140359,0.777,40284,70726,48559,0.6866,22167,0.2682,Low,Moderate,0.2229999999999999,0.3134,0.1849,0.4433,0.1387,3.7417,0.735669696969697,0.7323030303030303,2462237,1235079,0.03859666006996165,-0.054051064999481424,0.6799051434875013,False,-0.8941329928081162,False,False,3,Medium Coverage,-1.0228648364324675,-0.4876796409444727,Maintain monitoring and targeted awareness programs
D0397,TEL_Dist_18,Telangana,0.5187,52.28,0.7508,0.6875,0.5703,0.3073,0.3486,0.6945,1.27,0.3357,12.39,363142,294546,0.8111,68596,164025,108032,0.6586,55993,0.2651,Low,Moderate,0.1888999999999999,0.3414,0.2513,0.4764,0.1172,3.9756,0.735669696969697,0.7323030303030303,2462237,1235079,0.14152668825899128,0.0028156224695389254,2.4930841972767057,False,0.04657708308452563,False,False,1,Low Coverage,0.5291194127013541,-0.4383305664457319,Increase enrollment drives and improve local service access
D0398,TEL_Dist_19,Telangana,0.6316,36.96,0.5302,0.7335,0.6183,0.1224,0.1869,0.5079,1.617,0.2735,17.42,187691,145360,0.7745,42331,62165,45156,0.7264,17009,0.2496,Low,Moderate,0.2255,0.2735999999999999,0.1753,0.4575,0.1152,3.6365,0.735669696969697,0.7323030303030303,2462237,1235079,0.022903293213557774,-0.028258670646653328,0.4034563309485188,False,-0.4674655302041115,False,False,3,Medium Coverage,-1.482166501765218,-1.0505829219396223,Maintain monitoring and targeted awareness programs
D0399,TEL_Dist_20,Telangana,0.5581,45.22,0.6666,0.7003,0.6099,0.2731,0.3684,0.5763,1.765,0.3276,20.46,260599,192888,0.7402,67711,149931,109862,0.7328,40069,0.2635,Moderate,Moderate,0.2598,0.2672,0.2511,0.4767,0.0904,3.8334,0.735669696969697,0.7323030303030303,2462237,1235079,0.013859274275043632,-0.02512263777138879,0.24414008485489852,False,-0.41558809799568425,False,False,3,Medium Coverage,-0.2235922323029708,-1.0106219469965514,Maintain monitoring and targeted awareness programs
D0400,TEL_Dist_21,Telangana,0.5444,39.36,0.71,0.6615,0.4878,0.2247,0.4049,0.575,1.654,0.4174,15.25,226325,168852,0.7461,57473,143424,104388,0.7278,39036,0.2631,Moderate,Moderate,0.2539,0.2722,0.2582,0.515,0.1737,3.6978,0.735669696969697,0.7323030303030303,2462237,1235079,0.04797516674038971,0.02603267314407498,0.8451136074297552,False,0.430642244501644,False,False,1,Low Coverage,0.0059348987426671,0.7979020374422109,Increase enrollment drives and improve local service access
D0401,TEL_Dist_22,Telangana,0.7621,19.05,0.6247,0.7418,0.6628,0.1986,0.2547,0.4082,1.692,0.4402,20.27,77746,55477,0.7136,22269,43669,34948,0.8003,8721,0.2431,Moderate,Low,0.2864,0.1997,0.1838,0.5608,0.079,2.9982,0.735669696969697,0.7323030303030303,2462237,1235079,-0.06717856200785588,0.004829642702925074,-1.1833938418113408,False,0.07989376128263835,False,False,3,Medium Coverage,-1.97349632796992,-1.7336908598591634,Maintain monitoring and targeted awareness programs
D0402,TEL_Dist_23,Telangana,0.7841,35.18,0.5051,0.8419,0.5982,0.3307,0.2612,0.3503,1.594,0.3992,17.7,123230,105647,0.8573,17583,82675,72754,0.88,9921,0.1313,Low,Low,0.1427,0.12,0.1399,0.5763,0.2437,3.5885,0.735669696969697,0.7323030303030303,2462237,1235079,0.06359277042747558,0.09026962933331417,1.1202278027139576,False,1.4932740702926481,False,False,0,High Coverage,-4.360540985797997,1.85971541325863,Maintain current strategy and monitor performance
D0403,TEL_Dist_24,Telangana,0.4759,92.88,0.6735,0.553,0.3958,0.2797,0.2967,0.5883,1.096,0.3463,15.05,546420,366456,0.6706,179964,247985,156309,0.6303,91676,0.3495,Moderate,Moderate,0.3294,0.3697,0.3174,0.429,0.1572,4.542,0.735669696969697,0.7323030303030303,2462237,1235079,0.023424630569987004,-0.030695189761102082,0.41264002584559323,False,-0.5077713433801581,False,False,1,Low Coverage,1.6693378404666863,0.1230886735132668,Increase enrollment drives and improve local service access
D0404,TEL_Dist_25,Telangana,0.5158,32.89,0.6512,0.5348,0.4067,0.3733,0.2759,0.5299,1.851,0.4042,13.79,174323,119316,0.6845,55007,81693,58552,0.7167,23141,0.2994,Moderate,Moderate,0.3155,0.2833,0.228,0.4564,0.1281,3.5231,0.735669696969697,0.7323030303030303,2462237,1235079,0.02409708941014599,0.05297264944884883,0.42448582347106795,False,0.876293438234634,False,False,1,Low Coverage,0.634736636528978,-0.8704708456596686,Increase enrollment drives and improve local service access
D0405,TEL_Dist_26,Telangana,0.7705,26.2,0.6731,0.8464,0.681,0.199,0.3026,0.5764,1.838,0.4974,22.84,151031,119722,0.7927,31309,71354,62791,0.88,8563,0.1637,Low,Low,0.2073,0.12,0.1693,0.637,0.1654,3.3032,0.735669696969697,0.7323030303030303,2462237,1235079,-0.03550294334090709,0.02826045869121674,-0.6254073213253086,False,0.46749510870735217,False,False,0,High Coverage,-3.692238618185353,0.3123406319673273,Maintain current strategy and monitor performance
D0406,TEL_Dist_27,Telangana,0.5825,71.62,0.6002,0.5723,0.4472,0.2861,0.2827,0.435,1.798,0.5676,19.52,311574,254236,0.816,57338,182232,141515,0.7766,40717,0.2037,Low,Low,0.184,0.2234,0.1983,0.5695,0.1251,4.2852,0.735669696969697,0.7323030303030303,2462237,1235079,0.07623249110151908,0.013447562302927096,1.342884661700077,False,0.2224546200520378,False,False,3,Medium Coverage,-1.818444433272565,-1.1295790579763854,Maintain monitoring and targeted awareness programs
D0407,TEL_Dist_28,Telangana,0.4955,147.41125000000002,0.7012,0.6576,0.5444,0.4204,0.2881,0.5772,1.594,0.3703,13.98,867730,592258,0.6825,275472,389810,298764,0.7664,91046,0.2755,Moderate,Low,0.3175,0.2336,0.3162,0.4852,0.1132,5.0,0.735669696969697,0.7323030303030303,2462237,1235079,-0.0006464113853008602,0.08765894275067221,-0.011386954852939418,False,1.4500871135242073,False,False,1,Low Coverage,0.6470750501425417,-0.6684450891788511,Increase enrollment drives and improve local service access
D0408,TEL_Dist_29,Telangana,0.556,30.1,0.7256,0.7308,0.6426,0.2528,0.2503,0.6464,1.472,0.4075,11.67,194586,132684,0.6819,61902,67822,42341,0.6243,25481,0.3469,Moderate,Moderate,0.3181,0.3757,0.2424,0.5368,0.0882,3.4372,0.735669696969697,0.7323030303030303,2462237,1235079,-0.033391015603674856,-0.059410406009929195,-0.5882043475805288,False,-0.982789222194071,False,False,1,Low Coverage,0.8574622762013564,-1.1559780633846004,Increase enrollment drives and improve local service access
D0409,TEL_Dist_30,Telangana,0.547,25.71,0.5284,0.6518,0.5015,0.4095,0.27,0.4694,1.971,0.3784,17.33,120657,82804,0.6863,37853,62467,42013,0.6726,20454,0.3206,Moderate,Moderate,0.3137,0.3274,0.2283,0.4878,0.1503,3.285,0.735669696969697,0.7323030303030303,2462237,1235079,-0.038309688057437175,-0.06400768844939908,-0.6748499457847108,False,-1.0588391928361913,False,False,1,Low Coverage,-0.1745317100254863,-0.0803605930043061,Increase enrollment drives and improve local service access
D0410,TEL_Dist_31,Telangana,0.5316,31.12,0.6928,0.7333,0.5504,0.338,0.2414,0.7701,1.807,0.4296,17.98,239666,153879,0.6421,85787,67614,44495,0.6581,23119,0.3499,Moderate,Moderate,0.3579,0.3419,0.2479,0.5511,0.1829,3.4695,0.735669696969697,0.7323030303030303,2462237,1235079,-0.1067075346842461,-0.1012219078376283,-1.87972227517201,False,-1.6744507697204256,False,False,1,Low Coverage,0.0595858202160538,0.7598068030632377,Increase enrollment drives and improve local service access
D0411,TEL_Dist_32,Telangana,0.5179,105.18,0.6174,0.6878,0.5746,0.3184,0.4086,0.6198,1.944,0.3525,13.79,651924,472974,0.7255,178950,386820,226731,0.5861,160089,0.3442,Moderate,High,0.2744999999999999,0.4139,0.3709,0.4866,0.1132,4.6651,0.735669696969697,0.7323030303030303,2462237,1235079,0.024813504351213655,-0.10527351012681718,0.43710593625856226,False,-1.7414738946215556,False,False,1,Low Coverage,1.5950950640851886,0.0302858397436959,Increase enrollment drives and improve local service access
D0412,TEL_Dist_33,Telangana,0.525,36.44,0.6354,0.7698,0.6648,0.1405,0.3957,0.5932,1.671,0.3418,14.56,216157,162673,0.7526,53484,129759,96231,0.7416,33528,0.2529,Low,Moderate,0.2473999999999999,0.2583999999999999,0.2483,0.513,0.105,3.6227,0.735669696969697,0.7323030303030303,2462237,1235079,0.017423751248998753,0.021028512319455794,0.30693065336635444,False,0.34786153898453404,False,False,3,Medium Coverage,-0.1983704452966189,-0.3625663348654472,Maintain monitoring and targeted awareness programs
D0413,TAM_Dist_01,Tamil Nadu,0.7094,38.34,0.5914,0.8342,0.6224,0.184,0.4188,0.4504,1.433,0.4874,17.22,172694,137917,0.7986,34777,144527,127183,0.88,17344,0.1607,Low,Low,0.2014,0.12,0.2069,0.6261,0.2118,3.6722,0.8075157894736842,0.8055815789473685,2208692,1054610,0.008901958112359276,0.09846373010603715,0.15681375271125347,False,1.6288239590386644,False,False,0,High Coverage,-3.047672117721926,1.797288713607415,Maintain current strategy and monitor performance
D0414,TAM_Dist_02,Tamil Nadu,0.6512,30.31,0.6744,0.716,0.5017,0.2588,0.3054,0.588,1.774,0.469,18.68,178206,140527,0.7886,37679,83297,56475,0.678,26822,0.2667,Low,Moderate,0.2114,0.3219999999999999,0.2193,0.5678,0.2143,3.4439,0.8075157894736842,0.8055815789473685,2208692,1054610,0.03556831492692358,-0.09069332709378186,0.6265588841149023,False,-1.5002830375840803,False,False,3,Medium Coverage,-1.4058239867534033,1.353445845568525,Maintain monitoring and targeted awareness programs
D0415,TAM_Dist_03,Tamil Nadu,0.6869,96.83,0.6301,0.7438,0.6693,0.3305,0.2515,0.4672,1.74,0.3387,16.73,452399,358280,0.792,94119,219144,167820,0.7658,51324,0.2211,Low,Low,0.2079999999999999,0.2341999999999999,0.2113,0.5007,0.0745,4.5832,0.8075157894736842,0.8055815789473685,2208692,1054610,0.05278911781890849,0.02704297731434302,0.929914470842581,False,0.4473550750705998,False,False,3,Medium Coverage,-1.4129952225890114,-1.7045773844959595,Maintain monitoring and targeted awareness programs
D0416,TAM_Dist_04,Tamil Nadu,0.6704,37.17,0.6423,0.7319,0.5364,0.3135,0.2555,0.5066,2.308,0.2826,11.8,188293,123568,0.6563,64725,85451,63153,0.7391,22298,0.3023,Moderate,Moderate,0.3437,0.2609,0.226,0.4623,0.1955,3.642,0.8075157894736842,0.8055815789473685,2208692,1054610,-0.051168469741205924,0.05251938376306631,-0.9013657062141122,False,0.8687953472318075,False,False,3,Medium Coverage,-0.1930172511842496,1.0461279302327682,Maintain monitoring and targeted awareness programs
D0417,TAM_Dist_05,Tamil Nadu,0.7791,29.57,0.5907,0.8231,0.7121,0.3145,0.2105,0.3898,1.381,0.3926,19.7,115257,91037,0.7899,24220,56008,47885,0.855,8123,0.1776,Low,Low,0.2100999999999999,0.145,0.1447,0.5648,0.111,3.42,0.8075157894736842,0.8055815789473685,2208692,1054610,-0.0013491598299602003,0.05750948985928306,-0.023766323462449463,False,0.9513435541594875,False,False,0,High Coverage,-3.323452458179745,-1.1170948763357953,Maintain current strategy and monitor performance
D0418,TAM_Dist_06,Tamil Nadu,0.7111,19.66,0.4072,0.7503,0.6452,0.1527,0.1662,0.4573,1.529,0.3858,19.02,89910,72571,0.8072,17339,29402,25191,0.8568,4211,0.168,Low,Low,0.1927999999999999,0.1432,0.1241,0.5316,0.1051,3.0282,0.8075157894736842,0.8055815789473685,2208692,1054610,0.007319506593577274,0.05652353934387633,0.12893784518480195,False,0.9350335908847683,False,False,0,High Coverage,-3.5906900094019307,-1.5525148628377163,Maintain current strategy and monitor performance
D0419,TAM_Dist_07,Tamil Nadu,0.9358,53.93,0.5712,0.7361,0.5443,0.1706,0.2306,0.4104,2.158,0.5673,21.06,221326,192874,0.8715,28452,111942,95219,0.8506,16723,0.139,Low,Low,0.1284999999999999,0.1493999999999999,0.1395,0.6348,0.1918,4.0061,0.8075157894736842,0.8055815789473685,2208692,1054610,0.050356100489675315,0.01360480263512931,0.8870552961538294,False,0.2250557486111773,False,False,0,High Coverage,-4.715280732508476,0.2443436092139809,Maintain current strategy and monitor performance
D0420,TAM_Dist_08,Tamil Nadu,0.6437,14.78,0.5963,0.7623,0.602,0.1625,0.3007,0.5182,1.81,0.3407,20.28,76564,58793,0.7679,17771,39993,33688,0.8424,6305,0.1949,Low,Low,0.2320999999999999,0.1575999999999999,0.176,0.5093,0.1603,2.7587,0.8075157894736842,0.8055815789473685,2208692,1054610,-0.0004440812171625508,0.05257989802194163,-0.00782277801093666,False,0.8697963968021769,False,False,3,Medium Coverage,-2.3014788541170623,0.1629392307871864,Maintain monitoring and targeted awareness programs
D0421,TAM_Dist_09,Tamil Nadu,0.5786,91.5,0.5525,0.7291,0.5946,0.2354,0.3352,0.5111,1.451,0.3606,15.35,467636,308707,0.6601,158929,276047,196850,0.7131,79197,0.3134,Moderate,Moderate,0.3399,0.2869,0.3036,0.508,0.1345,4.5272,0.8075157894736842,0.8055815789473685,2208692,1054610,-0.0725555307344018,-0.011471417945560836,-1.278112625429548,False,-0.18976449880366714,False,False,1,Low Coverage,0.1787472311928021,0.1512641673588568,Increase enrollment drives and improve local service access
D0422,TAM_Dist_10,Tamil Nadu,0.7769,50.18,0.6483,0.7592,0.5627,0.1795,0.1936,0.4128,1.612,0.4229,16.97,207117,178790,0.8632,28327,87430,71396,0.8166,16034,0.1601,Low,Low,0.1368,0.1834,0.1366,0.5574,0.1965,3.9353,0.8075157894736842,0.8055815789473685,2208692,1054610,0.0961709240864056,0.05150123611683899,1.6941130611248143,False,0.8519527669412957,False,False,0,High Coverage,-3.4200019323621937,0.4384005965689311,Maintain current strategy and monitor performance
D0423,TAM_Dist_11,Tamil Nadu,0.7158,66.2,0.6766,0.8115,0.6989,0.2412,0.1585,0.5456,2.112,0.3201,20.39,361204,238334,0.6598,122870,94470,75670,0.801,18800,0.2696,Moderate,Low,0.3401999999999999,0.1989999999999999,0.2016,0.5167,0.1126,4.2077,0.8075157894736842,0.8055815789473685,2208692,1054610,-0.1274291347781531,-0.003059059130067321,-2.2447466700188485,True,-0.050604103641382014,False,False,3,Medium Coverage,-1.6064780544458686,-1.0231719719565646,Maintain monitoring and targeted awareness programs
D0424,TAM_Dist_12,Tamil Nadu,0.6742,32.58,0.5808,0.6961,0.6141,0.17,0.3059,0.6175,1.389,0.3089,18.82,201154,169013,0.8402,32141,89694,64918,0.7238,24776,0.218,Low,Moderate,0.1598,0.2762,0.1975,0.4638,0.082,3.5139,0.8075157894736842,0.8055815789473685,2208692,1054610,0.11045899735416831,-0.022824494085178837,1.9458067177177694,False,-0.3775713430608288,False,False,3,Medium Coverage,-1.412836402093308,-1.538632197978466,Maintain monitoring and targeted awareness programs
D0425,TAM_Dist_13,Tamil Nadu,0.8081,106.68,0.5169,0.8976,0.705,0.2094,0.2258,0.4205,2.488,0.3251,19.41,448611,385738,0.8599,62873,216782,190768,0.88,26014,0.1301,Low,Low,0.1401,0.12,0.1488,0.5541,0.1926,4.6792,0.8075157894736842,0.8055815789473685,2208692,1054610,0.02792868351109512,0.047105538157672044,0.49198183302917764,False,0.7792374823905338,False,False,0,High Coverage,-4.390264815597393,0.8339455367835268,Maintain current strategy and monitor performance
D0426,TAM_Dist_14,Tamil Nadu,0.7369,32.54,0.5495,0.7464,0.5566,0.2665,0.2406,0.5817,1.899,0.4197,23.03,189295,169734,0.8967,19561,70466,62010,0.88,8456,0.1117,Low,Low,0.1032999999999999,0.12,0.126,0.5504,0.1898,3.5127,0.8075157894736842,0.8055815789473685,2208692,1054610,0.10151611264235105,0.04907051176558841,1.7882720164725698,False,0.8117428129117997,False,False,0,High Coverage,-4.399990902622314,0.2728690264320318,Maintain current strategy and monitor performance
D0427,TAM_Dist_15,Tamil Nadu,0.7366,15.48,0.4014,0.7837,0.6981,0.2917,0.3679,0.4089,1.542,0.3353,19.32,63287,48377,0.7644,14910,51247,42905,0.8372,8342,0.1992,Low,Low,0.2356,0.1627999999999999,0.1976,0.5147,0.0856,2.8021,0.8075157894736842,0.8055815789473685,2208692,1054610,-0.013959990861226457,0.05243936230031043,-0.24591427269621768,False,0.8674716021773216,False,False,3,Medium Coverage,-2.462652557446993,-1.059449244721699,Maintain monitoring and targeted awareness programs
D0428,TAM_Dist_16,Tamil Nadu,0.8266,21.59,0.6872,0.6872,0.5949,0.1975,0.1807,0.4874,2.292,0.4836,13.94,105232,86368,0.8207,18864,35107,28071,0.7996,7036,0.1898,Low,Low,0.1793,0.2004,0.1386,0.565,0.0923,3.1175,0.8075157894736842,0.8055815789473685,2208692,1054610,0.06763551616612118,0.06683510066261222,1.1914433850088144,False,1.1056113062828052,False,False,3,Medium Coverage,-2.487928415616794,-1.954268180579809,Maintain monitoring and targeted awareness programs
D0429,TAM_Dist_17,Tamil Nadu,0.7408,27.72,0.6417,0.8271,0.6361,0.257,0.289,0.5532,1.786,0.404,23.49,153359,129052,0.8415,24307,72102,52879,0.7334,19223,0.2125,Low,Moderate,0.1584999999999999,0.2665999999999999,0.1859,0.5732,0.191,3.3576,0.8075157894736842,0.8055815789473685,2208692,1054610,0.036267374163017396,-0.1071058487152361,0.6388732649282001,False,-1.7717851268963667,False,False,0,High Coverage,-2.9529538196352982,0.9122373372737688,Maintain current strategy and monitor performance
D0430,TAM_Dist_18,Tamil Nadu,0.6765,130.57,0.5635,0.7076,0.5224,0.3089,0.265,0.4799,1.782,0.4828,16.28,626616,526862,0.8408,99754,311460,244463,0.7849,66997,0.1871,Low,Low,0.1592,0.2150999999999999,0.2087,0.5727,0.1852,4.8795,0.8075157894736842,0.8055815789473685,2208692,1054610,0.08305487568553793,0.031721994600290015,1.463065380993378,False,0.5247571342034458,False,False,3,Medium Coverage,-2.525555708512432,0.5038080589635782,Maintain monitoring and targeted awareness programs
D0431,TAM_Dist_19,Tamil Nadu,0.7172,31.52,0.5145,0.9228,0.769,0.2177,0.1563,0.3234,2.516,0.468,21.53,101924,92445,0.907,9479,44325,31765,0.7166,12560,0.1882,Low,Moderate,0.0929999999999999,0.2834,0.1294,0.6499,0.1538,3.4819,0.8075157894736842,0.8055815789473685,2208692,1054610,0.021030243553775474,-0.16983216785337563,0.37046134911885065,False,-2.8094274279192826,True,False,0,High Coverage,-4.288101078748139,-0.1143339929293226,Maintain current strategy and monitor performance
D0432,TAM_Dist_20,Tamil Nadu,0.8201,53.01,0.6942,0.858,0.6264,0.1443,0.2169,0.6348,1.595,0.457,24.55,336504,286355,0.851,50149,103471,91054,0.88,12417,0.1345,Low,Low,0.149,0.12,0.1393,0.6174,0.2316,3.9892,0.8075157894736842,0.8055815789473685,2208692,1054610,0.01825970850698022,0.010679500745950032,0.3216565814235334,False,0.17666430742378836,False,False,0,High Coverage,-4.692615018829204,1.3524390310995114,Maintain current strategy and monitor performance
D0433,TAM_Dist_21,Tamil Nadu,0.6464,32.47,0.5738,0.7393,0.6505,0.3053,0.2557,0.5039,1.871,0.5321,18.21,163596,116443,0.7118,47153,74717,58239,0.7795,16478,0.2544,Moderate,Low,0.2882,0.2205,0.1992,0.615,0.0888,3.5106,0.8075157894736842,0.8055815789473685,2208692,1054610,-0.08005885748724662,-0.009477385727980292,-1.4102885816724553,False,-0.15677846986089705,False,False,3,Medium Coverage,-1.7614613696803278,-1.4386006809034513,Maintain monitoring and targeted awareness programs
D0434,TAM_Dist_22,Tamil Nadu,0.6918,147.41125000000002,0.7659,0.6939,0.4961,0.1704,0.4253,0.6521,2.145,0.3169,20.01,1136623,933015,0.8209,203608,667148,508885,0.7628,158263,0.2082,Low,Low,0.1791,0.2371999999999999,0.3289,0.4677,0.1978,5.0,0.8075157894736842,0.8055815789473685,2208692,1054610,0.10908905475978514,0.012613367583239388,1.9216742924116434,False,0.20865505807659884,False,False,3,Medium Coverage,-0.7520920029219614,1.442512077345697,Maintain monitoring and targeted awareness programs
D0435,TAM_Dist_23,Tamil Nadu,0.6785,117.63,0.7074,0.591,0.4503,0.3561,0.2514,0.6364,1.552,0.421,19.53,748619,509021,0.6799,239598,266172,219902,0.8262,46270,0.2469,Moderate,Low,0.3201,0.1737999999999999,0.2674,0.489,0.1407,4.776,0.8075157894736842,0.8055815789473685,2208692,1054610,-0.01821489337963944,0.09389370760157545,-0.32086713395584,False,1.5532249324671716,False,False,3,Medium Coverage,-0.7687875126207124,-0.6643326376625062,Maintain monitoring and targeted awareness programs
D0436,TAM_Dist_24,Tamil Nadu,0.7689,82.44,0.7105,0.7765,0.6861,0.1914,0.3143,0.5774,1.965,0.357,25.68,476009,410159,0.8617,65850,233225,205238,0.88,27987,0.1292,Low,Low,0.1382999999999999,0.12,0.1766,0.5248,0.0904,4.4241,0.8075157894736842,0.8055815789473685,2208692,1054610,0.07332705770274928,0.0375378764806229,1.2917035722404078,False,0.6209656339162363,False,False,0,High Coverage,-3.276765853818395,-1.456876431351391,Maintain current strategy and monitor performance
D0437,TAM_Dist_25,Tamil Nadu,0.6891,44.9,0.5953,0.6069,0.4642,0.2238,0.4339,0.5182,1.697,0.4042,15.03,232669,183275,0.7877,49394,175320,136545,0.7788,38775,0.2167,Low,Low,0.2123,0.2211999999999999,0.2456,0.4853,0.1427,3.8265,0.8075157894736842,0.8055815789473685,2208692,1054610,0.09891875892463642,0.08619338162388102,1.7425179499566954,False,1.4258432516048696,False,False,3,Medium Coverage,-0.8002196666641315,-0.0114107975728085,Maintain monitoring and targeted awareness programs
D0438,TAM_Dist_26,Tamil Nadu,0.8491,147.41125000000002,0.5809,0.8988,0.6767,0.1897,0.1478,0.5147,2.286,0.4927,18.96,1029376,881892,0.8567,147484,265974,234057,0.88,31917,0.1316,Low,Low,0.1432999999999999,0.12,0.1555,0.6551,0.2221,5.0,0.8075157894736842,0.8055815789473685,2208692,1054610,-0.0028811686912555423,0.029967092752838265,-0.05075365093523281,False,0.4957268895457132,False,False,0,High Coverage,-4.990562484787972,1.165237392600602,Maintain current strategy and monitor performance
D0439,TAM_Dist_27,Tamil Nadu,0.7929,116.07,0.3458,0.7732,0.5899,0.3262,0.3746,0.3334,1.623,0.5687,23.89,386969,292524,0.7559,94445,391371,339523,0.8675,51848,0.1883,Low,Low,0.2440999999999999,0.1324999999999999,0.2354,0.6505,0.1833,4.7628,0.8075157894736842,0.8055815789473685,2208692,1054610,-0.08595840974825464,-0.0007261430281099157,-1.5142130124202025,False,-0.01201213036143525,False,False,0,High Coverage,-3.9227733106346983,0.9232308858738484,Maintain current strategy and monitor performance
D0440,TAM_Dist_28,Tamil Nadu,0.7215,32.16,0.5755,0.6775,0.5758,0.3029,0.262,0.4246,1.439,0.4208,15.12,136544,111555,0.817,24989,75825,62132,0.8194,13693,0.1818,Low,Low,0.183,0.1805999999999999,0.1639,0.5235,0.1017,3.5013,0.8075157894736842,0.8055815789473685,2208692,1054610,0.09030534583669125,0.10166788770390212,1.59078710457099,False,1.681828335963232,False,False,3,Medium Coverage,-2.218643105635378,-1.4345805016012838,Maintain monitoring and targeted awareness programs
D0441,TAM_Dist_29,Tamil Nadu,0.5916,18.7,0.8427,0.7962,0.6465,0.2645,0.3495,0.4686,1.547,0.4561,17.2,87618,65207,0.7442,22411,58805,46365,0.7885,12440,0.2337,Moderate,Low,0.2558,0.2115,0.2097,0.5921,0.1497,2.9806,0.8075157894736842,0.8055815789473685,2208692,1054610,-0.0022332472668735726,0.03946861223952147,-0.039340095767122364,False,0.6529045890957791,False,False,3,Medium Coverage,-1.0438605168406694,0.26055339678683,Maintain monitoring and targeted awareness programs
D0442,TAM_Dist_30,Tamil Nadu,0.7345,50.5,0.5468,0.7133,0.5573,0.1882,0.1547,0.4299,1.851,0.5184,14.45,217113,177864,0.8192,39249,70327,50459,0.7175,19868,0.2316,Low,Moderate,0.1807999999999999,0.2825,0.1583,0.5964,0.156,3.9416,0.8075157894736842,0.8055815789473685,2208692,1054610,0.038930816918056554,-0.038539508540919476,0.6857915326035442,False,-0.6375350071896269,False,False,0,High Coverage,-2.5667496856218084,-0.468005242914716,Maintain current strategy and monitor performance
D0443,TAM_Dist_31,Tamil Nadu,0.8669,10.15,0.5146,0.8715,0.7661,0.1678,0.156,0.4356,2.078,0.4787,23.98,44236,40697,0.92,3539,14255,12544,0.88,1711,0.1,Low,Low,0.0799999999999999,0.12,0.0885,0.6358,0.1054,2.4114,0.8075157894736842,0.8055815789473685,2208692,1054610,0.04201953323091556,-0.015471003320481014,0.7402012691994375,False,-0.2559271403964266,False,False,0,High Coverage,-5.660758354230159,-1.5713374625112155,Maintain current strategy and monitor performance
D0444,TAM_Dist_32,Tamil Nadu,0.7599,66.39,0.6864,0.8431,0.7428,0.2175,0.3146,0.511,2.059,0.448,18.92,339245,287595,0.8478,51650,187975,155190,0.8256,32785,0.1633,Low,Low,0.1522,0.1744,0.1872,0.606,0.1003,4.2105,0.8075157894736842,0.8055815789473685,2208692,1054610,0.04432162289180508,0.022064231321084815,0.7807540682854719,False,0.36499479122745165,False,False,0,High Coverage,-2.920845373445934,-0.9249153891979996,Maintain current strategy and monitor performance
D0445,TAM_Dist_33,Tamil Nadu,0.7745,16.33,0.5442,0.6842,0.514,0.3544,0.2146,0.3902,1.24,0.4882,17.17,63709,52007,0.8163,11702,31532,26290,0.8338,5242,0.1749,Low,Low,0.1836999999999999,0.1662,0.1399,0.5666,0.1702,2.8524,0.8075157894736842,0.8055815789473685,2208692,1054610,0.06666972469242283,0.0829739268676023,1.1744303432245249,False,1.3725858233475656,False,False,0,High Coverage,-3.284318260607447,-0.2283281707732379,Maintain current strategy and monitor performance
D0446,TAM_Dist_34,Tamil Nadu,0.7255,62.39,0.5657,0.7535,0.5417,0.2913,0.2095,0.5797,1.918,0.467,16.53,361702,289708,0.801,71994,117664,83593,0.7104,34071,0.2443,Low,Moderate,0.1989999999999999,0.2895999999999999,0.1952,0.5816,0.2118,4.1493,0.8075157894736842,0.8055815789473685,2208692,1054610,0.02254627402622278,-0.06117345364292592,0.3971672069322713,False,-1.0119542174919283,False,False,3,Medium Coverage,-2.397229679892281,1.0650384332062135,Maintain monitoring and targeted awareness programs
D0447,TAM_Dist_35,Tamil Nadu,0.5885,21.59,0.6133,0.7368,0.5314,0.2759,0.133,0.5195,1.62,0.2777,17.79,112137,71864,0.6409,40273,25849,18704,0.7236,7145,0.3178,Moderate,Moderate,0.3591,0.2764,0.1825,0.4613,0.2054,3.1175,0.8075157894736842,0.8055815789473685,2208692,1054610,-0.09650007949931039,-0.026445838016243783,-1.6999113467243092,False,-0.43747697280374853,False,False,3,Medium Coverage,-0.8164974506343823,0.7832240151115231,Maintain monitoring and targeted awareness programs
D0448,TAM_Dist_36,Tamil Nadu,0.8073,58.42,0.415,0.7727,0.5969,0.2469,0.2772,0.3305,1.987,0.4708,16.28,193070,177624,0.92,15446,145747,119492,0.8199,26255,0.1301,Low,Low,0.0799999999999999,0.1801,0.1488,0.5916,0.1758,4.0846,0.8075157894736842,0.8055815789473685,2208692,1054610,0.11810392634247802,0.034600357059984876,2.080477088970873,False,0.5723720857404274,False,False,0,High Coverage,-4.240387190679282,0.3264382378161378,Maintain current strategy and monitor performance
D0449,TAM_Dist_37,Tamil Nadu,0.7858,84.43,0.5996,0.7534,0.5598,0.1409,0.3036,0.5288,1.596,0.3007,20.87,446466,396163,0.8873,50303,230697,185635,0.8047,45062,0.154,Low,Low,0.1127,0.1953,0.1838,0.4818,0.1936,4.4477,0.8075157894736842,0.8055815789473685,2208692,1054610,0.1319428546779774,0.01963009206783417,2.3242587669350083,False,0.32472834660807565,False,False,0,High Coverage,-3.098987141988135,0.7846613489056206,Maintain current strategy and monitor performance
D0450,TAM_Dist_38,Tamil Nadu,0.95,147.41125000000002,0.4911,0.7341,0.583,0.0886,0.1472,0.4272,2.193,0.5483,23.23,854467,786109,0.92,68358,264983,233185,0.88,31798,0.1,Low,Low,0.0799999999999999,0.12,0.1168,0.6226,0.1511,5.0,0.8075157894736842,0.8055815789473685,2208692,1054610,0.07030076410795694,0.007037873592841026,1.2383934522177384,False,0.116423145013192,False,False,0,High Coverage,-5.64733276117722,-0.978574059139762,Maintain current strategy and monitor performance
D0451,KER_Dist_01,Kerala,0.9236,18.71,0.4939,0.8513,0.688,0.3388,0.1706,0.5032,1.484,0.5109,24.46,94146,85940,0.9128,8206,28723,25276,0.88,3447,0.1036,Low,Low,0.0872,0.12,0.0964,0.6471,0.1633,2.9811,0.8535642857142857,0.8689642857142857,594628,241368,0.05503880050832122,-0.0029060191309204786,0.9695440872128801,False,-0.04807245856726959,False,False,0,High Coverage,-5.982996833021756,-0.3656148728144989,Maintain current strategy and monitor performance
D0452,KER_Dist_02,Kerala,0.8375,18.52,0.4812,0.8425,0.603,0.2426,0.1498,0.4569,2.109,0.3064,20.95,84624,71397,0.8437,13227,24971,21974,0.88,2997,0.1381,Low,Low,0.1563,0.12,0.1055,0.5208,0.2395,2.9714,0.8535642857142857,0.8689642857142857,594628,241368,0.02755078340729522,0.04686058250618985,0.48532487815711267,False,0.7751853341161741,False,False,0,High Coverage,-4.838454938514087,1.350437632126612,Maintain current strategy and monitor performance
D0453,KER_Dist_03,Kerala,0.8108,85.07,0.5185,0.8867,0.7359,0.1112,0.2508,0.4611,2.216,0.3414,26.53,392240,296359,0.7556,95881,192000,164077,0.8546,27923,0.1949,Low,Low,0.2443999999999999,0.1453999999999999,0.1936,0.5595,0.1508,4.4552,0.8535642857142857,0.8689642857142857,594628,241368,-0.10620697980807015,-0.05013073675085222,-1.8709046771131859,False,-0.8292814523293233,False,False,0,High Coverage,-3.768863834670688,0.080226168773803,Maintain current strategy and monitor performance
D0454,KER_Dist_04,Kerala,0.95,25.48,0.401,0.8112,0.6403,0.3381,0.4042,0.3027,1.927,0.578,22.3,77114,70944,0.92,6170,92681,81559,0.88,11122,0.1,Low,Low,0.0799999999999999,0.12,0.1669,0.6713,0.1709,3.2764,0.8535642857142857,0.8689642857142857,594628,241368,0.07388993874830418,0.0197558522674669,1.3016190861048438,False,0.326808719005452,False,False,0,High Coverage,-5.40029482776594,0.5605197807553294,Maintain current strategy and monitor performance
D0455,KER_Dist_05,Kerala,0.949,19.76,0.4073,0.8183,0.6496,0.0818,0.257,0.3279,1.846,0.4718,26.86,64795,53829,0.8308,10966,45699,40215,0.88,5484,0.1446,Low,Low,0.1692,0.12,0.1403,0.6104,0.1687,3.033,0.8535642857142857,0.8689642857142857,594628,241368,-0.04188091118524584,-0.03426430638402478,-0.7377593521618129,False,-0.5668130094003282,False,False,0,High Coverage,-5.36657265325977,0.0606898988714596,Maintain current strategy and monitor performance
D0456,KER_Dist_06,Kerala,0.8873,142.67,0.4795,0.8623,0.6256,0.152,0.2239,0.4221,1.858,0.4548,19.81,602219,481091,0.7989,121128,287494,252994,0.88,34500,0.1606,Low,Low,0.2010999999999999,0.12,0.1822,0.6178,0.2367,4.9675,0.8535642857142857,0.8689642857142857,594628,241368,-0.043575112603556176,0.03765854713004235,-0.7676038064831385,False,0.6229618130647971,False,False,0,High Coverage,-4.590917062937429,1.7137714762319252,Maintain current strategy and monitor performance
D0457,KER_Dist_07,Kerala,0.8346,44.84,0.3656,0.8449,0.6367,0.3223,0.1049,0.33,1.907,0.5443,16.62,147958,133259,0.9007,14699,42323,35458,0.8378,6865,0.1308,Low,Low,0.0993,0.1622,0.0908,0.6645,0.2082,3.8252,0.8535642857142857,0.8689642857142857,594628,241368,0.0440489284743506,0.009888189876632425,0.7759503796582262,False,0.16357414618772256,False,False,0,High Coverage,-5.634317091295896,0.5409401378457326,Maintain current strategy and monitor performance
D0458,KER_Dist_08,Kerala,0.7888,46.44,0.662,0.7181,0.5961,0.205,0.2375,0.6384,2.311,0.345,13.21,296483,237220,0.8001,59263,99270,84893,0.8552,14377,0.1724,Low,Low,0.1998999999999999,0.1448,0.1642,0.4942,0.122,3.8595,0.8535642857142857,0.8689642857142857,594628,241368,0.07035034982503596,0.14404442374376358,1.2392669367115898,False,2.382836891382296,False,False,3,Medium Coverage,-2.183404221125617,-0.980270242099301,Maintain monitoring and targeted awareness programs
D0459,KER_Dist_09,Kerala,0.8285,45.56,0.5459,0.7995,0.6242,0.05,0.2267,0.5881,2.184,0.4179,21.85,267940,203769,0.7605,64171,92944,76509,0.8232,16435,0.2082,Low,Low,0.2395,0.1767999999999999,0.1776,0.5705,0.1753,3.8407,0.8535642857142857,0.8689642857142857,594628,241368,-0.06769957331732268,-0.024291831129125696,-1.1925717931801831,False,-0.4018445828679358,False,False,0,High Coverage,-3.3855118582389583,0.2988029055332282,Maintain current strategy and monitor performance
D0460,KER_Dist_10,Kerala,0.95,13.11,0.4856,0.8901,0.7421,0.2415,0.2215,0.4241,2.25,0.6152,21.42,55579,51132,0.92,4447,26131,22995,0.88,3136,0.1,Low,Low,0.0799999999999999,0.12,0.1089,0.7252,0.148,2.6469,0.8535642857142857,0.8689642857142857,594628,241368,0.024631957983170305,-0.010748430008335585,0.4339078795046752,False,-0.17780456113950927,False,False,0,High Coverage,-6.0876795602556975,-0.4043865309091829,Maintain current strategy and monitor performance
D0461,KER_Dist_11,Kerala,0.95,27.21,0.4402,0.9017,0.7731,0.1518,0.4013,0.3366,2.309,0.5165,27.14375,91576,84249,0.92,7327,98266,86474,0.88,11792,0.1,Low,Low,0.0799999999999999,0.12,0.1666,0.6706,0.1286,3.3397,0.8535642857142857,0.8689642857142857,594628,241368,0.019463840716780756,-0.05601109727883247,0.3428681495073741,False,-0.926556582018668,False,False,0,High Coverage,-5.648900576660179,-0.1476040820764079,Maintain current strategy and monitor performance
D0462,KER_Dist_12,Kerala,0.95,32.92,0.4895,0.92,0.6659,0.1933,0.2094,0.308,2.475,0.5276,27.14375,101387,84902,0.8374,16485,62051,54604,0.88,7447,0.1413,Low,Low,0.1625999999999999,0.12,0.1271,0.6846,0.2541,3.524,0.8535642857142857,0.8689642857142857,594628,241368,-0.0781051578598353,-0.07261045147036949,-1.3758728984734534,False,-1.2011493257897277,False,False,0,High Coverage,-6.162909994887532,1.9211960720733905,Maintain current strategy and monitor performance
D0463,KER_Dist_13,Kerala,0.9109,147.41125000000002,0.4738,0.8614,0.7459,0.27,0.3244,0.411,1.874,0.5279,21.44,822005,681750,0.8294,140255,583890,513823,0.88,70067,0.1453,Low,Low,0.1705999999999999,0.12,0.224,0.6613,0.1155,5.0,0.8535642857142857,0.8689642857142857,594628,241368,-0.02417762275199664,0.02264520349593757,-0.42590447040265955,False,0.37460545087762004,False,False,0,High Coverage,-4.341841681422388,-0.5209099147420686,Maintain current strategy and monitor performance
D0464,KER_Dist_14,Kerala,0.95,92.17,0.5657,0.9312,0.7755,0.2632,0.2481,0.4394,2.225,0.5512,17.54,405034,372631,0.92,32403,205781,180005,0.8747,25776,0.1026,Low,Low,0.0799999999999999,0.1252999999999999,0.1344,0.7032,0.1557,4.5344,0.8535642857142857,0.8689642857142857,594628,241368,0.053362688794387436,0.03366270515013425,0.9400182947402091,False,0.5568610961165463,False,False,0,High Coverage,-5.409650507753881,0.055440491257611,Maintain current strategy and monitor performance
D0465,JHA_Dist_01,Jharkhand,0.5123,48.84,0.6899,0.7179,0.599,0.3072,0.2786,0.5139,2.097,0.3371,20.48,250965,181004,0.7212,69961,122477,96744,0.7899,25733,0.2444,Moderate,Low,0.2788,0.2100999999999999,0.2126,0.4894,0.1189,3.9088,0.630475,0.6653041666666667,3257292,1369960,-0.02096904065380578,0.017623714331673535,-0.36938322043157734,False,0.29153809346591397,False,False,3,Medium Coverage,-0.809640072778241,-0.7431341750107937,Maintain monitoring and targeted awareness programs
D0466,JHA_Dist_02,Jharkhand,0.4551,17.05,0.7153,0.5814,0.5121,0.1951,0.4054,0.5228,1.132,0.3855,12.21,89142,54438,0.6107,34704,62216,37796,0.6075,24420,0.3909,Moderate,Moderate,0.3893,0.3924999999999999,0.2973,0.4639,0.0693,2.8931,0.630475,0.6653041666666667,3257292,1369960,-0.03678605654629874,-0.029536824120956928,-0.6480101907560237,False,-0.488609224435811,False,False,2,Critical Priority,2.7633064512959704,-1.2894833207669465,"Immediate outreach, mobile camps, beneficiary verification, and awareness campaigns"
D0467,JHA_Dist_03,Jharkhand,0.3629,44.33,0.6973,0.6635,0.507,0.1846,0.3107,0.5795,1.412,0.3403,18.13,256914,171679,0.6682,85235,123951,84393,0.6809,39558,0.3254,Moderate,Moderate,0.3318,0.3191,0.2641,0.4696,0.1565,3.814,0.630475,0.6653041666666667,3257292,1369960,-0.03601602380553126,-0.04525791838748072,-0.6344455657301045,False,-0.7486734630752372,False,False,1,Low Coverage,0.9812836438224074,0.2915557087724954,Increase enrollment drives and improve local service access
D0468,JHA_Dist_04,Jharkhand,0.4524,8.62,0.6856,0.6455,0.5297,0.3983,0.4548,0.5909,1.027,0.2813,12.29,50922,29240,0.5742,21682,35268,21943,0.6222,13325,0.4018,High,Moderate,0.4257999999999999,0.3778,0.3086,0.427,0.1158,2.2638,0.630475,0.6653041666666667,3257292,1369960,-0.05842612582439899,-0.004324313114903555,-1.029214014634706,False,-0.07153440967946759,False,False,2,Critical Priority,2.897752345304273,0.0905787103621301,"Immediate outreach, mobile camps, beneficiary verification, and awareness campaigns"
D0469,JHA_Dist_05,Jharkhand,0.4202,79.22,0.5888,0.5856,0.4474,0.2918,0.429,0.5112,1.649,0.2391,16.31,404988,249428,0.6159,155560,305887,239703,0.7836,66184,0.3002,Moderate,Low,0.3841,0.2164,0.3211,0.3777,0.1382,4.3848,0.630475,0.6653041666666667,3257292,1369960,-0.03459403365794933,0.10971244539044789,-0.6093962890937946,False,1.8149044268812384,False,False,1,Low Coverage,1.5472963503804067,0.189810057078576,Increase enrollment drives and improve local service access
D0470,JHA_Dist_06,Jharkhand,0.3516,29.53,0.8306,0.6148,0.4919,0.3369,0.5195,0.6457,1.633,0.1641,14.6,190666,117513,0.6163,73153,138060,98598,0.7142,39462,0.3347,Moderate,Moderate,0.3837,0.2858,0.3265,0.3444,0.1229,3.4187,0.630475,0.6653041666666667,3257292,1369960,0.016686170450545323,0.0907517024147807,0.29393769030433314,False,1.5012487040410836,False,False,2,Critical Priority,3.211956047827651,0.2866101436712869,"Immediate outreach, mobile camps, beneficiary verification, and awareness campaigns"
D0471,JHA_Dist_07,Jharkhand,0.386,73.87,0.9263,0.6852,0.5823,0.334,0.323,0.8296,1.367,0.4362,15.2,612815,364330,0.5945,248485,214729,125585,0.5849,89144,0.4103,High,High,0.4054999999999999,0.4151,0.3712,0.5358,0.1029,4.3158,0.630475,0.6653041666666667,3257292,1369960,-0.08834351242510607,-0.10152033921834969,-1.556228139501111,False,-1.679387533567627,False,False,2,Critical Priority,2.976857911698382,-0.4580280328069603,"Immediate outreach, mobile camps, beneficiary verification, and awareness campaigns"
D0472,JHA_Dist_08,Jharkhand,0.3527,13.56,0.7796,0.6408,0.5355,0.307,0.3067,0.6087,1.06,0.3782,16.06,82533,57975,0.7025,24558,37422,24647,0.6586,12775,0.3195,Moderate,Moderate,0.2975,0.3414,0.232,0.4832,0.1053,2.6783,0.630475,0.6653041666666667,3257292,1369960,0.028007449886668034,-0.026982975299338907,0.49336935370554835,False,-0.4463624992311574,False,False,1,Low Coverage,1.282811846149934,-0.9369588292053732,Increase enrollment drives and improve local service access
D0473,JHA_Dist_09,Jharkhand,0.4777,43.2,0.6752,0.673,0.503,0.255,0.3481,0.5673,1.748,0.2614,15.46,245073,168632,0.6881,76441,135330,94827,0.7007,40503,0.3056,Moderate,Moderate,0.3118999999999999,0.2993,0.2648,0.426,0.17,3.7887,0.630475,0.6653041666666667,3257292,1369960,0.007065787466614903,0.009450704372680585,0.1244684185787099,False,0.1563370968721867,False,False,1,Low Coverage,0.8400890332012992,0.7219347653375742,Increase enrollment drives and improve local service access
D0474,JHA_Dist_10,Jharkhand,0.4363,16.63,0.829,0.639,0.4653,0.4625,0.3285,0.6544,1.524,0.3126,14.78,108847,66053,0.6068,42794,49170,35620,0.7244,13550,0.3344,Moderate,Moderate,0.3932,0.2755999999999999,0.2507,0.4432,0.1737,2.8696,0.630475,0.6653041666666667,3257292,1369960,-0.03704655197679829,0.06633800342865359,-0.6525989863339495,False,1.097388137367999,False,False,1,Low Coverage,1.578689715492035,0.6158524307905114,Increase enrollment drives and improve local service access
D0475,JHA_Dist_11,Jharkhand,0.567,12.88,0.6943,0.6535,0.497,0.2141,0.2622,0.6219,1.766,0.2884,14.98,80096,52972,0.6614,27124,30399,23307,0.7667,7092,0.286,Moderate,Low,0.3386,0.2332999999999999,0.2042,0.4344,0.1565,2.6304,0.630475,0.6653041666666667,3257292,1369960,-0.02482952654455639,0.07499277689746087,-0.43738817756325915,False,1.240558646659765,False,False,1,Low Coverage,0.0858436151895211,-0.067736320544569,Increase enrollment drives and improve local service access
D0476,JHA_Dist_12,Jharkhand,0.417,51.94,0.6878,0.5637,0.475,0.2334,0.3179,0.6895,0.989,0.3697,11.7,358114,262047,0.7317,96067,148608,92398,0.6218,56210,0.3232,Moderate,Moderate,0.2683,0.3782,0.2743,0.4473,0.0887,3.9692,0.630475,0.6653041666666667,3257292,1369960,0.09022683304077173,-0.007350775191747316,1.5894040508643081,False,-0.12159928063832007,False,False,1,Low Coverage,1.7714764492933075,-1.30146139602426,Increase enrollment drives and improve local service access
D0477,JHA_Dist_13,Jharkhand,0.3158,112.17,0.8267,0.5233,0.4602,0.2626,0.2525,0.7838,1.23,0.0439,17.94,879209,475701,0.5411,403508,254945,137768,0.5404,117177,0.4593,High,High,0.4589,0.4596,0.4293,0.2357,0.0631,4.7289,0.630475,0.6653041666666667,3257292,1369960,-0.04078475414852378,-0.09275830870627111,-0.718449836623762,False,-1.5344427380319028,False,False,2,Critical Priority,5.069675098819485,-1.6363252051585622,"Immediate outreach, mobile camps, beneficiary verification, and awareness campaigns"
D0478,JHA_Dist_14,Jharkhand,0.4832,45.4,0.6417,0.7194,0.5415,0.2344,0.344,0.5769,1.249,0.3682,9.97,261905,182074,0.6952,79831,140567,98680,0.702,41887,0.3014,Moderate,Moderate,0.3047999999999999,0.298,0.2635,0.5087,0.1779,3.8373,0.630475,0.6653041666666667,3257292,1369960,0.0035649182706565252,0.04620199654855117,0.06279834223801257,False,0.7642907581567493,False,False,1,Low Coverage,0.5916050712726467,1.039402278037879,Increase enrollment drives and improve local service access
D0479,JHA_Dist_15,Jharkhand,0.2799,147.41125000000002,0.8784,0.484,0.3825,0.2652,0.3306,0.6121,1.101,0.2757,7.78,1224136,631155,0.5156,592981,595059,367948,0.6183,227111,0.433,High,Moderate,0.4844,0.3817,0.5399,0.359,0.1015,5.0,0.630475,0.6653041666666667,3257292,1369960,-0.039122272025841176,0.07921362254662234,-0.6891641382208503,False,1.3103814587079767,False,False,2,Critical Priority,5.73052527927914,-0.4577778364976978,"Immediate outreach, mobile camps, beneficiary verification, and awareness campaigns"
D0480,JHA_Dist_16,Jharkhand,0.3956,95.99,0.6534,0.6912,0.5481,0.2835,0.3899,0.6371,1.777,0.3072,9.68,611491,372365,0.6089,239126,336838,225069,0.6682,111769,0.3614,Moderate,Moderate,0.3911,0.3318,0.376,0.4608,0.1431,4.5746,0.630475,0.6653041666666667,3257292,1369960,-0.06196631627616034,0.028342518230196068,-1.0915767603416224,False,0.4688525683832479,False,False,2,Critical Priority,2.484696558186931,0.7236508994789607,"Immediate outreach, mobile camps, beneficiary verification, and awareness campaigns"
D0481,JHA_Dist_17,Jharkhand,0.163,38.55,0.6785,0.5144,0.3741,0.2922,0.3837,0.6483,0.6691250000000002,0.0701,11.18,249947,150493,0.6021,99454,133142,72970,0.5481,60172,0.4249,Moderate,High,0.3979,0.4518999999999999,0.3371,0.2478,0.1403,3.6776,0.630475,0.6653041666666667,3257292,1369960,0.05525807962723328,-0.008889086942208801,0.9734068307906292,False,-0.14704661066455932,False,False,2,Critical Priority,4.778974989038968,0.2904223905908068,"Immediate outreach, mobile camps, beneficiary verification, and awareness campaigns"
D0482,JHA_Dist_18,Jharkhand,0.5064,43.08,0.8455,0.6052,0.5311,0.1437,0.276,0.6274,1.067,0.2945,11.54,270256,178234,0.6595,92022,106985,79121,0.7396,27864,0.3005,Moderate,Moderate,0.3405,0.2603999999999999,0.2421,0.4188,0.0741,3.786,0.630475,0.6653041666666667,3257292,1369960,0.027018707780673945,0.11782031658080039,0.47595202168174366,False,1.9490278735293196,False,False,1,Low Coverage,1.617700172144683,-1.7766589005865518,Increase enrollment drives and improve local service access
D0483,JHA_Dist_19,Jharkhand,0.4759,29.16,0.6765,0.6622,0.4977,0.4102,0.3016,0.6425,1.251,0.3277,18.37,187350,135767,0.7247,51583,79160,55888,0.706,23272,0.2847,Moderate,Moderate,0.2753,0.294,0.2288,0.4615,0.1645,3.4065,0.630475,0.6653041666666667,3257292,1369960,0.03567089671590895,-0.009551064799404041,0.6283659287097693,False,-0.157997296698815,False,False,1,Low Coverage,0.0189939017686255,0.2765396848692861,Increase enrollment drives and improve local service access
D0484,JHA_Dist_20,Jharkhand,0.4616,25.71,0.7518,0.5156,0.3734,0.2024,0.472,0.5733,1.771,0.2926,15.73,147384,98466,0.6681,48918,109207,76620,0.7016,32587,0.3151,Moderate,Moderate,0.3319,0.2984,0.2942,0.3818,0.1422,3.285,0.630475,0.6653041666666667,3257292,1369960,0.04929115390271188,0.05322964217478943,0.8682955728849281,False,0.8805447083100211,False,False,1,Low Coverage,2.1166167989397207,0.1266352439187173,Increase enrollment drives and improve local service access
D0485,JHA_Dist_21,Jharkhand,0.2445,68.67,0.7189,0.6204,0.4975,0.2883,0.2739,0.6876,1.046,0.0838,10.69,472176,250186,0.5299,221990,169298,82449,0.487,86849,0.4916,High,High,0.4700999999999999,0.513,0.3796,0.2984,0.1229,4.2438,0.630475,0.6653041666666667,3257292,1369960,-0.06655789932475353,-0.10320395672887028,-1.172460467010325,False,-1.7072385659837286,False,False,2,Critical Priority,5.053722790227091,0.0295285927505727,"Immediate outreach, mobile camps, beneficiary verification, and awareness campaigns"
D0486,JHA_Dist_22,Jharkhand,0.4075,88.01,0.7286,0.5741,0.4339,0.2987,0.3929,0.6291,1.702,0.2414,14.63,553718,335073,0.6051,218645,311197,213266,0.6853,97931,0.3548,Moderate,Moderate,0.3949,0.3147,0.3631,0.3745,0.1402,4.4887,0.630475,0.6653041666666667,3257292,1369960,-0.021917954319253585,0.040098091801699653,-0.38609894870170397,False,0.6633176761431318,False,False,2,Critical Priority,2.76424188451202,0.2485191980569089,"Immediate outreach, mobile camps, beneficiary verification, and awareness campaigns"
D0487,JHA_Dist_23,Jharkhand,0.3726,41.08,0.6873,0.5528,0.4173,0.3,0.3178,0.5523,1.485,0.2622,15.19,226874,147179,0.6487,79695,117484,80296,0.6835,37188,0.3339,Moderate,Moderate,0.3512999999999999,0.3165,0.267,0.3784,0.1355,3.7396,0.630475,0.6653041666666667,3257292,1369960,0.014742999772497156,0.030013364129979125,0.2597074813617709,False,0.49649232802365423,False,False,1,Low Coverage,1.921427065504978,-0.354433496405365,Increase enrollment drives and improve local service access
D0488,JHA_Dist_24,Jharkhand,0.3065,57.84,0.7959,0.6264,0.466,0.2325,0.4081,0.6545,1.7,0.3394,12.44,378568,204793,0.541,173775,212431,134234,0.6319,78197,0.4136,High,Moderate,0.4589999999999999,0.3681,0.3701,0.4542,0.1604,4.0748,0.630475,0.6653041666666667,3257292,1369960,-0.10811944430653897,-0.013715096945792649,-1.9045939768321258,False,-0.22688027847232867,False,False,2,Critical Priority,3.555730922580701,0.968441770746568,"Immediate outreach, mobile camps, beneficiary verification, and awareness campaigns"
D0489,ASS_Dist_01,Assam,0.4257,25.02,0.6733,0.5735,0.4255,0.2451,0.4043,0.5655,1.273,0.3532,14.37,141507,91685,0.6479,49822,91039,63018,0.6922,28021,0.3299,Moderate,Moderate,0.3520999999999999,0.3077999999999999,0.2786,0.4413,0.148,3.2589,0.67196,0.6731485714285714,3672194,1968929,-0.0009382589806656849,0.0348930805452734,-0.016528039103323865,False,0.5772144274402379,False,False,1,Low Coverage,1.667973250500689,0.2185160984947609,Increase enrollment drives and improve local service access
D0490,ASS_Dist_02,Assam,0.6041,108.11,0.7075,0.6804,0.4817,0.1838,0.2092,0.6862,1.889,0.3589,19.23,741815,627450,0.8458,114365,203527,149252,0.7333,54275,0.2104,Low,Moderate,0.1542,0.2667,0.2019,0.4875,0.1987,4.6924,0.67196,0.6731485714285714,3672194,1968929,0.1130080161778313,-0.025799200108118314,1.990709333796842,False,-0.42678004596131275,False,False,3,Medium Coverage,-1.718126199468778,0.5495711073950328,Maintain monitoring and targeted awareness programs
D0491,ASS_Dist_03,Assam,0.5766,49.37,0.7469,0.7031,0.6049,0.263,0.415,0.6017,1.562,0.2596,11.89,297082,203555,0.6852,93527,184419,141259,0.766,43160,0.2744,Moderate,Low,0.3147999999999999,0.2339999999999999,0.2788,0.437,0.0982,3.9194,0.67196,0.6731485714285714,3672194,1968929,0.024372468032218153,0.11965914489207097,0.42933679609963465,False,1.9794464612339622,False,False,1,Low Coverage,1.0445135399557288,-0.5270010916752381,Increase enrollment drives and improve local service access
D0492,ASS_Dist_04,Assam,0.3974,19.26,0.7251,0.6719,0.4836,0.2739,0.4022,0.5852,1.383,0.3272,12.61,112709,71600,0.6353,41109,69708,43398,0.6226,26310,0.3711,Moderate,Moderate,0.3647,0.3773999999999999,0.2911,0.4651,0.1883,3.0086,0.67196,0.6731485714285714,3672194,1968929,-0.027555238515755698,-0.03305817347750539,-0.4854033577764111,False,-0.5468607064172051,False,False,1,Low Coverage,2.0992049719057007,1.4433036453459174,Increase enrollment drives and improve local service access
D0493,ASS_Dist_05,Assam,0.5025,42.12,0.6395,0.6807,0.5223,0.3637,0.5162,0.4327,1.8,0.3181,14.02,182287,119387,0.6549,62900,195706,110962,0.567,84744,0.389,Moderate,High,0.3450999999999999,0.433,0.3586,0.4631,0.1584,3.764,0.67196,0.6731485714285714,3672194,1968929,-0.018386646924603234,-0.10666906405077603,-0.3238926837941289,False,-1.764559671130602,False,False,2,Critical Priority,2.363636602192231,1.3319508788787,"Immediate outreach, mobile camps, beneficiary verification, and awareness campaigns"
D0494,ASS_Dist_06,Assam,0.3614,32.58,0.8494,0.7267,0.6084,0.2555,0.5167,0.7698,1.878,0.2267,5.32,250787,146755,0.5852,104032,151486,82029,0.5415,69457,0.4367,High,High,0.4147999999999999,0.4585,0.3863,0.4267,0.1183,3.5139,0.67196,0.6731485714285714,3672194,1968929,-0.03367084914804419,-0.027777572662806893,-0.5931337965481931,False,-0.4595070268862854,False,False,2,Critical Priority,4.725962483538555,0.8560507323958509,"Immediate outreach, mobile camps, beneficiary verification, and awareness campaigns"
D0495,ASS_Dist_07,Assam,0.4793,34.28,0.7718,0.6544,0.5825,0.3673,0.3606,0.559,1.648,0.4626,10.57,191623,143523,0.749,48100,111256,74037,0.6655,37219,0.2928,Moderate,Moderate,0.251,0.3345,0.2531,0.5393,0.0719,3.5633,0.67196,0.6731485714285714,3672194,1968929,0.07191697069958203,0.017520808283082,1.266863977195628,False,0.28983578300808943,False,False,1,Low Coverage,1.0828642041769438,-1.4198957200595232,Increase enrollment drives and improve local service access
D0496,ASS_Dist_08,Assam,0.3986,19.63,0.8466,0.6557,0.56,0.2877,0.2633,0.7193,1.199,0.1435,15.4,141209,88679,0.628,52530,46523,26808,0.5762,19715,0.3979,Moderate,High,0.372,0.4237999999999999,0.2617,0.3484,0.0957,3.0267,0.67196,0.6731485714285714,3672194,1968929,-0.002020963263364428,-0.0729123443384595,-0.03560057567381768,False,-1.206143350859451,False,False,2,Critical Priority,2.9120106926652456,-1.008301386899231,"Immediate outreach, mobile camps, beneficiary verification, and awareness campaigns"
D0497,ASS_Dist_09,Assam,0.5704,144.18,0.6768,0.6207,0.4696,0.2075,0.3506,0.5258,1.68,0.4083,13.31,758141,534092,0.7045,224049,454949,299937,0.6593,155012,0.3181,Moderate,Moderate,0.2955,0.3407,0.3561,0.4933,0.1511,4.978,0.67196,0.6731485714285714,3672194,1968929,0.019361750524737764,-0.018546790687184345,0.3410697647107652,False,-0.30680796880299405,False,False,1,Low Coverage,1.1235538492630597,0.3554367851695902,Increase enrollment drives and improve local service access
D0498,ASS_Dist_10,Assam,0.5036,17.15,0.6216,0.7086,0.5957,0.249,0.3879,0.6317,1.487,0.2367,12.61,108349,80885,0.7465,27464,59879,41047,0.6855,18832,0.284,Moderate,Moderate,0.2534999999999999,0.3145,0.2451,0.4255,0.1129,2.8987,0.67196,0.6731485714285714,3672194,1968929,0.06920321267814533,0.021836624029355156,1.219059373543087,False,0.3612296260278193,False,False,1,Low Coverage,0.7337139358398189,-0.2794244946526522,Increase enrollment drives and improve local service access
D0499,ASS_Dist_11,Assam,0.456,28.09,0.6253,0.6858,0.5352,0.3867,0.1815,0.4603,1.376,0.2901,13.67,129317,81832,0.6328,47485,45892,35551,0.7747,10341,0.2963,Moderate,Low,0.3671999999999999,0.2252999999999999,0.1918,0.4484,0.1506,3.3704,0.67196,0.6731485714285714,3672194,1968929,-0.05781094015950339,0.09239030471031151,-1.0183771210536452,False,1.5283550778847577,False,False,1,Low Coverage,0.0574162554649527,-0.2987118793410913,Increase enrollment drives and improve local service access
D0500,ASS_Dist_12,Assam,0.5414,23.52,0.6554,0.6636,0.5042,0.3678,0.3962,0.6202,1.343,0.2468,14.44,145879,84338,0.5781,61541,83863,60471,0.7211,23392,0.3504,High,Moderate,0.4219,0.2789,0.2867,0.4135,0.1594,3.1995,0.67196,0.6731485714285714,3672194,1968929,-0.07726076224366607,0.0589383647354591,-1.3609983232762355,False,0.9749805383594362,False,False,1,Low Coverage,1.549230867138949,0.7235437659472215,Increase enrollment drives and improve local service access
D0501,ASS_Dist_13,Assam,0.4782,71.15,0.5948,0.7234,0.561,0.2349,0.4081,0.423,1.013,0.395,14.15,300970,230214,0.7649,70756,261339,160405,0.6138,100934,0.3107,Low,Moderate,0.2350999999999999,0.3862,0.3027,0.5264,0.1624,4.2787,0.67196,0.6731485714285714,3672194,1968929,0.05257234790026066,-0.08585381549138948,0.9260959284512196,False,-1.420226021264113,False,False,1,Low Coverage,0.549280074166567,0.9758356644248012,Increase enrollment drives and improve local service access
D0502,ASS_Dist_14,Assam,0.4549,46.11,0.6786,0.6325,0.4627,0.2576,0.3711,0.5304,1.388,0.3418,6.96,244527,139262,0.5695,105265,153969,98747,0.6413,55222,0.3946,High,Moderate,0.4305,0.3587,0.3215,0.4581,0.1698,3.8525,0.67196,0.6731485714285714,3672194,1968929,-0.06887938796206305,0.04541480929087649,-1.213354991619305,False,0.7512688112513262,False,False,2,Critical Priority,2.725564167215272,1.0050366166072742,"Immediate outreach, mobile camps, beneficiary verification, and awareness campaigns"
D0503,ASS_Dist_15,Assam,0.583,53.61,0.6264,0.6577,0.4732,0.2832,0.1517,0.5852,1.901,0.3424,13.67,313718,202167,0.6444,111551,73190,52485,0.7171,20705,0.3192,Moderate,Moderate,0.3556,0.2829,0.2163,0.4685,0.1845,4.0002,0.67196,0.6731485714285714,3672194,1968929,-0.06336788862193521,0.01785296071195519,-1.1162663641864996,False,0.29533037308322685,False,False,1,Low Coverage,-0.1242173244949864,0.2866753093620228,Increase enrollment drives and improve local service access
D0504,ASS_Dist_16,Assam,0.6126,99.89,0.5674,0.712,0.5764,0.2715,0.2229,0.5287,1.833,0.4427,20.8,528158,392303,0.7428,135855,200379,152911,0.7631,47468,0.2471,Moderate,Low,0.2572,0.2369,0.2255,0.5504,0.1356,4.614,0.67196,0.6731485714285714,3672194,1968929,-0.035867000395156334,-0.03743502688574296,-0.6318204219215375,False,-0.6192642573375425,False,False,3,Medium Coverage,-1.7592806810806267,-0.5735222462531236,Maintain monitoring and targeted awareness programs
D0505,ASS_Dist_17,Assam,0.5982,46.46,0.6757,0.6466,0.5707,0.1644,0.2774,0.6994,1.878,0.2804,17.59,324940,241334,0.7427,83606,116000,81647,0.7039,34353,0.2767,Moderate,Moderate,0.2573,0.2961,0.2324,0.4269,0.0759,3.8599,0.67196,0.6731485714285714,3672194,1968929,0.04044604082143288,-0.016564626188590448,0.7124831821808393,False,-0.274018260119509,False,False,1,Low Coverage,0.1133403024833181,-1.7195876824499523,Increase enrollment drives and improve local service access
D0506,ASS_Dist_18,Assam,0.6044,5.15,0.5554,0.6272,0.4526,0.3498,0.4436,0.4228,1.75,0.3822,18.11,21785,15394,0.7067,6391,20572,15332,0.7453,5240,0.274,Moderate,Moderate,0.2933,0.2547,0.2465,0.4802,0.1746,1.8165,0.67196,0.6731485714285714,3672194,1968929,0.006274214658093746,0.020814570538598476,0.11052435132047683,False,0.34432243379194594,False,False,3,Medium Coverage,-0.34090377348367,0.8268566783193826,Maintain monitoring and targeted awareness programs
D0507,ASS_Dist_19,Assam,0.4705,66.49,0.7749,0.7102,0.5598,0.2992,0.3259,0.6594,1.566,0.3468,12.43,438461,306043,0.698,132418,195002,141988,0.7281,53014,0.2869,Moderate,Moderate,0.302,0.2719,0.273,0.4922,0.1504,4.212,0.67196,0.6731485714285714,3672194,1968929,0.014745598965231421,0.059489997523462845,0.25975326782375335,False,0.9841058548665841,False,False,1,Low Coverage,0.7991577629281452,0.3201405812171359,Increase enrollment drives and improve local service access
D0508,ASS_Dist_20,Assam,0.4822,52.73,0.7199,0.6711,0.5045,0.3163,0.3158,0.6607,1.216,0.2504,6.62,348348,202402,0.581,145946,149857,90825,0.6061,59032,0.4064,High,Moderate,0.419,0.3939,0.3242,0.4187,0.1666,3.984,0.67196,0.6731485714285714,3672194,1968929,-0.04470052874345609,0.023111789760796864,-0.7874287400575793,False,0.382323895896338,False,False,2,Critical Priority,2.921658059464799,0.9142281832582774,"Immediate outreach, mobile camps, beneficiary verification, and awareness campaigns"
D0509,ASS_Dist_21,Assam,0.5066,19.48,0.5463,0.6558,0.5728,0.2168,0.2592,0.4941,1.555,0.3711,17.09,96263,62798,0.6524,33465,45448,31911,0.7022,13537,0.3227,Moderate,Moderate,0.3476,0.2977999999999999,0.2222,0.485,0.083,3.0194,0.67196,0.6731485714285714,3672194,1968929,-0.0767953790573268,-0.03229936611899176,-1.3528002972939017,False,-0.534308230449546,False,False,1,Low Coverage,0.196162849526861,-1.5245613231847257,Increase enrollment drives and improve local service access
D0510,ASS_Dist_22,Assam,0.4888,41.55,0.8119,0.6773,0.558,0.2598,0.339,0.7844,1.975,0.2988,16.9,325908,244674,0.7507,81234,126775,87550,0.6906,39225,0.2793,Low,Moderate,0.2492999999999999,0.3094,0.2527,0.4502,0.1193,3.7507,0.67196,0.6731485714285714,3672194,1968929,0.06428488993791914,-0.014704561361755242,1.1324199357691476,False,-0.2432483700081741,False,False,1,Low Coverage,0.7257892756366796,-0.4889270216020673,Increase enrollment drives and improve local service access
D0511,ASS_Dist_23,Assam,0.5175,98.77,0.6582,0.7602,0.6793,0.1799,0.3402,0.601,1.423,0.3839,16.74,593579,380088,0.6403,213491,302406,222276,0.735,80130,0.3123,Moderate,Moderate,0.3597,0.265,0.3228,0.5344,0.0809,4.6029,0.67196,0.6731485714285714,3672194,1968929,-0.10560782095680588,-0.007535532492142116,-1.860350106225382,False,-0.12465560520744141,False,False,1,Low Coverage,0.5869125979401046,-0.8803085633853462,Increase enrollment drives and improve local service access
D0512,ASS_Dist_24,Assam,0.4079,145.37,0.6551,0.5757,0.4212,0.292,0.3652,0.574,0.949,0.2634,13.47,834392,581920,0.6974,252472,477859,294476,0.6162,183383,0.3432,Moderate,Moderate,0.3026,0.3838,0.389,0.3883,0.1545,4.9861,0.67196,0.6731485714285714,3672194,1968929,0.07258584704812954,-0.01561335034862188,1.278646666913094,False,-0.2582818983330206,False,False,2,Critical Priority,2.428875076605019,0.5461289181902667,"Immediate outreach, mobile camps, beneficiary verification, and awareness campaigns"
D0513,ASS_Dist_25,Assam,0.4296,56.6,0.6824,0.6595,0.514,0.2031,0.2869,0.6886,1.328,0.3293,9.23,389712,264916,0.6798,124796,146121,66590,0.4557,79531,0.4323,Moderate,High,0.3202,0.5443,0.3256,0.4614,0.1455,4.0535,0.67196,0.6731485714285714,3672194,1968929,0.014929954535700896,-0.1753246038627877,0.2630008104962447,False,-2.90028536470458,True,False,2,Critical Priority,2.855947711436831,0.3741260481029603,"Immediate outreach, mobile camps, beneficiary verification, and awareness campaigns"
D0514,ASS_Dist_26,Assam,0.5394,74.82,0.6254,0.633,0.5053,0.3147,0.2713,0.5447,1.67,0.286,18.68,407577,255957,0.628,151620,182670,157484,0.8621,25186,0.2549,Moderate,Low,0.372,0.1379,0.241,0.4248,0.1277,4.3284,0.67196,0.6731485714285714,3672194,1968929,-0.06712479828531182,0.13845935527337894,-1.1824467590475858,False,2.2904465936793863,False,False,3,Medium Coverage,-0.2699649724683488,-0.7019890133162247,Maintain monitoring and targeted awareness programs
D0515,ASS_Dist_27,Assam,0.5614,18.33,0.7407,0.7025,0.5556,0.4314,0.2523,0.516,1.003,0.3569,15.8,94580,74847,0.7914,19733,41626,31164,0.7487,10462,0.23,Low,Moderate,0.2086,0.2512999999999999,0.1775,0.4951,0.1469,2.9617,0.67196,0.6731485714285714,3672194,1968929,0.10162737703431701,0.053589127598512754,1.7902320107375551,False,0.8864914510390978,False,False,3,Medium Coverage,-0.9540999976572122,-0.332188972337851,Maintain monitoring and targeted awareness programs
D0516,ASS_Dist_28,Assam,0.5186,58.28,0.6025,0.6153,0.4321,0.2199,0.2817,0.4588,1.46,0.3058,11.44,267373,176592,0.6605,90781,147767,97513,0.6599,50254,0.3398,Moderate,Moderate,0.3395,0.3400999999999999,0.2664,0.4296,0.1832,4.0823,0.67196,0.6731485714285714,3672194,1968929,-0.003452672950588598,0.011030926212829417,-0.06082106829055472,False,0.1824777193233088,False,False,1,Low Coverage,1.1073771143677953,0.7395951446267789,Increase enrollment drives and improve local service access
D0517,ASS_Dist_29,Assam,0.4121,68.94,0.6375,0.7432,0.6175,0.2413,0.435,0.5191,1.961,0.1985,16.5,357868,237445,0.6635,120423,269889,171821,0.6366,98068,0.3499,Moderate,Moderate,0.3365,0.3633999999999999,0.3417,0.4164,0.1257,4.2476,0.67196,0.6731485714285714,3672194,1968929,-0.03674193137863302,-0.07489045465914101,-0.6472328973736738,False,-1.2388659938111097,False,False,1,Low Coverage,1.9259952233439093,0.5007136167099233,Increase enrollment drives and improve local service access
D0518,ASS_Dist_30,Assam,0.5521,87.14,0.6869,0.6933,0.5383,0.201,0.3958,0.6048,1.439,0.3407,7.92,527008,354634,0.6729,172374,310393,186523,0.6009,123870,0.3631,Moderate,Moderate,0.3270999999999999,0.3991,0.3606,0.4817,0.155,4.4789,0.67196,0.6731485714285714,3672194,1968929,0.00803870711081145,-0.020680321195227336,0.1416070276990486,False,-0.34210163079506584,False,False,1,Low Coverage,2.128131643302796,0.9397012480550748,Increase enrollment drives and improve local service access
D0519,ASS_Dist_31,Assam,0.3997,45.88,0.741,0.617,0.4424,0.3392,0.4016,0.7197,1.374,0.3719,13.92,330220,206787,0.6262,123433,165837,107424,0.6478,58413,0.363,Moderate,Moderate,0.3738,0.3521999999999999,0.325,0.4699,0.1746,3.8476,0.67196,0.6731485714285714,3672194,1968929,-0.02683828853928194,-0.01008306882415555,-0.47277381999401075,False,-0.16679790684112059,False,False,1,Low Coverage,2.201900419827447,1.0235213224592388,Increase enrollment drives and improve local service access
D0520,ASS_Dist_32,Assam,0.3741,26.43,0.7572,0.6232,0.4531,0.2596,0.4016,0.64,1.404,0.3184,9.71,169135,90858,0.5372,78277,95523,52813,0.5529,42710,0.455,High,High,0.4628,0.4471,0.3419,0.4403,0.1701,3.3116,0.67196,0.6731485714285714,3672194,1968929,-0.09309917351668195,-0.05765594782396244,-1.6400021870737973,False,-0.9537663167510492,False,False,2,Critical Priority,3.8511479853169535,1.1837122015844777,"Immediate outreach, mobile camps, beneficiary verification, and awareness campaigns"
D0521,ASS_Dist_33,Assam,0.5379,40.63,0.6427,0.6499,0.479,0.302,0.2454,0.6118,1.956,0.4339,18.16,248571,173463,0.6978,75108,89733,71675,0.7988,18058,0.2517,Moderate,Low,0.3022,0.2012,0.2047,0.5203,0.1709,3.7288,0.67196,0.6731485714285714,3672194,1968929,-0.034642582970347835,0.049018739270685896,-0.610251516648529,False,0.8108863728802712,False,False,3,Medium Coverage,-1.0537793877922697,0.0646909932701004,Maintain monitoring and targeted awareness programs
D0522,ASS_Dist_34,Assam,0.4072,127.88,0.8048,0.6179,0.4353,0.1214,0.4729,0.6637,1.839,0.3856,14.0,848761,463404,0.546,385357,544266,363863,0.6685,180403,0.3927,High,Moderate,0.4539999999999999,0.3315,0.4835,0.4785,0.1826,4.8589,0.67196,0.6731485714285714,3672194,1968929,-0.11733063990719828,-0.0007007225357259506,-2.0668551480114297,True,-0.011591615040707706,False,False,2,Critical Priority,3.4414966489615075,1.7487302231217392,"Immediate outreach, mobile camps, beneficiary verification, and awareness campaigns"
D0523,ASS_Dist_35,Assam,0.5839,14.68,0.7852,0.7079,0.6094,0.3226,0.4294,0.7837,1.695,0.2883,12.0,115051,84133,0.7313,30918,56739,37486,0.6607,19253,0.304,Moderate,Moderate,0.2687,0.3393,0.2668,0.4561,0.0985,2.7524,0.67196,0.6731485714285714,3672194,1968929,0.06964297299525346,0.01254495577246395,1.2268060361030526,False,0.20752336424017528,False,False,1,Low Coverage,1.3177476872846967,-0.4576446833838553,Increase enrollment drives and improve local service access
D0524,PUN_Dist_01,Punjab,0.6026,147.41125000000002,0.6015,0.6264,0.5129,0.2733,0.3739,0.5469,1.804,0.4142,13.97,1093876,701071,0.6409,392805,672995,465936,0.6923,207059,0.3334,Moderate,Moderate,0.3591,0.3077,0.4412,0.4991,0.1135,5.0,0.7798869565217391,0.8006,1849573,802857,-0.05678061970977799,0.0017255211866752385,-1.000227359599175,False,0.028544218745592268,False,False,1,Low Coverage,1.4909127867080476,-0.1605498304253292,Increase enrollment drives and improve local service access
D0525,PUN_Dist_02,Punjab,0.6146,41.84,0.5548,0.637,0.5556,0.1933,0.2652,0.4369,1.414,0.3909,16.77,182786,137289,0.7511,45497,99849,76021,0.7614,23828,0.2438,Low,Low,0.2489,0.2386,0.1997,0.4893,0.0814,3.7575,0.7798869565217391,0.8006,1849573,802857,0.028338303801830667,0.034457332016786024,0.4991975595206224,False,0.5700061118244079,False,False,3,Medium Coverage,-0.9857095149049668,-1.780164409085781,Maintain monitoring and targeted awareness programs
D0526,PUN_Dist_03,Punjab,0.7242,60.33,0.6822,0.6855,0.5845,0.2354,0.3259,0.5909,1.828,0.5704,24.49,356518,247196,0.6934,109322,176959,155401,0.8782,21558,0.2142,Moderate,Low,0.3066,0.1218,0.2261,0.6164,0.101,4.1163,0.7798869565217391,0.8006,1849573,802857,-0.09792675122120498,0.04232121195112948,-1.7250430923216387,False,0.7000933635898093,False,False,3,Medium Coverage,-2.238804912665671,-1.265752362947547,Maintain monitoring and targeted awareness programs
D0527,PUN_Dist_04,Punjab,0.9108,93.59,0.6632,0.8768,0.7648,0.1693,0.3199,0.4805,1.919,0.4982,19.31,449705,397949,0.8849,51756,269428,237096,0.88,32332,0.1175,Low,Low,0.1150999999999999,0.12,0.1704,0.6496,0.112,4.5496,0.7798869565217391,0.8006,1849573,802857,0.05596179341620422,0.055543691478546764,0.9858032045648738,False,0.9188245799368462,False,False,0,High Coverage,-4.230333194537361,-0.7256734372258787,Maintain current strategy and monitor performance
D0528,PUN_Dist_05,Punjab,0.72,103.66,0.5988,0.7519,0.6539,0.1485,0.3167,0.4904,1.754,0.4281,16.0,508394,375528,0.7387,132866,295517,246199,0.8331,49318,0.2141,Moderate,Low,0.2613,0.1669,0.2401,0.5576,0.098,4.6507,0.7798869565217391,0.8006,1849573,802857,-0.026059854359951284,0.07998162126261055,-0.45906119819113084,False,1.3230859815588338,False,False,3,Medium Coverage,-1.6542718347472474,-0.96639064784877,Maintain monitoring and targeted awareness programs
D0529,PUN_Dist_06,Punjab,0.7329,12.86,0.6647,0.7526,0.6473,0.1976,0.3503,0.5014,2.011,0.5873,18.01,64495,53395,0.8279,11100,40548,28816,0.7107,11732,0.2307,Low,Moderate,0.1721,0.2893,0.2048,0.6534,0.1053,2.629,0.7798869565217391,0.8006,1849573,802857,0.03218815582015455,-0.08098705480085111,0.5670151941082027,False,-1.3397182403063812,False,False,3,Medium Coverage,-2.027387318615128,-0.83668956380109,Maintain monitoring and targeted awareness programs
D0530,PUN_Dist_07,Punjab,0.5741,22.58,0.6698,0.6027,0.4476,0.23,0.3557,0.478,1.231,0.332,10.16,107936,68220,0.632,39716,72288,49334,0.6825,22954,0.3427,Moderate,Moderate,0.368,0.3175,0.2642,0.4403,0.1551,3.1604,0.7798869565217391,0.8006,1849573,802857,-0.009506397765128516,0.06159483424389678,-0.16746134833565043,False,1.0189248534604394,False,False,1,Low Coverage,1.5055324153368377,0.3091140815848752,Increase enrollment drives and improve local service access
D0531,PUN_Dist_08,Punjab,0.5828,44.06,0.6458,0.6234,0.5055,0.2245,0.2726,0.5841,1.458,0.4859,13.28,257359,175530,0.682,81829,108089,73189,0.6771,34900,0.3204,Moderate,Moderate,0.3179999999999999,0.3228999999999999,0.248,0.5409,0.1179,3.808,0.7798869565217391,0.8006,1849573,802857,-0.026333945887073162,-0.015170026403322545,-0.46388949780925387,False,-0.25094826733060366,False,False,1,Low Coverage,0.3160056527553485,-0.8151274677244236,Increase enrollment drives and improve local service access
D0532,PUN_Dist_09,Punjab,0.7635,29.16,0.544,0.9031,0.7417,0.2678,0.1984,0.3385,1.868,0.5085,18.57,98690,90794,0.92,7896,52056,41438,0.796,10618,0.142,Low,Low,0.0799999999999999,0.2039999999999999,0.1224,0.6663,0.1614,3.4065,0.7798869565217391,0.8006,1849573,802857,0.06702836303879867,-0.04155154584097931,1.180747989775054,False,-0.6873612580799106,False,False,0,High Coverage,-4.628974016168905,0.0406449955699085,Maintain current strategy and monitor performance
D0533,PUN_Dist_10,Punjab,0.9353,28.15,0.53,0.8971,0.7125,0.243,0.1348,0.4594,2.489,0.5727,21.09,129328,118981,0.92,10347,34151,30052,0.88,4099,0.1,Low,Low,0.0799999999999999,0.12,0.0852,0.7025,0.1846,3.3725,0.7798869565217391,0.8006,1849573,802857,0.027063709542031966,-0.009361359790540091,0.47674475682923756,False,-0.15485912528021706,False,False,0,High Coverage,-6.249100118120631,0.0837507880521675,Maintain current strategy and monitor performance
D0534,PUN_Dist_11,Punjab,0.6789,46.07,0.6804,0.7559,0.5729,0.2916,0.4331,0.7076,1.895,0.3477,21.67,326011,268783,0.8245,57228,179591,138950,0.7737,40641,0.2009,Low,Low,0.1755,0.2262999999999999,0.2422,0.511,0.183,3.8516,0.7798869565217391,0.8006,1849573,802857,0.07973773077525093,-0.009756738043119717,1.4046317268349415,False,-0.16139962064831992,False,False,3,Medium Coverage,-1.7120720048446052,1.1293701664521216,Maintain monitoring and targeted awareness programs
D0535,PUN_Dist_12,Punjab,0.6979,23.57,0.6385,0.6847,0.5346,0.292,0.2042,0.4591,1.68,0.3718,21.49,108191,71313,0.6591,36878,43319,33197,0.7664,10122,0.2873,Moderate,Low,0.3409,0.2336,0.1915,0.497,0.1501,3.2015,0.7798869565217391,0.8006,1849573,802857,-0.0877335208118053,-0.01627189692812503,-1.5454827425000255,False,-0.269175822884556,False,False,3,Medium Coverage,-1.3086612153992243,-0.4472784256025588,Maintain monitoring and targeted awareness programs
D0536,PUN_Dist_13,Punjab,0.7362,17.68,0.7277,0.7939,0.6222,0.3477,0.3364,0.6118,2.622125,0.387,21.07,108166,82950,0.7669,25216,53530,43428,0.8113,10102,0.2109,Low,Low,0.2330999999999999,0.1886999999999999,0.1968,0.5498,0.1717,2.9275,0.7798869565217391,0.8006,1849573,802857,-0.009023346560813383,0.006629702614439181,-0.15895208878348802,False,0.10967102757574232,False,False,3,Medium Coverage,-2.171229873903456,0.5823777543980508,Maintain monitoring and targeted awareness programs
D0537,PUN_Dist_14,Punjab,0.6824,37.63,0.6079,0.6895,0.4854,0.1444,0.3228,0.6596,2.002,0.4264,15.71,248247,184351,0.7426,63896,109339,79281,0.7251,30058,0.2661,Moderate,Moderate,0.2573999999999999,0.2749,0.2339,0.5316,0.2041,3.654,0.7798869565217391,0.8006,1849573,802857,0.0022052302977428884,-0.013714190440120788,0.0388465587249593,False,-0.22686528271545717,False,False,3,Medium Coverage,-1.0920921460610724,1.2011240305304804,Maintain monitoring and targeted awareness programs
D0538,PUN_Dist_15,Punjab,0.7714,20.39,0.6274,0.698,0.5063,0.2261,0.327,0.6147,1.571,0.3991,27.14375,125335,111637,0.8907,13698,59993,52793,0.88,7200,0.1146,Low,Low,0.1092999999999999,0.12,0.1508,0.5187,0.1917,3.0629,0.7798869565217391,0.8006,1849573,802857,0.11917638834876199,0.036970297740059,2.0993692012144223,False,0.611576533480207,False,False,0,High Coverage,-4.021260259628256,0.422479858390389,Maintain current strategy and monitor performance
D0539,PUN_Dist_16,Punjab,0.7606,147.41125000000002,0.6184,0.7544,0.5941,0.1857,0.1594,0.5064,1.947,0.3699,19.79,874502,697545,0.7976,176957,247696,182331,0.7361,65365,0.2331,Low,Moderate,0.2024,0.2639,0.2201,0.5237,0.1603,5.0,0.7798869565217391,0.8006,1849573,802857,0.017407620259337397,-0.05985307049624233,0.30664649554491535,False,-0.9901119441785626,False,False,3,Medium Coverage,-2.28794263614126,-0.1733276274767479,Maintain monitoring and targeted awareness programs
D0540,PUN_Dist_17,Punjab,0.717,11.28,0.579,0.8417,0.6569,0.2202,0.3672,0.5597,2.164,0.3926,22.59,63142,44856,0.7104,18286,37281,32807,0.88,4474,0.2048,Moderate,Low,0.2895999999999999,0.12,0.1995,0.5722,0.1848,2.508,0.7798869565217391,0.8006,1849573,802857,-0.10337819634683365,0.038667455996796884,-1.8210738259042478,False,0.6396515619996276,False,False,0,High Coverage,-2.789575358472036,1.0937922199079948,Maintain current strategy and monitor performance
D0541,PUN_Dist_18,Punjab,0.7106,82.11,0.4947,0.8119,0.6319,0.3254,0.3936,0.3329,1.672,0.362,19.27,273322,216583,0.7924,56739,290858,228639,0.7861,62219,0.2108,Low,Low,0.2076,0.2138999999999999,0.2412,0.542,0.18,4.4202,0.7798869565217391,0.8006,1849573,802857,0.015992091323910773,-0.0005943172401156049,0.28171103734184805,False,-0.00983141872606361,False,False,3,Medium Coverage,-2.283192131842923,1.1739181444524114,Maintain monitoring and targeted awareness programs
D0542,PUN_Dist_19,Punjab,0.8016,31.13,0.5772,0.82,0.714,0.1882,0.245,0.4667,2.164,0.4956,20.8,145248,122049,0.8403,23199,68622,60387,0.88,8235,0.1399,Low,Low,0.1596999999999999,0.12,0.1397,0.6254,0.106,3.4698,0.7798869565217391,0.8006,1849573,802857,0.00505062856601779,0.03847284086546221,0.08897009051151719,False,0.6364321654932382,False,False,0,High Coverage,-4.1115274391775705,-1.2358011133647542,Maintain current strategy and monitor performance
D0543,PUN_Dist_20,Punjab,0.6547,147.41125000000002,0.7738,0.7415,0.5941,0.3333,0.2307,0.6762,2.295,0.4156,20.65,1352330,1078305,0.7974,274025,415225,327574,0.7889,87651,0.2069,Low,Low,0.2026,0.2110999999999999,0.2699,0.546,0.1474,5.0,0.7798869565217391,0.8006,1849573,802857,0.03567686603798037,-0.0007976939695742979,0.6284710821808763,False,-0.01319575287526318,False,False,3,Medium Coverage,-1.6587849261033256,-0.2393890657126924,Maintain monitoring and targeted awareness programs
D0544,PUN_Dist_21,Punjab,0.7713,77.95,0.49,0.747,0.5549,0.1302,0.2397,0.5628,1.94,0.3489,23.31,438752,374148,0.8528,64604,168157,147978,0.88,20179,0.1336,Low,Low,0.1472,0.12,0.153,0.5081,0.1921,4.3688,0.7798869565217391,0.8006,1849573,802857,0.05451811945648333,0.04401711325465296,0.9603719535458846,False,0.72814759911765,False,False,0,High Coverage,-4.105374587264751,0.427988118112201,Maintain current strategy and monitor performance
D0545,PUN_Dist_22,Punjab,0.6895,25.63,0.6702,0.7424,0.6653,0.2097,0.241,0.5694,1.582,0.3907,19.21,145940,112114,0.7682,33826,55587,46493,0.8364,9094,0.1977,Low,Low,0.2318,0.1635999999999999,0.1654,0.5314,0.0771,3.282,0.7798869565217391,0.8006,1849573,802857,0.008201212148683523,0.0643464716601726,0.14446965910009846,False,1.0644434717922,False,False,3,Medium Coverage,-2.098890952016001,-1.878541174043153,Maintain monitoring and targeted awareness programs
D0546,PUN_Dist_23,Punjab,0.7442,96.58,0.637,0.7895,0.6516,0.3377,0.2756,0.6425,1.926,0.5291,22.08,620484,498597,0.8036,121887,239581,210462,0.8785,29119,0.159,Low,Low,0.1964,0.1215,0.1955,0.6333,0.1379,4.5807,0.7798869565217391,0.8006,1849573,802857,-0.009147553832326016,0.044210635323231884,-0.16114008024717846,False,0.7313489137699051,False,False,0,High Coverage,-3.4827815719994364,-0.4402891479149088,Maintain current strategy and monitor performance
D0547,CHH_Dist_01,Chhattisgarh,0.4572,31.91,0.7932,0.6045,0.4768,0.2853,0.3757,0.8538,1.357,0.3744,15.1,272460,202184,0.7421,70276,107904,82557,0.7651,25347,0.2464,Moderate,Low,0.2579,0.2349,0.2425,0.4664,0.1277,3.4938,0.6753242424242424,0.6709848484848484,3218323,1883304,0.08701095199060227,0.09827526355748839,1.5327542251308846,False,1.6257062746951705,False,False,1,Low Coverage,0.5790751289971372,-0.4590516638810329,Increase enrollment drives and improve local service access
D0548,CHH_Dist_02,Chhattisgarh,0.4555,6.68,0.6416,0.6702,0.5586,0.2462,0.2421,0.6311,1.204,0.4174,11.76,42156,30048,0.7128,12108,14554,9063,0.6228,5491,0.3322,Moderate,Moderate,0.2872,0.3772,0.2113,0.5185,0.1116,2.0386,0.6753242424242424,0.6709848484848484,3218323,1883304,0.010661746948835926,-0.051939286432958975,0.18781357184597336,False,-0.8591991595922458,False,False,1,Low Coverage,0.6635504402677477,-0.8901419868752054,Increase enrollment drives and improve local service access
D0549,CHH_Dist_03,Chhattisgarh,0.4969,55.21,0.7399,0.5822,0.4082,0.2366,0.4407,0.6828,1.135,0.19,18.11,376994,238496,0.6326,138498,218999,162927,0.744,56072,0.3117,Moderate,Moderate,0.3673999999999999,0.256,0.3204,0.3469,0.174,4.0291,0.6753242424242424,0.6709848484848484,3218323,1883304,0.011482943113244048,0.07886778491825563,0.20227947368777952,False,1.3046604829292379,False,False,1,Low Coverage,1.7895966405834551,0.9217489909974136,Increase enrollment drives and improve local service access
D0550,CHH_Dist_04,Chhattisgarh,0.2372,45.04,0.7694,0.6226,0.5182,0.2964,0.3982,0.6958,1.191,0.3142,6.93,313396,172513,0.5505,140883,161427,81988,0.5079,79439,0.4708,High,High,0.4495,0.4921,0.3796,0.4376,0.1044,3.8295,0.6753242424242424,0.6709848484848484,3218323,1883304,-0.06263197188329162,-0.06615223477828425,-1.1033027146148615,False,-1.0943150826688792,False,False,2,Critical Priority,4.950488441523719,-0.0393972725933497,"Immediate outreach, mobile camps, beneficiary verification, and awareness campaigns"
D0551,CHH_Dist_05,Chhattisgarh,0.5884,36.1,0.7405,0.59,0.4889,0.1962,0.4179,0.5754,2.102,0.4472,16.85,207712,139557,0.6719,68155,135760,111064,0.8181,24696,0.255,Moderate,Low,0.3280999999999999,0.1818999999999999,0.2577,0.5043,0.1011,3.6136,0.6753242424242424,0.6709848484848484,3218323,1883304,-0.02193750900349689,0.10733554826167635,-0.3864434171187174,False,1.7755849029576094,False,False,1,Low Coverage,0.2287813652541498,-0.9627841735997568,Increase enrollment drives and improve local service access
D0552,CHH_Dist_06,Chhattisgarh,0.3391,26.79,0.6836,0.6347,0.5048,0.2216,0.4186,0.449,1.568,0.2622,16.81,120291,64238,0.534,56053,100933,71761,0.711,29172,0.3775,High,Moderate,0.4659999999999999,0.289,0.3044,0.4112,0.1299,3.3247,0.6753242424242424,0.6709848484848484,3218323,1883304,-0.13292773673338176,0.022114407356826016,-2.3416081016706043,True,0.3658248220326715,False,False,2,Critical Priority,2.531957351953403,0.1753686868762741,"Immediate outreach, mobile camps, beneficiary verification, and awareness campaigns"
D0553,CHH_Dist_07,Chhattisgarh,0.514,41.34,0.887,0.5783,0.438,0.2684,0.2438,0.7382,1.835,0.2823,18.54,305202,207338,0.6793,97864,90694,54159,0.5972,36535,0.3617,Moderate,High,0.3207,0.4028,0.2617,0.4007,0.1403,3.7457,0.6753242424242424,0.6709848484848484,3218323,1883304,0.027698201982233384,-0.09626374087658063,0.487921751750953,False,-1.5924309119476918,False,False,1,Low Coverage,1.793100463207129,-0.5109175960417013,Increase enrollment drives and improve local service access
D0554,CHH_Dist_08,Chhattisgarh,0.5477,22.23,0.5087,0.5757,0.4848,0.2036,0.4712,0.4021,1.512,0.4208,18.02,89380,60396,0.6757,28984,94268,63240,0.6709,31028,0.3267,Moderate,Moderate,0.3243,0.3290999999999999,0.2916,0.4828,0.0909,3.1454,0.6753242424242424,0.6709848484848484,3218323,1883304,-0.025205732093465993,-0.04988849739090906,-0.444015281754365,False,-0.8252742379685349,False,False,1,Low Coverage,0.870275291883409,-0.8075419706008059,Increase enrollment drives and improve local service access
D0555,CHH_Dist_09,Chhattisgarh,0.4218,72.98,0.8098,0.6371,0.5674,0.1513,0.3363,0.6932,1.45,0.3833,8.12,505912,312071,0.6168,193841,220905,123707,0.56,97198,0.4116,Moderate,High,0.3832,0.4399999999999999,0.3605,0.4848,0.0697,4.3038,0.6753242424242424,0.6709848484848484,3218323,1883304,-0.035281077092494284,-0.05183615218437232,-0.6214990037872419,False,-0.8574930741644997,False,False,2,Critical Priority,3.5034340383411093,-1.1388608915698548,"Immediate outreach, mobile camps, beneficiary verification, and awareness campaigns"
D0556,CHH_Dist_10,Chhattisgarh,0.4929,67.91,0.6856,0.7034,0.5577,0.1026,0.3776,0.4651,1.682,0.3242,6.9,315833,237950,0.7534,77883,230794,134474,0.5827,96320,0.332,Low,High,0.2466,0.4173,0.3029,0.4759,0.1457,4.2328,0.6753242424242424,0.6709848484848484,3218323,1883304,0.08043263638936105,-0.03844659186054855,1.4168729389091386,False,-0.6359979446081104,False,False,1,Low Coverage,1.7311479770333067,0.5942681130414657,Increase enrollment drives and improve local service access
D0557,CHH_Dist_11,Chhattisgarh,0.5149,34.04,0.5996,0.7262,0.5574,0.319,0.2818,0.4843,1.921,0.1893,12.21,164840,102925,0.6244,61915,86330,69046,0.7998,17284,0.2879,Moderate,Low,0.3756,0.2002,0.2255,0.4041,0.1688,3.5565,0.6753242424242424,0.6709848484848484,3218323,1883304,-0.06097177826348532,0.12916957090653158,-1.0740573296710334,False,2.1367714959075306,False,False,1,Low Coverage,0.3157460285845837,0.5954095396799148,Increase enrollment drives and improve local service access
D0558,CHH_Dist_12,Chhattisgarh,0.4582,125.06,0.6995,0.6093,0.5328,0.414,0.3532,0.5773,1.668,0.2723,15.24,722029,513564,0.7113,208465,397582,243045,0.6113,154537,0.3387,Moderate,Moderate,0.2886999999999999,0.3887,0.3598,0.4071,0.0765,4.8368,0.6753242424242424,0.6709848484848484,3218323,1883304,0.06136940208198616,-0.05193795696494208,1.0810617305401908,False,-0.8591771670336014,False,False,1,Low Coverage,2.213295817530472,-1.1596263373828606,Increase enrollment drives and improve local service access
D0559,CHH_Dist_13,Chhattisgarh,0.4268,8.4,0.7258,0.5986,0.4457,0.2608,0.5799,0.6238,1.962,0.3062,12.21,52410,39960,0.7625,12450,43846,26185,0.5972,17661,0.3202,Low,High,0.2375,0.4028,0.3119,0.4232,0.1529,2.2407,0.6753242424242424,0.6709848484848484,3218323,1883304,0.13415211804220872,-0.032070626716882655,2.3631763707364133,False,-0.5305243374553407,False,False,2,Critical Priority,2.3817963330052137,1.021808047754574,"Immediate outreach, mobile camps, beneficiary verification, and awareness campaigns"
D0560,CHH_Dist_14,Chhattisgarh,0.627,86.85,0.6118,0.7066,0.6305,0.3164,0.3104,0.4165,1.76,0.5064,15.01,361718,242443,0.6703,119275,242584,182553,0.7525,60031,0.2886,Moderate,Low,0.3297,0.2475,0.267,0.5865,0.0761,4.4756,0.6753242424242424,0.6709848484848484,3218323,1883304,-0.08030527739722237,0.0180024868233557,-1.4146294278479183,False,0.2978038901081131,False,False,3,Medium Coverage,-0.3760696888314161,-1.3985215133631397,Maintain monitoring and targeted awareness programs
D0561,CHH_Dist_15,Chhattisgarh,0.4825,10.23,0.5795,0.7565,0.6024,0.3585,0.4962,0.6116,1.549,0.2207,11.39,62547,37362,0.5974,25185,45670,25832,0.5656,19838,0.4185,High,High,0.4025999999999999,0.4344,0.3309,0.435,0.1541,2.4186,0.6753242424242424,0.6709848484848484,3218323,1883304,-0.0764923060440803,-0.08710284927970213,-1.3474614700434306,False,-1.4408880067268,False,False,2,Critical Priority,2.6508123759663524,1.452139048263991,"Immediate outreach, mobile camps, beneficiary verification, and awareness campaigns"
D0562,CHH_Dist_16,Chhattisgarh,0.6221,19.68,0.5426,0.8536,0.6822,0.2561,0.314,0.4576,1.932,0.3759,22.51,90079,69968,0.7767,20111,55624,47975,0.8625,7649,0.1804,Low,Low,0.2233,0.1374999999999999,0.1754,0.567,0.1714,3.0292,0.6753242424242424,0.6709848484848484,3218323,1883304,-0.04084427137288271,0.020748984153286076,-0.7194982710451449,False,0.343237479203403,False,False,0,High Coverage,-3.1142593324641945,0.6449473463356113,Maintain current strategy and monitor performance
D0563,CHH_Dist_17,Chhattisgarh,0.4097,24.74,0.686,0.7116,0.5367,0.308,0.3711,0.5178,1.309,0.2146,11.11,128091,84115,0.6567,43976,82607,58868,0.7126,23739,0.3153,Moderate,Moderate,0.3433,0.2874,0.2595,0.4134,0.1749,3.248,0.6753242424242424,0.6709848484848484,3218323,1883304,0.004307090620694121,0.07682137394288713,0.07587218845243636,False,1.2708079849268674,False,False,1,Low Coverage,1.4660281980458938,1.0854307900163218,Increase enrollment drives and improve local service access
D0564,CHH_Dist_18,Chhattisgarh,0.4591,38.98,0.6145,0.652,0.5446,0.2655,0.4239,0.59,2.035,0.3806,16.13,229997,147265,0.6403,82732,148712,123265,0.8289,25447,0.2654,Moderate,Low,0.3597,0.1711,0.2686,0.4892,0.1074,3.6884,0.6753242424242424,0.6709848484848484,3218323,1883304,-0.0674476607386586,0.11444493535972011,-1.1881341900914042,False,1.8931910512002745,False,False,1,Low Coverage,0.406914931989164,-0.511006451716595,Increase enrollment drives and improve local service access
D0565,CHH_Dist_19,Chhattisgarh,0.6187,90.71,0.6644,0.7291,0.6429,0.3523,0.3372,0.5601,1.126,0.3557,24.65,508049,389383,0.7664,118666,275294,221050,0.803,54244,0.2153,Low,Low,0.2336,0.1969999999999999,0.2437,0.5051,0.0862,4.5186,0.6753242424242424,0.6709848484848484,3218323,1883304,0.019581837753792075,0.0029690652923888283,0.34494674367160766,False,0.04911539181944093,False,False,3,Medium Coverage,-1.4724852813108005,-1.2799728264135657,Maintain monitoring and targeted awareness programs
D0566,CHH_Dist_20,Chhattisgarh,0.4471,22.28,0.6729,0.6936,0.5878,0.3437,0.3646,0.5672,1.702,0.2274,18.05,126362,95273,0.754,31089,73092,50810,0.6952,22282,0.2754,Low,Moderate,0.246,0.3047999999999999,0.2369,0.4139,0.1058,3.1476,0.6753242424242424,0.6709848484848484,3218323,1883304,0.06637110586069495,-0.01691198972598784,1.169169979263858,False,-0.27976447805783106,False,False,1,Low Coverage,0.530549561837239,-0.6348671826622727,Increase enrollment drives and improve local service access
D0567,CHH_Dist_21,Chhattisgarh,0.56,38.68,0.74,0.6386,0.5099,0.3393,0.2149,0.6894,1.571,0.3504,16.0,266671,170282,0.6385,96389,74818,56837,0.7597,17981,0.3009,Moderate,Low,0.3615,0.2402999999999999,0.2221,0.4657,0.1287,3.6808,0.6753242424242424,0.6709848484848484,3218323,1883304,-0.048276627377573544,0.06215272531276039,-0.8504240316333085,False,1.0281536967971718,False,False,1,Low Coverage,0.2531190761716924,-0.8236054257436041,Increase enrollment drives and improve local service access
D0568,CHH_Dist_22,Chhattisgarh,0.5423,98.34,0.5684,0.6494,0.4765,0.2148,0.3696,0.5069,0.7,0.3121,20.15,498476,320531,0.643,177945,327111,224692,0.6869,102419,0.335,Moderate,Moderate,0.357,0.3131,0.3363,0.447,0.1729,4.5985,0.6753242424242424,0.6709848484848484,3218323,1883304,-0.054389067200752095,-0.04591199226894216,-0.9580986145507507,False,-0.759493398577972,False,False,1,Low Coverage,0.7031477193462676,0.9062467872712232,Increase enrollment drives and improve local service access
D0569,CHH_Dist_23,Chhattisgarh,0.424,29.2,0.7195,0.5954,0.4958,0.1501,0.2803,0.556,1.143,0.3934,13.59,162381,104037,0.6407,58344,73669,43824,0.5949,29845,0.3822,Moderate,High,0.3592999999999999,0.4051,0.2657,0.4742,0.0996,3.4078,0.6753242424242424,0.6709848484848484,3218323,1883304,-0.0311360604239741,-0.07164183312392203,-0.5484818528819151,False,-1.1851260777555603,False,False,1,Low Coverage,2.0519334399917404,-1.079472342638743,Increase enrollment drives and improve local service access
D0570,CHH_Dist_24,Chhattisgarh,0.467,147.41125000000002,0.7427,0.6707,0.5795,0.3829,0.5986,0.5982,1.718,0.2139,18.53,1196323,802595,0.6709,393728,1077546,780408,0.7242,297138,0.3024,Moderate,Moderate,0.3290999999999999,0.2758,0.5259,0.3966,0.0912,5.0,0.6753242424242424,0.6709848484848484,3218323,1883304,0.02208049701386705,0.03778761419635901,0.3889622434498079,False,0.6250968888913279,False,False,2,Critical Priority,2.8444835941965074,0.3055578393070769,"Immediate outreach, mobile camps, beneficiary verification, and awareness campaigns"
D0571,CHH_Dist_25,Chhattisgarh,0.4571,14.78,0.6915,0.5514,0.4685,0.3662,0.3077,0.5457,1.64,0.2768,11.69,80621,57196,0.7094,23425,40913,23569,0.5761,17344,0.3572,Moderate,High,0.2905999999999999,0.4239,0.2485,0.3866,0.0829,2.7587,0.6753242424242424,0.6709848484848484,3218323,1883304,0.086475173295529,-0.04217624111237439,1.5233161367084345,False,-0.6976952015944502,False,False,1,Low Coverage,2.250727006250671,-1.4751109486726144,Increase enrollment drives and improve local service access
D0572,CHH_Dist_26,Chhattisgarh,0.529,23.49,0.7809,0.5643,0.4769,0.1817,0.243,0.6475,2.177,0.3595,17.57,152139,111848,0.7352,40291,51391,34739,0.676,16652,0.2944,Moderate,Moderate,0.2648,0.3239999999999999,0.2092,0.4414,0.0874,3.1983,0.6753242424242424,0.6709848484848484,3218323,1883304,0.05132184257947758,-0.03371990800725033,0.9040674680088325,False,-0.5578073672375011,False,False,1,Low Coverage,0.5931573420072298,-1.8599284871677109,Increase enrollment drives and improve local service access
D0573,CHH_Dist_27,Chhattisgarh,0.543,113.93,0.7982,0.7402,0.5754,0.2357,0.4913,0.5928,1.481,0.3837,16.3,675394,496647,0.7353,178747,503785,392769,0.7796,111016,0.2425,Moderate,Low,0.2647,0.2204,0.3389,0.5263,0.1648,4.7443,0.6753242424242424,0.6709848484848484,3218323,1883304,0.033635619458379895,0.06946494022290495,0.5925132027663935,False,1.1491150987921925,False,False,1,Low Coverage,0.3226871300615118,1.194121002361322,Increase enrollment drives and improve local service access
D0574,CHH_Dist_28,Chhattisgarh,0.5277,15.14,0.7078,0.6669,0.4885,0.3028,0.4416,0.66,1.615,0.3682,14.52,99950,69977,0.7001,29973,60182,35299,0.5865,24883,0.3567,Moderate,High,0.2999,0.4135,0.2931,0.4877,0.1784,2.7813,0.6753242424242424,0.6709848484848484,3218323,1883304,0.021437839063692454,-0.09527410659368007,0.37764140778591676,False,-1.5760600104092384,False,False,1,Low Coverage,1.469358279122953,1.2642452836381213,Increase enrollment drives and improve local service access
D0575,CHH_Dist_29,Chhattisgarh,0.5711,75.41,0.6806,0.7155,0.6126,0.3599,0.4003,0.5044,1.586,0.4141,11.28,380392,288599,0.7587,91793,271663,151744,0.5586,119919,0.3414,Low,High,0.2412999999999999,0.4414,0.3257,0.5347,0.1029,4.3361,0.6753242424242424,0.6709848484848484,3218323,1883304,0.061819554353168216,-0.10906084097733981,1.0889914540959251,False,-1.8041253422510066,False,False,1,Low Coverage,1.3297272280871144,-0.2469396323593416,Increase enrollment drives and improve local service access
D0576,CHH_Dist_30,Chhattisgarh,0.4379,29.26,0.7474,0.5447,0.4901,0.2892,0.3732,0.5715,1.383,0.3518,13.73,167220,97882,0.5854,69338,98296,69136,0.7033,29160,0.3556,High,Moderate,0.4145999999999999,0.2966999999999999,0.2863,0.429,0.0546,3.4098,0.6753242424242424,0.6709848484848484,3218323,1883304,-0.047580168480178986,0.06472948797841005,-0.8381554574689081,False,1.070779471405217,False,False,1,Low Coverage,2.5399677565274463,-1.892001745929095,Increase enrollment drives and improve local service access
D0577,CHH_Dist_31,Chhattisgarh,0.3165,98.28,0.7131,0.6248,0.4664,0.2206,0.3251,0.6175,1.284,0.144,13.68,606903,352383,0.5806,254520,287574,156820,0.5453,130754,0.437,High,High,0.4194,0.4547,0.398,0.3363,0.1584,4.5979,0.6753242424242424,0.6709848484848484,3218323,1883304,-0.04488672295507412,-0.09051777214847212,-0.7907086715837089,False,-1.4973789418247552,False,False,2,Critical Priority,3.939943288613648,0.8317523878328356,"Immediate outreach, mobile camps, beneficiary verification, and awareness campaigns"
D0578,CHH_Dist_32,Chhattisgarh,0.4727,78.05,0.7006,0.621,0.499,0.159,0.2185,0.6507,1.96,0.3191,13.0,507881,368727,0.726,139154,153454,98657,0.6429,54797,0.3155,Moderate,Moderate,0.274,0.3571,0.255,0.4399,0.122,4.3701,0.6753242424242424,0.6709848484848484,3218323,1883304,0.042076449215919354,-0.03283286952601261,0.7412038811062869,False,-0.543133643935798,False,False,1,Low Coverage,1.015036788001717,-0.8171424753078247,Increase enrollment drives and improve local service access
D0579,CHH_Dist_33,Chhattisgarh,0.4234,33.45,0.6168,0.669,0.5081,0.358,0.315,0.458,1.596,0.3638,12.33,153213,96946,0.6328,56267,94818,47432,0.5002,47386,0.4335,Moderate,High,0.3671999999999999,0.4998,0.3017,0.4859,0.1609,3.5395,0.6753242424242424,0.6709848484848484,3218323,1883304,-0.05544450873990392,-0.17166486320357544,-0.9766909002516215,False,-2.8397445618813015,True,False,2,Critical Priority,2.3113670622471987,0.7252375196117085,"Immediate outreach, mobile camps, beneficiary verification, and awareness campaigns"
D0580,HAR_Dist_01,Haryana,0.5726,94.15,0.6064,0.7786,0.6425,0.1311,0.2872,0.4898,1.845,0.3351,15.54,461077,307783,0.6675,153294,243373,197566,0.8118,45807,0.2603,Moderate,Low,0.3325,0.1882,0.2552,0.5125,0.1361,4.5555,0.7718363636363637,0.7637499999999999,1831841,972080,-0.0888142079190356,0.0663887358800449,-1.5645197452193047,False,1.0982273726096252,False,False,3,Medium Coverage,-0.6875357987749003,-0.0146197557559215,Maintain monitoring and targeted awareness programs
D0581,HAR_Dist_02,Haryana,0.6424,88.48,0.4455,0.8429,0.6684,0.2673,0.2642,0.4031,1.95,0.4384,13.31,356645,277594,0.7783,79051,210403,129415,0.6151,80988,0.3033,Low,Moderate,0.2217,0.3849,0.2528,0.6002,0.1745,4.494,0.7718363636363637,0.7637499999999999,1831841,972080,-0.024582527546351263,-0.14820366559020914,-0.4330371303739008,False,-2.451640630217876,True,False,3,Medium Coverage,-1.3528165301694666,0.999692772862415,Maintain monitoring and targeted awareness programs
D0582,HAR_Dist_03,Haryana,0.6401,83.33,0.6653,0.7157,0.5674,0.1789,0.432,0.5529,1.797,0.1939,18.1,460759,322261,0.6994,138498,323990,207165,0.6394,116825,0.3306,Moderate,Moderate,0.3006,0.3606,0.3451,0.4026,0.1483,4.4347,0.7718363636363637,0.7637499999999999,1831841,972080,0.005912946968694821,-0.07954505525864852,0.10416038719111725,False,-1.3158641429577085,False,False,1,Low Coverage,1.1487993418353706,0.7873488995069574,Increase enrollment drives and improve local service access
D0583,HAR_Dist_04,Haryana,0.6664,41.51,0.5527,0.7034,0.569,0.2151,0.3573,0.4741,2.244,0.3438,14.23,196790,151209,0.7684,45581,133494,114620,0.8586,18874,0.1865,Low,Low,0.2316,0.1413999999999999,0.2028,0.4876,0.1344,3.7497,0.7718363636363637,0.7637499999999999,1831841,972080,0.039553483983943205,0.1409729140195244,0.6967602159043653,False,2.332026825341996,False,False,3,Medium Coverage,-1.6154856354813605,-0.248459512723035,Maintain monitoring and targeted awareness programs
D0584,HAR_Dist_05,Haryana,0.5202,13.09,0.7168,0.6268,0.523,0.2827,0.4232,0.5539,1.459,0.329,9.26,72517,54245,0.748,18272,49862,34101,0.6839,15761,0.284,Moderate,Moderate,0.252,0.3161,0.2517,0.4481,0.1038,2.6455,0.7718363636363637,0.7637499999999999,1831841,972080,0.11112112667163077,0.07426637070371278,1.9574705541165884,False,1.228542162913953,False,False,1,Low Coverage,1.3345907528709864,-0.588149405965893,Increase enrollment drives and improve local service access
D0585,HAR_Dist_06,Haryana,0.657,139.88,0.5777,0.7193,0.5535,0.1761,0.2845,0.4643,1.63,0.2522,22.09,649465,547088,0.8424,102377,358220,292122,0.8155,66098,0.1711,Low,Low,0.1575999999999999,0.1845,0.2087,0.439,0.1658,4.9479,0.7718363636363637,0.7637499999999999,1831841,972080,0.09942193980302672,0.031031204071711782,1.7513818067438423,False,0.5133298181509895,False,False,3,Medium Coverage,-2.333070996708715,0.1582607211117121,Maintain monitoring and targeted awareness programs
D0586,HAR_Dist_07,Haryana,0.7447,137.47,0.606,0.8036,0.6484,0.2056,0.3205,0.4343,1.996,0.3283,19.85,597055,452486,0.7579,144569,396563,327319,0.8254,69244,0.2084,Low,Low,0.2420999999999999,0.1745999999999999,0.2493,0.5184,0.1552,4.9307,0.7718363636363637,0.7637499999999999,1831841,972080,-0.018429977560938005,0.032776812081926954,-0.3246559809929335,False,0.5422063206668588,False,False,3,Medium Coverage,-2.0808386674685435,0.3781912962750169,Maintain monitoring and targeted awareness programs
D0587,HAR_Dist_08,Haryana,0.5274,28.6,0.7432,0.6196,0.44,0.332,0.2476,0.569,1.637,0.2866,17.01,162735,96960,0.5958,65775,63738,41016,0.6435,22722,0.3803,High,Moderate,0.4042,0.3565,0.2553,0.4198,0.1796,3.3878,0.7718363636363637,0.7637499999999999,1831841,972080,-0.07228115248850497,-0.05019609511059331,-1.273279275074665,False,-0.8303626348333287,False,False,1,Low Coverage,1.4420553445790003,0.4984585064567973,Increase enrollment drives and improve local service access
D0588,HAR_Dist_09,Haryana,0.6541,29.3,0.6513,0.8325,0.6489,0.2106,0.1161,0.4557,1.772,0.3429,13.8,133507,110848,0.8303,22659,30617,24459,0.7989,6158,0.1854,Low,Low,0.1696999999999999,0.2010999999999999,0.1184,0.5387,0.1836,3.4111,0.7718363636363637,0.7637499999999999,1831841,972080,0.059338154536444754,0.054455853944106125,1.0452799905811518,False,0.9008291633735022,False,False,0,High Coverage,-2.852201152806542,0.2249825195774884,Maintain current strategy and monitor performance
D0589,HAR_Dist_10,Haryana,0.6477,50.23,0.6763,0.8233,0.6916,0.1952,0.3246,0.5585,2.014,0.4174,18.64,280522,213716,0.7619,66806,146734,104747,0.7139,41987,0.2621,Low,Moderate,0.2380999999999999,0.2861,0.2377,0.5798,0.1317,3.9363,0.7718363636363637,0.7637499999999999,1831841,972080,-0.02706891161344549,-0.07814614573502376,-0.4768363946843225,False,-1.292722856860239,False,False,3,Medium Coverage,-1.262242711337917,0.0056324596070867,Maintain monitoring and targeted awareness programs
D0590,HAR_Dist_11,Haryana,0.6361,67.11,0.5735,0.6956,0.5329,0.355,0.2853,0.5053,1.601,0.4558,15.17,339086,260969,0.7696,78117,172296,121069,0.7027,51227,0.2638,Low,Moderate,0.2304,0.2973,0.2333,0.5517,0.1627,4.2211,0.7718363636363637,0.7637499999999999,1831841,972080,0.03399934681789696,-0.024391341248008236,0.5989204955765658,False,-0.4034907165826361,False,False,3,Medium Coverage,-1.1193181973713306,0.2490414733812347,Maintain monitoring and targeted awareness programs
D0591,HAR_Dist_12,Haryana,0.5782,106.38,0.6176,0.6719,0.5353,0.2599,0.2931,0.5258,1.381,0.218,18.57,559353,461920,0.8258,97433,280592,224195,0.799,56397,0.1876,Low,Low,0.1742,0.2009999999999999,0.2131,0.3996,0.1366,4.6764,0.7718363636363637,0.7637499999999999,1831841,972080,0.13441609139320276,0.08014187580373189,2.367826432134453,False,1.325736972292601,False,False,3,Medium Coverage,-1.2221832766926954,-0.4623703582024039,Maintain monitoring and targeted awareness programs
D0592,HAR_Dist_13,Haryana,0.5985,12.36,0.601,0.665,0.4954,0.2136,0.3987,0.5699,1.845,0.5599,18.16,70429,56258,0.7988,14171,44345,31098,0.7013,13247,0.25,Low,Moderate,0.2012,0.2986999999999999,0.2286,0.6019,0.1696,2.5923,0.7718363636363637,0.7637499999999999,1831841,972080,0.04128305565591894,-0.06563880345323037,0.7272277401325169,False,-1.085821709091946,False,False,3,Medium Coverage,-1.2827821474893115,0.5621168824212939,Maintain monitoring and targeted awareness programs
D0593,HAR_Dist_14,Haryana,0.7272,48.14,0.7436,0.8195,0.6372,0.2117,0.3074,0.5536,1.923,0.4037,17.24,266517,215669,0.8092,50848,133192,91707,0.6885,41485,0.2511,Low,Moderate,0.1907999999999999,0.3115,0.2228,0.57,0.1823,3.8947,0.7718363636363637,0.7637499999999999,1831841,972080,0.04119802417991414,-0.07949706997756889,0.7257298556578178,False,-1.3150703524378942,False,False,3,Medium Coverage,-1.5407539107708883,0.9521882878926008,Maintain monitoring and targeted awareness programs
D0594,HAR_Dist_15,Haryana,0.6675,110.02,0.4751,0.8282,0.6291,0.2214,0.2779,0.377,1.946,0.4776,17.35,414707,358718,0.865,55989,275186,182636,0.6637,92550,0.2357,Low,Moderate,0.135,0.3363,0.2261,0.6178,0.1991,4.7097,0.7718363636363637,0.7637499999999999,1831841,972080,0.04539965296931503,-0.14274360783143214,0.7997442657068315,False,-2.3613183066002836,True,False,0,High Coverage,-2.610404100034421,1.2941147704744564,Maintain current strategy and monitor performance
D0595,HAR_Dist_16,Haryana,0.7108,9.16,0.711,0.7195,0.616,0.2533,0.2199,0.5397,2.201,0.4688,17.17,49428,35715,0.7226,13713,18123,14640,0.8078,3483,0.2348,Moderate,Low,0.2774,0.1922,0.1655,0.5691,0.1035,2.3185,0.7718363636363637,0.7637499999999999,1831841,972080,-0.04067111677827251,0.044353892874241185,-0.7164480408106986,False,0.7337187339173432,False,False,3,Medium Coverage,-1.7505052975220805,-1.410799376464274,Maintain monitoring and targeted awareness programs
D0596,HAR_Dist_17,Haryana,0.6163,37.94,0.6256,0.7649,0.6117,0.1493,0.3461,0.4704,1.483,0.3282,21.95,178492,141683,0.7938,36809,118188,101136,0.8557,17052,0.1752,Low,Low,0.2062,0.1442999999999999,0.1915,0.5029,0.1532,3.662,0.7718363636363637,0.7637499999999999,1831841,972080,0.032109796236492016,0.060286243174730525,0.5656348393345731,False,0.9972776491167988,False,False,3,Medium Coverage,-2.28503191230461,0.1454882433510406,Maintain monitoring and targeted awareness programs
D0597,HAR_Dist_18,Haryana,0.61,147.41125000000002,0.6178,0.7571,0.5509,0.2448,0.3623,0.6408,1.958,0.3604,19.91,1041951,715854,0.687,326097,530206,442806,0.8352,87400,0.2389,Moderate,Low,0.3129999999999999,0.1647999999999999,0.3391,0.5191,0.2062,5.0,0.7718363636363637,0.7637499999999999,1831841,972080,-0.0698361252887697,0.05455924191664674,-1.23020853874529,False,0.9025394459980712,False,False,3,Medium Coverage,-1.004294743656074,1.6993552722812757,Maintain monitoring and targeted awareness programs
D0598,HAR_Dist_19,Haryana,0.7311,62.29,0.5785,0.8181,0.5901,0.2786,0.1994,0.4883,1.633,0.5393,15.62,304176,245391,0.8067,58785,111780,91770,0.821,20010,0.1861,Low,Low,0.1933,0.179,0.16,0.6508,0.228,4.1477,0.7718363636363637,0.7637499999999999,1831841,972080,0.0009271655914552257,0.037595972791396925,0.016332621872904424,False,0.6219266848820955,False,False,0,High Coverage,-3.5933357873079395,1.3745752760832288,Maintain current strategy and monitor performance
D0599,HAR_Dist_20,Haryana,0.7539,14.01,0.529,0.8293,0.6097,0.3194,0.4245,0.4241,1.312,0.5346,24.05,59431,53975,0.9082,5456,53539,44256,0.8266,9283,0.1326,Low,Low,0.0917999999999999,0.1734,0.1852,0.6525,0.2196,2.7087,0.7718363636363637,0.7637499999999999,1831841,972080,0.08560495607916807,-0.028352045617709876,1.5079866973143765,False,-0.4690101740020632,False,False,0,High Coverage,-4.347517547670972,1.796115552117795,Maintain current strategy and monitor performance
D0600,HAR_Dist_21,Haryana,0.6555,147.41125000000002,0.6022,0.7877,0.5847,0.2622,0.2972,0.512,1.282,0.3667,19.67,1024026,796211,0.7775,227815,534981,448254,0.8379,86727,0.1923,Low,Low,0.2225,0.1621,0.2687,0.5351,0.203,5.0,0.7718363636363637,0.7637499999999999,1831841,972080,0.015038897324771039,0.058498429750352354,0.26491990822388345,False,0.9677029688077887,False,False,3,Medium Coverage,-2.231378558091928,1.3056761368711625,Maintain monitoring and targeted awareness programs
D0601,HAR_Dist_22,Haryana,0.7068,21.16,0.5521,0.7596,0.5516,0.2859,0.3218,0.6012,2.108,0.463,19.4,127208,97482,0.7663,29726,61278,52523,0.8571,8755,0.1883,Low,Low,0.2337,0.1429,0.1844,0.5816,0.208,3.0983,0.7718363636363637,0.7637499999999999,1831841,972080,-0.02109157804088191,0.057464970103113244,-0.37154179580031677,False,0.950607091652716,False,False,0,High Coverage,-2.9689362656768163,1.2014425408137632,Maintain current strategy and monitor performance
D0602,UTT_Dist_01,Uttarakhand,0.6938,147.41125000000002,0.4345,0.8602,0.6629,0.2018,0.1904,0.4193,2.023,0.5042,18.78,635556,584711,0.92,50845,259786,185404,0.7137,74382,0.1832,Low,Moderate,0.0799999999999999,0.2863,0.1712,0.6466,0.1973,5.0,0.7832153846153846,0.7603923076923077,873275,460771,0.06298831307026642,-0.13081101424523567,1.1095798952152085,False,-2.163924867353763,True,False,0,High Coverage,-4.078942444559531,0.8675573837320424,Maintain current strategy and monitor performance
D0603,UTT_Dist_02,Uttarakhand,0.6855,28.03,0.6814,0.8285,0.6069,0.2329,0.3032,0.5154,1.917,0.4659,19.75,144463,122847,0.8504,21616,76491,61205,0.8002,15286,0.1747,Low,Low,0.1495999999999999,0.1997999999999999,0.1729,0.6109,0.2216,3.3683,0.7832153846153846,0.7603923076923077,873275,460771,0.051570850203364826,-0.009817189404573434,0.9084538984393867,False,-0.16239962974594704,False,False,0,High Coverage,-3.1713610494204705,1.5535036575260657,Maintain current strategy and monitor performance
D0604,UTT_Dist_03,Uttarakhand,0.7267,52.17,0.7731,0.6717,0.6009,0.245,0.2547,0.6125,2.228,0.4344,17.15,319548,236019,0.7386,83529,119593,91721,0.7669,27872,0.2472,Moderate,Low,0.2613999999999999,0.2330999999999999,0.2116,0.5293,0.0708,3.9735,0.7832153846153846,0.7603923076923077,873275,460771,0.006850412684167084,0.027088058206517607,0.12067445241432083,False,0.44810082009965513,False,False,3,Medium Coverage,-0.866835271958921,-2.0184779919740388,Maintain monitoring and targeted awareness programs
D0605,UTT_Dist_04,Uttarakhand,0.6359,65.34,0.5202,0.8078,0.7126,0.2322,0.1578,0.3837,1.791,0.3477,13.75,250706,208416,0.8313,42290,92817,64899,0.6992,27918,0.2347,Low,Moderate,0.1686999999999999,0.3007999999999999,0.1641,0.5317,0.0952,4.1948,0.7832153846153846,0.7603923076923077,873275,460771,0.05370200922335211,-0.04635804737830884,0.9459956436746875,False,-0.7668722095209028,False,False,3,Medium Coverage,-1.9438212265523576,-1.3704929495341038,Maintain monitoring and targeted awareness programs
D0606,UTT_Dist_05,Uttarakhand,0.4617,26.25,0.5306,0.7475,0.6632,0.3482,0.3747,0.4231,1.538,0.3186,11.55,111065,72884,0.6562,38181,88530,59453,0.6716,29077,0.3361,Moderate,Moderate,0.3438,0.3284,0.2688,0.4902,0.0843,3.3051,0.7832153846153846,0.7603923076923077,873275,460771,-0.054403755337201654,-0.006771416719416057,-0.9583573555791767,False,-0.11201531546059292,False,False,1,Low Coverage,1.0911569377072576,-0.6756077205097296,Increase enrollment drives and improve local service access
D0607,UTT_Dist_06,Uttarakhand,0.6779,89.5,0.5732,0.8063,0.6801,0.2682,0.1976,0.5228,1.707,0.4705,18.9,467886,394643,0.8435,73243,159125,124925,0.7851,34200,0.1857,Low,Low,0.1564999999999999,0.2148999999999999,0.1686,0.6048,0.1262,4.5053,0.7832153846153846,0.7603923076923077,873275,460771,0.0348829701816169,-0.021507437275832486,0.6144860929316291,False,-0.35578409526746846,False,False,0,High Coverage,-3.1337435863256204,-0.7933120295814734,Maintain current strategy and monitor performance
D0608,UTT_Dist_07,Uttarakhand,0.55,25.91,0.523,0.8291,0.7246,0.2325,0.2587,0.5471,1.646,0.459,15.02,141741,119118,0.8404,22623,60310,42832,0.7102,17478,0.2247,Low,Moderate,0.1595999999999999,0.2897999999999999,0.1806,0.607,0.1045,3.2925,0.7832153846153846,0.7603923076923077,873275,460771,0.04008377408590924,-0.060283747249602615,0.7061016192074983,False,-0.9972363605877206,False,False,3,Medium Coverage,-2.0300748598963336,-0.8171955827938251,Maintain monitoring and targeted awareness programs
D0609,UTT_Dist_08,Uttarakhand,0.6588,20.2,0.5394,0.7789,0.5968,0.1913,0.3336,0.3354,0.937,0.4026,22.9,67768,49897,0.7363,17871,60668,48312,0.7963,12356,0.2337,Moderate,Low,0.2637,0.2037,0.2034,0.5531,0.1821,3.054,0.7832153846153846,0.7603923076923077,873275,460771,-0.047094404030826986,-0.01982157877246382,-0.8295984023496483,False,-0.3278959915070348,False,False,3,Medium Coverage,-2.3305337641167783,0.8394218712073012,Maintain monitoring and targeted awareness programs
D0610,UTT_Dist_09,Uttarakhand,0.7319,147.41125000000002,0.6549,0.7318,0.5465,0.3224,0.4865,0.6899,1.627,0.5362,18.58,1379709,1071377,0.7765,308332,875627,730412,0.8342,145215,0.1947,Low,Low,0.2235,0.1657999999999999,0.3718,0.6144,0.1853,5.0,0.7832153846153846,0.7603923076923077,873275,460771,0.02385356269728134,0.06934738056143674,0.42019594283493905,False,1.1471703827733122,False,False,3,Medium Coverage,-1.5219683802383337,1.4992259385165585,Maintain monitoring and targeted awareness programs
D0611,UTT_Dist_10,Uttarakhand,0.5834,9.74,0.5402,0.7365,0.587,0.2458,0.1876,0.5502,1.941,0.2634,18.56,53591,38039,0.7098,15552,16448,13780,0.8378,2668,0.2262,Moderate,Low,0.2902,0.1622,0.1527,0.4526,0.1495,2.374,0.7832153846153846,0.7603923076923077,873275,460771,-0.04136884109060157,0.07268839998899812,-0.7287389060780353,False,1.202438779424203,False,False,3,Medium Coverage,-1.843832017968801,-0.410219218047094,Maintain monitoring and targeted awareness programs
D0612,UTT_Dist_11,Uttarakhand,0.6034,61.12,0.6238,0.601,0.5238,0.2707,0.1896,0.4962,1.368,0.2777,13.55,303253,231966,0.7649,71287,104285,73576,0.7055,30709,0.2648,Low,Moderate,0.2350999999999999,0.2945,0.1961,0.407,0.0772,4.1291,0.7832153846153846,0.7603923076923077,873275,460771,0.0973644413088578,0.04238202120990886,1.71513763933743,False,0.7010992931592518,False,False,1,Low Coverage,-0.0848202391265087,-2.1091913994870324,Increase enrollment drives and improve local service access
D0613,UTT_Dist_12,Uttarakhand,0.6368,33.89,0.6889,0.7199,0.6315,0.3093,0.2985,0.597,1.128,0.4079,17.02,202330,144881,0.7161,57449,91036,66560,0.7312,24476,0.2764,Moderate,Moderate,0.2839,0.2688,0.2268,0.5327,0.0884,3.5522,0.7832153846153846,0.7603923076923077,873275,460771,-0.008780395933851048,0.0030187816346805008,-0.15467235627332038,False,0.049937818203178906,False,False,3,Medium Coverage,-0.5074067306289268,-1.252863302866153,Maintain monitoring and targeted awareness programs
D0614,UTT_Dist_13,Uttarakhand,0.6541,59.03,0.645,0.7904,0.6078,0.3039,0.2159,0.5903,1.824,0.3721,13.63,348450,277993,0.7978,70457,114685,95551,0.8332,19134,0.1845,Low,Low,0.2022,0.1667999999999999,0.1678,0.5394,0.1826,4.0948,0.7832153846153846,0.7603923076923077,873275,460771,0.0488618954374056,0.10616657685877084,0.8607339072403247,False,1.7562473395072566,False,False,3,Medium Coverage,-2.3508547883193995,0.4830088442791777,Maintain monitoring and targeted awareness programs
D0615,HIM_Dist_01,Himachal Pradesh,0.766,19.72,0.5667,0.8763,0.7054,0.2946,0.2555,0.3992,2.409,0.2558,17.76,78741,64399,0.8179,14342,45359,36685,0.8088,8674,0.1867,Low,Low,0.1821,0.1912,0.1588,0.504,0.1709,3.0311,0.8238333333333333,0.8578583333333333,463819,163683,0.02805707928124679,0.019973369090506954,0.49424360760682173,False,0.3304069638868935,False,False,0,High Coverage,-2.967577307645834,0.5516969454293135,Maintain current strategy and monitor performance
D0616,HIM_Dist_02,Himachal Pradesh,0.7361,38.54,0.6976,0.7559,0.6429,0.3177,0.1423,0.5935,2.197,0.4995,15.55,228761,200251,0.8754,28510,49371,43446,0.88,5925,0.1223,Low,Low,0.1246,0.12,0.1028,0.6021,0.113,3.6773,0.8238333333333333,0.8578583333333333,463819,163683,0.09616142221681878,0.11693572162010091,1.6939456795432704,False,1.9343945718609714,False,False,0,High Coverage,-3.700947731258588,-1.6218779935419874,Maintain current strategy and monitor performance
D0617,HIM_Dist_03,Himachal Pradesh,0.7767,35.4,0.5855,0.9291,0.7834,0.2069,0.1824,0.4639,1.756,0.5539,17.34,164212,142896,0.8702,21316,58111,50215,0.8641,7896,0.1328,Low,Low,0.1298,0.1359,0.1174,0.704,0.1457,3.5946,0.8238333333333333,0.8578583333333333,463819,163683,0.00562803346815266,0.028201812063331166,0.09914145150816886,False,0.4665249541893993,False,False,0,High Coverage,-4.772404528878846,-0.3126031328551623,Maintain current strategy and monitor performance
D0618,HIM_Dist_04,Himachal Pradesh,0.8871,55.26,0.464,0.7436,0.5455,0.2733,0.1161,0.4169,2.348,0.5048,17.59,230331,188965,0.8204,41366,57750,48327,0.8368,9423,0.1714,Low,Low,0.1795999999999999,0.1632,0.12,0.6003,0.1981,4.03,0.8238333333333333,0.8578583333333333,463819,163683,0.0040269864508044595,0.02798556343055658,0.07093797224110653,False,0.46294768818705156,False,False,0,High Coverage,-4.4781922430178,0.1571410976828563,Maintain current strategy and monitor performance
D0619,HIM_Dist_05,Himachal Pradesh,0.7742,47.66,0.5981,0.9117,0.6554,0.175,0.2113,0.4878,2.017,0.4805,24.47,232445,199994,0.8604,32451,90641,79764,0.88,10877,0.1298,Low,Low,0.1395999999999999,0.12,0.1294,0.653,0.2563,3.8849,0.8238333333333333,0.8578583333333333,463819,163683,-0.011604191425563681,-0.019458645851851974,-0.2044153411713215,False,-0.3218922189912064,False,False,0,High Coverage,-5.253133817860164,2.008130204925226,Maintain current strategy and monitor performance
D0620,HIM_Dist_06,Himachal Pradesh,0.8288,48.81,0.5152,0.7439,0.5229,0.2223,0.3507,0.3795,2.622125,0.4959,20.07,185245,154510,0.8341,30735,154067,135578,0.88,18489,0.143,Low,Low,0.1659,0.12,0.1785,0.5951,0.221,3.9082,0.8238333333333333,0.8578583333333333,463819,163683,0.02869808720835465,0.059169131564305144,0.5055353770466429,False,0.9787979698072504,False,False,0,High Coverage,-3.958613922523877,1.4056979415003985,Maintain current strategy and monitor performance
D0621,HIM_Dist_07,Himachal Pradesh,0.8822,16.25,0.5494,0.8812,0.7681,0.3225,0.133,0.4495,1.839,0.5594,21.32,73038,66215,0.9066,6823,19448,17114,0.88,2334,0.1067,Low,Low,0.0934,0.12,0.0856,0.6881,0.1131,2.8478,0.8238333333333333,0.8578583333333333,463819,163683,0.03616566520498232,0.011139016052315154,0.6370815958153417,False,0.1842657819946442,False,False,0,High Coverage,-5.688265879128815,-1.4536254596797602,Maintain current strategy and monitor performance
D0622,HIM_Dist_08,Himachal Pradesh,0.7958,19.77,0.5301,0.8822,0.6867,0.3944,0.05,0.384,1.953,0.3313,21.1,75932,57141,0.7525,18791,8898,7830,0.88,1068,0.1837,Low,Low,0.2475,0.12,0.095,0.5517,0.1955,3.0335,0.8238333333333333,0.8578583333333333,463819,163683,-0.07596954632612785,0.03963242428198288,-1.3382527193276976,False,0.6556144293512002,False,False,0,High Coverage,-4.428673592130639,0.25266438656784,Maintain current strategy and monitor performance
D0623,HIM_Dist_09,Himachal Pradesh,0.7468,125.46,0.7015,0.8762,0.7324,0.293,0.37,0.5532,1.526,0.2724,19.88,694098,558285,0.8043,135813,417835,356061,0.8522,61774,0.1718,Low,Low,0.1956999999999999,0.1478,0.2442,0.5139,0.1438,4.8399,0.8238333333333333,0.8578583333333333,463819,163683,0.0424890987924722,0.07349308203241844,0.7484729704276901,False,1.2157501316380586,False,False,3,Medium Coverage,-2.2269534081456923,0.4162274877537736,Maintain monitoring and targeted awareness programs
D0624,HIM_Dist_10,Himachal Pradesh,0.8074,17.62,0.5466,0.756,0.6697,0.2548,0.1767,0.5198,1.799,0.5301,21.4,91608,71944,0.7853,19664,28025,22366,0.7981,5659,0.2083,Low,Low,0.2147,0.2018999999999999,0.1446,0.6205,0.0863,2.9242,0.8238333333333333,0.8578583333333333,463819,163683,-0.03734321660820594,-0.036643229554655266,-0.6578249257913893,False,-0.6061660488683949,False,False,0,High Coverage,-3.4252674138211163,-1.9361496646735188,Maintain current strategy and monitor performance
D0625,HIM_Dist_11,Himachal Pradesh,0.7461,96.06,0.5458,0.7564,0.5338,0.2707,0.1892,0.4682,1.816,0.4515,20.37,449765,375325,0.8345,74440,163593,143961,0.88,19632,0.1428,Low,Low,0.1654999999999999,0.12,0.1446,0.5735,0.2226,4.5753,0.8238333333333333,0.8578583333333333,463819,163683,0.03881511026634832,0.06754878176802737,0.6837532850585599,False,1.11741728684399,False,False,0,High Coverage,-4.155317206301762,0.9364127241248,Maintain current strategy and monitor performance
D0626,HIM_Dist_12,Himachal Pradesh,0.8148,30.35,0.5865,0.7014,0.5927,0.1845,0.2999,0.4731,2.225,0.4691,18.91,143580,104012,0.7244,39568,81905,69973,0.8543,11932,0.2106,Moderate,Low,0.2755999999999999,0.1457,0.191,0.562,0.1087,3.4452,0.8238333333333333,0.8578583333333333,463819,163683,-0.051971392529927884,0.06826863866868715,-0.9155097107182889,False,1.1293254297267703,False,False,3,Medium Coverage,-2.3655017980816857,-1.1099838833937417,Maintain monitoring and targeted awareness programs
D0627,TRI_Dist_01,Tripura,0.5534,39.45,0.685,0.7672,0.6557,0.3604,0.3569,0.5479,1.112,0.4172,11.61,216135,145027,0.671,71108,126716,81328,0.6418,45388,0.3436,Moderate,Moderate,0.3289999999999999,0.3581999999999999,0.2825,0.5572,0.1115,3.7001,0.7296,0.6680375,621072,317335,-0.040341830939195966,-0.036517887105397495,-0.7106474576706017,False,-0.6040925870544273,False,False,1,Low Coverage,0.9235715221979136,-0.1560471018150293,Increase enrollment drives and improve local service access
D0628,TRI_Dist_02,Tripura,0.6128,6.62,0.638,0.7169,0.5737,0.2459,0.3397,0.6237,1.769,0.4565,15.22,41266,29888,0.7243,11378,20228,12706,0.6282,7522,0.3238,Moderate,Moderate,0.2756999999999999,0.3718,0.2376,0.5607,0.1432,2.0308,0.7296,0.6680375,621072,317335,-0.01678761310513588,-0.10354543083147283,-0.29572466831050187,False,-1.712887358682435,False,False,1,Low Coverage,-0.0908659241394094,0.1457744735040771,Increase enrollment drives and improve local service access
D0629,TRI_Dist_03,Tripura,0.4674,71.15,0.6833,0.5415,0.4466,0.3372,0.2089,0.6552,1.057,0.2789,13.76,466192,297173,0.6374,169019,133755,79779,0.5965,53976,0.383,Moderate,High,0.3626,0.4034999999999999,0.2886,0.3839,0.0949,4.2787,0.7296,0.6680375,621072,317335,0.008066197783385132,-0.039818448798874195,0.1420912936859736,False,-0.6586917166916207,False,False,1,Low Coverage,2.285990707272345,-1.4645648191843583,Increase enrollment drives and improve local service access
D0630,TRI_Dist_04,Tripura,0.5792,33.88,0.6531,0.6622,0.4645,0.182,0.3518,0.4725,1.665,0.4404,19.24,160087,123105,0.769,36982,107275,74735,0.6967,32540,0.2672,Low,Moderate,0.2309999999999999,0.3033,0.2351,0.5291,0.1977,3.5519,0.7296,0.6680375,621072,317335,0.036106961969572415,-0.06093595913759775,0.6360475003360379,False,-1.0080254942960667,False,False,3,Medium Coverage,-0.8259068049554918,1.0545465192042258,Maintain monitoring and targeted awareness programs
D0631,TRI_Dist_05,Tripura,0.5454,77.89,0.6373,0.7123,0.6377,0.3091,0.1868,0.5267,2.407,0.3525,12.97,410223,296085,0.7218,114138,130971,80643,0.6157,50328,0.3312,Moderate,Moderate,0.2782,0.3843,0.2422,0.4964,0.0746,4.3681,0.7296,0.6680375,621072,317335,-0.011216762527626933,-0.09460110132560717,-0.19759053042434052,False,-1.564926904807652,False,False,1,Low Coverage,0.4881701059427838,-1.6794266984504689,Increase enrollment drives and improve local service access
D0632,TRI_Dist_06,Tripura,0.5205,62.43,0.6637,0.5953,0.5206,0.1612,0.3629,0.6807,1.413,0.3781,13.78,424959,280503,0.6601,144456,203908,119944,0.5882,83964,0.3758,Moderate,High,0.3399,0.4118,0.3337,0.465,0.0747,4.1499,0.7296,0.6680375,621072,317335,-0.013853194342615005,-0.08129720549460939,-0.2440329829115858,False,-1.3448488694259768,False,False,1,Low Coverage,2.186548391755044,-1.230245037515764,Increase enrollment drives and improve local service access
D0633,TRI_Dist_07,Tripura,0.6341,46.9,0.6426,0.7122,0.5188,0.1824,0.2556,0.5659,0.913,0.4242,20.05,265397,235384,0.8869,30013,107905,82150,0.7613,25755,0.1759,Low,Low,0.1130999999999999,0.2387,0.1652,0.5394,0.1934,3.8691,0.7296,0.6680375,621072,317335,0.1398924864824892,-0.008645564812646112,2.4642966754723106,False,-0.14301817624753346,False,False,0,High Coverage,-2.711373558709607,0.5207465546678145,Maintain current strategy and monitor performance
D0634,TRI_Dist_08,Tripura,0.5068,29.28,0.6521,0.6973,0.4982,0.3633,0.3683,0.6428,1.325,0.29,18.5,188184,144206,0.7663,43978,97040,79178,0.8159,17862,0.2089,Low,Low,0.2337,0.1841,0.2142,0.4529,0.1991,3.4105,0.7296,0.6680375,621072,317335,0.0724160603979892,0.09462155045077636,1.2756557651999212,False,1.565265181906401,False,False,3,Medium Coverage,-1.0074427481451038,1.1702774271194158,Maintain monitoring and targeted awareness programs
D0635,MEG_Dist_01,Meghalaya,0.5806,76.4,0.3875,0.6961,0.6261,0.2837,0.4267,0.3275,1.688,0.2683,18.57,250185,165830,0.6628,84355,293389,235934,0.8042,57455,0.2665,Moderate,Low,0.3372,0.1957999999999999,0.2809,0.4394,0.07,4.349,0.6826,0.7160166666666666,1089917,549181,-0.06899011607502115,0.0580800022613559,-1.215305538982534,False,0.9607811843246701,False,False,3,Medium Coverage,-0.286781629150423,-1.111134885633995,Maintain monitoring and targeted awareness programs
D0636,MEG_Dist_02,Meghalaya,0.4949,27.53,0.8446,0.6571,0.5317,0.3176,0.05,0.7235,1.913,0.4772,12.49,199150,134291,0.6743,64859,12386,7927,0.6401,4459,0.3428,Moderate,Moderate,0.3257,0.3599,0.1747,0.5492,0.1254,3.351,0.6826,0.7160166666666666,1089917,549181,-0.03883598528044108,-0.05281081543896704,-0.6841210119410863,False,-0.8736163193367996,False,False,1,Low Coverage,0.3897486844132774,-1.374523425166856,Increase enrollment drives and improve local service access
D0637,MEG_Dist_03,Meghalaya,0.569,67.86,0.5646,0.6125,0.526,0.2887,0.3464,0.5319,1.61,0.3082,19.05,360926,249971,0.6926,110955,211571,147019,0.6949,64552,0.3063,Moderate,Moderate,0.3074,0.3051,0.2837,0.4299,0.0865,4.2321,0.6826,0.7160166666666666,1089917,549181,-0.004152591081086787,-0.030776469742557322,-0.07315057908458629,False,-0.5091159073230633,False,False,1,Low Coverage,0.5227316608332239,-1.2246253818725326,Increase enrollment drives and improve local service access
D0638,MEG_Dist_04,Meghalaya,0.4143,28.82,0.8784,0.6515,0.4987,0.2101,0.458,0.7781,1.278,0.3246,19.84,224235,142069,0.6336,82166,118782,87717,0.7385,31065,0.314,Moderate,Moderate,0.3663999999999999,0.2614999999999999,0.2999,0.4554,0.1528,3.3952,0.6826,0.7160166666666666,1089917,549181,-0.03254169904298243,0.028295927708682833,-0.5732430867611333,False,0.4680818504993819,False,False,1,Low Coverage,1.668946403809997,0.6009550396265412,Increase enrollment drives and improve local service access
D0639,MEG_Dist_05,Meghalaya,0.5205,34.54,0.5043,0.5733,0.4809,0.2314,0.2816,0.4588,2.042,0.3752,21.44,158454,95063,0.5999,63391,87553,63210,0.722,24343,0.339,High,Moderate,0.4001,0.278,0.2487,0.4544,0.0924,3.5707,0.6826,0.7160166666666666,1089917,549181,-0.13025906495603623,-0.048533142735781465,-2.294597721383571,True,-0.8028534528440081,False,False,1,Low Coverage,0.3479398023328762,-1.4601730815916154,Increase enrollment drives and improve local service access
D0640,MEG_Dist_06,Meghalaya,0.508,46.8,0.7295,0.6762,0.5443,0.5117,0.1964,0.5462,1.254,0.2999,19.44,255617,189333,0.7407,66284,82722,61499,0.7434,21223,0.2579,Moderate,Moderate,0.2593,0.2566,0.1906,0.4504,0.1319,3.867,0.6826,0.7160166666666666,1089917,549181,0.04952780933929357,0.019565249297315845,0.8724644115428485,False,0.32365569317440035,False,False,3,Medium Coverage,-0.5704059356389805,-0.8387085252119015,Maintain monitoring and targeted awareness programs
D0641,MEG_Dist_07,Meghalaya,0.4941,97.09,0.6356,0.6885,0.5225,0.3962,0.2495,0.4949,1.317,0.3211,17.13,480485,332308,0.6916,148177,217980,161880,0.7426,56100,0.2829,Moderate,Moderate,0.3084,0.2573999999999999,0.2546,0.4681,0.166,4.5859,0.6826,0.7160166666666666,1089917,549181,-0.01128753648832681,0.025830204765637244,-0.19883725954073644,False,0.4272929366357729,False,False,1,Low Coverage,-0.143926421901523,0.2906897638185984,Increase enrollment drives and improve local service access
D0642,MEG_Dist_08,Meghalaya,0.4294,31.86,0.7246,0.5955,0.4367,0.2153,0.3091,0.6706,1.785,0.4654,17.71,213657,149129,0.698,64528,88627,44292,0.4998,44335,0.4011,Moderate,High,0.302,0.5002,0.2887,0.5174,0.1588,3.4923,0.6826,0.7160166666666666,1089917,549181,-0.007420217428309339,-0.22645629678005919,-0.13071193171059411,False,-3.7461250094162497,True,False,1,Low Coverage,1.7253161217090065,0.2652725386415924,Increase enrollment drives and improve local service access
D0643,MEG_Dist_09,Meghalaya,0.4397,147.41125000000002,0.7082,0.7045,0.5392,0.2124,0.5648,0.5472,1.425,0.4379,14.72,856551,591567,0.6906,264984,795676,620607,0.78,175069,0.2647,Moderate,Low,0.3094,0.2199999999999999,0.4189,0.5445,0.1653,5.0,0.6826,0.7160166666666666,1089917,549181,-0.0074229551734869,0.0845103707472068,-0.13076015886352416,False,1.3980022543534147,False,False,1,Low Coverage,1.1870507004572832,1.578845658263316,Increase enrollment drives and improve local service access
D0644,MEG_Dist_10,Meghalaya,0.5826,14.18,0.4908,0.7347,0.6266,0.1571,0.3835,0.4269,1.913,0.3117,22.39,60540,41915,0.6924,18625,48945,37822,0.7727,11123,0.2674,Moderate,Low,0.3076,0.2272999999999999,0.2317,0.4809,0.1081,2.72,0.6826,0.7160166666666666,1089917,549181,-0.07894145735648161,-0.03331634722787502,-1.3906048552861803,False,-0.5511315134417221,False,False,3,Medium Coverage,-0.97475001462914,-0.5184308360521457,Maintain monitoring and targeted awareness programs
D0645,MEG_Dist_11,Meghalaya,0.4478,29.82,0.7126,0.8134,0.6894,0.2233,0.415,0.6189,1.439,0.3215,16.17,184539,124011,0.672,60528,111355,69687,0.6258,41668,0.3511,Moderate,Moderate,0.3279999999999999,0.3742,0.2983,0.5183,0.124,3.4282,0.6826,0.7160166666666666,1089917,549181,-0.06042630373181035,-0.10363379850509624,-1.0644484428125536,False,-1.7143491698879147,False,False,1,Low Coverage,1.2739036324552095,0.446939800281361,Increase enrollment drives and improve local service access
D0646,MEG_Dist_12,Meghalaya,0.6355,38.3,0.7491,0.6238,0.5002,0.2901,0.3003,0.6197,1.716,0.3748,21.14,237358,176293,0.7427,61065,103538,85749,0.8282,17789,0.2145,Moderate,Low,0.2573,0.1717999999999999,0.2016,0.4744,0.1236,3.6712,0.6826,0.7160166666666666,1089917,549181,0.037434331003115995,0.07868938295775996,0.6594299648181194,False,1.3017092907767371,False,False,3,Medium Coverage,-1.133105409006678,-0.9697168347388704,Maintain monitoring and targeted awareness programs
D0647,MAN_Dist_01,Manipur,0.6225,138.68,0.5545,0.7534,0.6639,0.1619,0.2998,0.5563,1.812,0.3565,25.05,771509,556513,0.7213,214996,374200,304640,0.8141,69560,0.2323,Moderate,Low,0.2786999999999999,0.1858999999999999,0.2757,0.5153,0.0895,4.9394,0.7048,0.69389375,2465710,1654047,-0.0751427382517218,-0.02884865780936774,-1.3236879600597447,False,-0.47722531916518146,False,False,3,Medium Coverage,-1.636900382515856,-1.1493705880935023,Maintain monitoring and targeted awareness programs
D0648,MAN_Dist_02,Manipur,0.5459,147.41125000000002,0.689,0.7015,0.5788,0.2338,0.3659,0.5467,1.85,0.2402,18.79,1093421,759670,0.6948,333751,658678,453489,0.6885,205189,0.3084,Moderate,Moderate,0.3052,0.3115,0.4089,0.4247,0.1227,5.0,0.7048,0.69389375,2465710,1654047,-0.007622925123652924,-0.04152523772549588,-0.13428275893862013,False,-0.6869260593649072,False,False,1,Low Coverage,1.251912088262615,0.0999377625132841,Increase enrollment drives and improve local service access
D0649,MAN_Dist_03,Manipur,0.4949,46.24,0.7292,0.6371,0.4974,0.2938,0.382,0.5388,1.71,0.3639,18.17,249134,162044,0.6504,87090,158951,116760,0.7346,42191,0.3075,Moderate,Moderate,0.3496,0.2653999999999999,0.2798,0.4732,0.1397,3.8552,0.7048,0.69389375,2465710,1654047,-0.03896938301600639,0.018469040700524575,-0.6864708993763228,False,0.3055217993575069,False,False,1,Low Coverage,0.8633785166620378,0.0319301336738346,Increase enrollment drives and improve local service access
D0650,MAN_Dist_04,Manipur,0.4468,79.13,0.7561,0.555,0.4856,0.2844,0.2621,0.6283,1.192,0.2882,14.63,497175,321110,0.6459,176065,186685,125411,0.6718,61274,0.3412,Moderate,Moderate,0.3540999999999999,0.3282,0.2925,0.3949,0.0694,4.3837,0.7048,0.69389375,2465710,1654047,0.013147227229093117,0.02678140849677979,0.23159691536640947,False,0.4430281055710118,False,False,1,Low Coverage,2.14785074454283,-1.8875097384448,Increase enrollment drives and improve local service access
D0651,MAN_Dist_05,Manipur,0.5474,41.26,0.6683,0.7709,0.6252,0.1658,0.2178,0.6182,1.21,0.2884,17.6,255064,192319,0.754,62745,80861,63949,0.7909,16912,0.2276,Low,Low,0.246,0.2090999999999999,0.1824,0.4814,0.1457,3.7438,0.7048,0.69389375,2465710,1654047,0.01571030995145717,0.04580591426000824,0.2767472761220167,False,0.7577386163616441,False,False,3,Medium Coverage,-1.346293241021668,-0.2542419962337435,Maintain monitoring and targeted awareness programs
D0652,MAN_Dist_06,Manipur,0.5796,130.54,0.6423,0.614,0.5458,0.3309,0.3682,0.6275,1.619,0.3772,9.5,819113,666962,0.8142,152151,432575,245501,0.5675,187074,0.3091,Low,High,0.1857999999999999,0.4325,0.3448,0.4719,0.0682,4.8793,0.7048,0.69389375,2465710,1654047,0.15613666104493473,-0.058741899090847705,2.7504483221874025,False,-0.9717305299689173,False,False,1,Low Coverage,1.5215538224150895,-1.314946284650276,Increase enrollment drives and improve local service access
D0653,MAN_Dist_07,Manipur,0.4898,60.54,0.6668,0.668,0.5463,0.347,0.3029,0.4956,1.35,0.3776,15.77,300028,187160,0.6238,112868,165038,118638,0.7189,46400,0.3287,Moderate,Moderate,0.3762,0.2811,0.2743,0.4938,0.1217,4.1197,0.7048,0.69389375,2465710,1654047,-0.07442385275892971,0.016793420721513463,-1.3110243269049013,False,0.27780306510766184,False,False,1,Low Coverage,0.8369007438570931,-0.4418557721611575,Increase enrollment drives and improve local service access
D0654,MAN_Dist_08,Manipur,0.5237,34.17,0.632,0.5764,0.4378,0.3877,0.2896,0.5317,1.808,0.282,15.92,181668,123900,0.682,57768,89052,62983,0.7073,26069,0.3054,Moderate,Moderate,0.3179999999999999,0.2926999999999999,0.2364,0.3998,0.1386,3.5602,0.7048,0.69389375,2465710,1654047,0.023552097200225885,0.02948919807273276,0.41488543302241615,False,0.48782137647998997,False,False,1,Low Coverage,0.7075062625591394,-0.454784740243858,Increase enrollment drives and improve local service access
D0655,MAN_Dist_09,Manipur,0.5381,147.41125000000002,0.598,0.7228,0.5326,0.3672,0.4764,0.4937,1.982,0.2561,17.2,987342,697467,0.7064,289875,857439,573535,0.6689,283904,0.3123,Moderate,Moderate,0.2935999999999999,0.3310999999999999,0.455,0.4428,0.1902,5.0,0.7048,0.69389375,2465710,1654047,0.007435524137048399,-0.04868370367562469,0.1309815692893713,False,-0.8053440883891776,False,False,1,Low Coverage,1.306147188821936,2.062090889779448,Increase enrollment drives and improve local service access
D0656,MAN_Dist_10,Manipur,0.5616,24.06,0.7157,0.6949,0.5185,0.1872,0.2562,0.61,2.119,0.4232,9.75,146756,109201,0.7441,37555,55476,33754,0.6085,21722,0.3237,Moderate,Moderate,0.2559,0.3914999999999999,0.2257,0.5319,0.1764,3.2213,0.7048,0.69389375,2465710,1654047,0.03384134039064923,-0.0641821394111729,0.5961371101127679,False,-1.06172502608574,False,False,1,Low Coverage,0.4114011500160338,0.5836362449513165,Increase enrollment drives and improve local service access
D0657,MAN_Dist_11,Manipur,0.6191,31.07,0.6816,0.7057,0.5454,0.3552,0.179,0.5316,1.706,0.4241,16.11,165196,117392,0.7106,47804,50068,39657,0.7921,10411,0.2486,Moderate,Low,0.2894,0.2078999999999999,0.1721,0.5367,0.1603,3.4679,0.7048,0.69389375,2465710,1654047,-0.02464035651628238,0.05739778501996273,-0.4340558251010483,False,0.9494956908048329,False,False,3,Medium Coverage,-1.4629600547863006,-0.2816610554208482,Maintain monitoring and targeted awareness programs
D0658,MAN_Dist_12,Manipur,0.332,147.41125000000002,0.8137,0.6852,0.5985,0.315,0.5702,0.6893,0.9,0.2269,13.91,1317521,828850,0.6291,488671,980885,549855,0.5606,431030,0.4052,Moderate,High,0.3709,0.4394,0.6331,0.4102,0.0867,5.0,0.7048,0.69389375,2465710,1654047,0.00815653374371772,-0.06762130110624442,0.1436826200847012,False,-1.1186169289408219,False,False,2,Critical Priority,5.118414297305374,0.6118612851308272,"Immediate outreach, mobile camps, beneficiary verification, and awareness campaigns"
D0659,MAN_Dist_13,Manipur,0.5857,115.57,0.7463,0.6702,0.4755,0.1942,0.3705,0.5831,1.489,0.4777,22.07,673869,484800,0.7194,189069,385382,249699,0.6479,135683,0.3163,Moderate,Moderate,0.2805999999999999,0.3520999999999999,0.3436,0.5547,0.1947,4.7585,0.7048,0.69389375,2465710,1654047,-0.019275090856197385,-0.1338566984171351,-0.33954319857174303,False,-2.2143077174196013,True,False,1,Low Coverage,0.1219126243230459,1.289447766910934,Increase enrollment drives and improve local service access
D0660,MAN_Dist_14,Manipur,0.4849,42.31,0.6329,0.8142,0.6029,0.4012,0.308,0.4793,1.705,0.3916,16.45,202767,145416,0.7172,57351,117268,87057,0.7424,30211,0.2702,Moderate,Moderate,0.2828,0.2576,0.229,0.5606,0.2113,3.7684,0.7048,0.69389375,2465710,1654047,-0.04004975133365629,-0.011041232131587475,-0.7055022864108507,False,-0.18264820369800833,False,False,3,Medium Coverage,-0.959180521877494,1.688796581656411,Maintain monitoring and targeted awareness programs
D0661,MAN_Dist_15,Manipur,0.5054,19.19,0.5989,0.6913,0.5927,0.3644,0.3353,0.4726,1.505,0.3998,9.9,90673,68642,0.757,22031,57894,35436,0.6121,22458,0.3154,Low,Moderate,0.243,0.3879,0.2413,0.5164,0.0986,3.0052,0.7048,0.69389375,2465710,1654047,0.0632843552083946,-0.04277333325960164,1.1147948690507077,False,-0.7075725238745469,False,False,1,Low Coverage,0.7294442398543695,-0.7547483585660906,Increase enrollment drives and improve local service access
D0662,MAN_Dist_16,Manipur,0.5184,71.52,0.648,0.6394,0.4952,0.2368,0.4439,0.6476,1.791,0.3669,20.46,463224,327304,0.7066,135920,285773,221814,0.7762,63959,0.2586,Moderate,Low,0.2934,0.2238,0.3018,0.4759,0.1442,4.2839,0.7048,0.69389375,2465710,1654047,-0.0025660628884713876,0.02837463931563866,-0.04520285831049558,False,0.46938392742787166,False,False,1,Low Coverage,0.0898772909597771,0.2831749820325539,Increase enrollment drives and improve local service access
D0663,NAG_Dist_01,Nagaland,0.5243,12.42,0.6118,0.6042,0.5383,0.2707,0.3036,0.4686,1.588,0.3633,15.9,58199,39043,0.6709,19156,33933,21932,0.6464,12001,0.3414,Moderate,Moderate,0.3290999999999999,0.3536,0.2378,0.4597,0.0659,2.5967,0.7125083333333334,0.690925,1679620,910398,-0.020376370673370392,-0.05151056225300943,-0.3589429552024492,False,-0.8521070433848957,False,False,1,Low Coverage,1.0222048655350986,-1.8315502767922875,Increase enrollment drives and improve local service access
D0664,NAG_Dist_02,Nagaland,0.5537,31.69,0.6623,0.5978,0.5248,0.2999,0.321,0.7133,1.979,0.3245,18.2,226017,167250,0.74,58767,91543,67766,0.7403,23777,0.2599,Moderate,Moderate,0.26,0.2597,0.2272,0.4338,0.073,3.4871,0.7125083333333334,0.690925,1679620,910398,0.05161944812124564,0.025327887314346653,0.9093099822111451,False,0.4189834129276583,False,False,1,Low Coverage,0.0961873352970233,-1.824346591097036,Increase enrollment drives and improve local service access
D0665,NAG_Dist_03,Nagaland,0.3616,61.51,0.8219,0.6138,0.4641,0.3327,0.4253,0.7322,1.255,0.3864,12.62,450430,264692,0.5876,185738,235479,139759,0.5935,95720,0.4094,High,High,0.4124,0.4065,0.3832,0.4774,0.1497,4.1353,0.7125083333333334,0.690925,1679620,910398,-0.04941446186060039,-0.041777399382838976,-0.870467722357987,False,-0.6910974120913284,False,False,2,Critical Priority,3.4598824535602537,0.749660724250422,"Immediate outreach, mobile camps, beneficiary verification, and awareness campaigns"
D0666,NAG_Dist_04,Nagaland,0.4806,34.04,0.6947,0.6671,0.5161,0.3923,0.2282,0.5473,1.71,0.3284,16.28,186290,143136,0.7684,43154,69920,39466,0.5645,30454,0.3336,Low,High,0.2316,0.4355,0.2259,0.4639,0.151,3.5565,0.7125083333333334,0.690925,1679620,910398,0.07241613840725092,-0.1427282426550719,1.275657139383547,False,-2.3610641300891615,True,False,1,Low Coverage,0.5652274864351157,-0.1208580080015597,Increase enrollment drives and improve local service access
D0667,NAG_Dist_05,Nagaland,0.494,117.36,0.7935,0.6598,0.5296,0.1613,0.4201,0.6842,1.37,0.3001,10.14,802929,526881,0.6562,276048,443759,279291,0.6294,164468,0.3572,Moderate,Moderate,0.3438,0.3706,0.4126,0.444,0.1302,4.7737,0.7125083333333334,0.690925,1679620,910398,0.014189825702645487,0.00866470358404381,0.24996296215584615,False,0.14333477698265584,False,False,2,Critical Priority,2.8944786919757246,0.466177942856625,"Immediate outreach, mobile camps, beneficiary verification, and awareness campaigns"
D0668,NAG_Dist_06,Nagaland,0.5621,30.38,0.7615,0.5847,0.486,0.2947,0.1244,0.7699,1.413,0.2534,17.99,233911,163460,0.6988,70451,34027,24419,0.7176,9608,0.2918,Moderate,Moderate,0.3012,0.2824,0.1802,0.3859,0.0987,3.4462,0.7125083333333334,0.690925,1679620,910398,0.0350300053434337,0.02287838879991899,0.6170762124552255,False,0.37846288964833996,False,False,1,Low Coverage,0.2001234097011956,-1.9726213690519268,Increase enrollment drives and improve local service access
D0669,NAG_Dist_07,Nagaland,0.549,147.41125000000002,0.5381,0.6384,0.5384,0.3185,0.3741,0.5213,1.484,0.229,10.69,889534,557535,0.6268,331999,574446,366593,0.6382,207853,0.3675,Moderate,Moderate,0.3732,0.3618,0.4353,0.3928,0.1,5.0,0.7125083333333334,0.690925,1679620,910398,-0.0240819365735645,0.008177138117465343,-0.42421889644991884,False,0.13526928613940026,False,False,2,Critical Priority,2.552486844106253,-0.243879191502233,"Immediate outreach, mobile camps, beneficiary verification, and awareness campaigns"
D0670,NAG_Dist_08,Nagaland,0.5215,64.6,0.6714,0.7726,0.6431,0.2583,0.4434,0.489,1.242,0.2568,13.58,315857,246689,0.781,69168,257772,168403,0.6533,89369,0.2828,Low,Moderate,0.2189999999999999,0.3467,0.2979,0.4631,0.1295,4.1836,0.7125083333333334,0.690925,1679620,910398,0.08980260628354941,-0.02635228248013677,1.5819310220136815,False,-0.4359293420309986,False,False,1,Low Coverage,0.7453841180879786,0.48963644430096,Increase enrollment drives and improve local service access
D0671,NAG_Dist_09,Nagaland,0.6415,147.41125000000002,0.6457,0.7498,0.5976,0.1159,0.2727,0.5281,1.688,0.4442,20.53,1050292,778590,0.7413,271702,488110,353196,0.7236,134914,0.2675,Moderate,Moderate,0.2587,0.2764,0.3214,0.5664,0.1522,5.0,0.7125083333333334,0.690925,1679620,910398,-0.04195857850634599,-0.07841653755152134,-0.7391275122824347,False,-1.2971957797178741,False,False,3,Medium Coverage,-1.0641609738302955,0.2350196382906994,Maintain monitoring and targeted awareness programs
D0672,NAG_Dist_10,Nagaland,0.6457,35.27,0.6805,0.7909,0.6701,0.2473,0.3554,0.4805,2.268,0.552,20.49,169455,124211,0.733,45244,112818,86080,0.763,26738,0.252,Moderate,Low,0.267,0.237,0.2309,0.6476,0.1208,3.591,0.7125083333333334,0.690925,1679620,910398,-0.07796565240880016,-0.05943410743244093,-1.373415419677841,False,-0.9831813000161163,False,False,3,Medium Coverage,-1.6518540398828558,-0.3178924876954299,Maintain monitoring and targeted awareness programs
D0673,NAG_Dist_11,Nagaland,0.5808,19.01,0.7364,0.7593,0.6604,0.3728,0.3674,0.6219,1.61,0.4377,19.21,118217,95015,0.8037,23202,62857,55314,0.88,7543,0.1581,Low,Low,0.1963,0.12,0.1835,0.5663,0.0989,2.9962,0.7125083333333334,0.690925,1679620,910398,0.05748217566889813,0.1181350304914196,1.0125857218034269,False,1.9542339890939788,False,False,3,Medium Coverage,-2.002256123342521,-1.0099475218663094,Maintain monitoring and targeted awareness programs
D0674,NAG_Dist_12,Nagaland,0.5711,147.41125000000002,0.6238,0.6441,0.5731,0.2548,0.2319,0.5532,2.071,0.418,16.86,1106318,821327,0.7424,284991,417348,309395,0.7413,107953,0.2581,Moderate,Moderate,0.2576,0.2587,0.301,0.5084,0.071,5.0,0.7125083333333334,0.690925,1679620,910398,0.008365984798453519,0.0027329430921396725,0.14737223595212873,False,0.045209369808974297,False,False,3,Medium Coverage,-0.2824599673210481,-1.867401074024372,Maintain monitoring and targeted awareness programs
D0675,ARU_Dist_01,Arunachal Pradesh,0.5424,85.61,0.6574,0.6869,0.5441,0.332,0.4348,0.5739,1.578,0.2642,17.79,491358,345633,0.7034,145725,334996,256385,0.7653,78611,0.2656,Moderate,Low,0.2966,0.2347,0.3099,0.4333,0.1428,4.4614,0.6999384615384615,0.7061269230769232,2102077,1084144,0.019155092615176006,0.0570405619816543,0.33742935190305573,False,0.9435863733039535,False,False,1,Low Coverage,0.4549370826147952,0.4389331906241101,Increase enrollment drives and improve local service access
D0676,ARU_Dist_02,Arunachal Pradesh,0.5197,39.27,0.6994,0.6753,0.5667,0.3733,0.4553,0.6231,1.317,0.3482,14.04,244678,155515,0.6356,89163,160906,107983,0.6711,52923,0.3467,Moderate,Moderate,0.3643999999999999,0.3288999999999999,0.3216,0.479,0.1086,3.6956,0.6999384615384615,0.7061269230769232,2102077,1084144,-0.033157721791811534,0.004408211834973752,-0.5840947261173696,False,0.0729222937782235,False,False,1,Low Coverage,1.815490452344772,-0.0933765536929992,Increase enrollment drives and improve local service access
D0677,ARU_Dist_03,Arunachal Pradesh,0.5886,11.2,0.6955,0.7489,0.5492,0.272,0.324,0.6487,1.053,0.4322,17.49,72632,52974,0.7294,19658,32650,26025,0.7971,6625,0.2368,Moderate,Low,0.2705999999999999,0.2028999999999999,0.2005,0.5589,0.1997,2.5014,0.6999384615384615,0.7061269230769232,2102077,1084144,-0.005706657231277057,0.054590296067186794,-0.1005264599747865,False,0.9030531554053095,False,False,3,Medium Coverage,-1.426026424010684,1.1354042612411777,Maintain monitoring and targeted awareness programs
D0678,ARU_Dist_04,Arunachal Pradesh,0.4945,23.25,0.4828,0.6632,0.5006,0.3334,0.4704,0.3936,1.097,0.337,19.45,91510,62918,0.6876,28592,98427,76400,0.7762,22027,0.2681,Moderate,Low,0.3124,0.2238,0.2649,0.4675,0.1626,3.1884,0.6999384615384615,0.7061269230769232,2102077,1084144,-0.01813544558666247,0.04200958689921208,-0.3194676096709435,False,0.6949383450844856,False,False,3,Medium Coverage,-0.2334158603530552,0.8246983993567454,Maintain monitoring and targeted awareness programs
D0679,ARU_Dist_05,Arunachal Pradesh,0.6641,60.3,0.6096,0.7072,0.5616,0.2313,0.3281,0.4441,2.027,0.4788,19.69,267826,224144,0.8369,43682,178059,133048,0.7472,45011,0.2079,Low,Moderate,0.1631,0.2528,0.2105,0.5702,0.1456,4.1158,0.6999384615384615,0.7061269230769232,2102077,1084144,0.0662317954984788,-0.04052034719680042,1.1667159370840363,False,-0.6703027832856053,False,False,3,Medium Coverage,-2.087978885365325,-0.1560488308074118,Maintain monitoring and targeted awareness programs
D0680,ARU_Dist_06,Arunachal Pradesh,0.5132,96.46,0.5232,0.6674,0.5547,0.2931,0.3396,0.4853,1.433,0.2478,15.83,468068,319586,0.6828,148482,294797,220651,0.7485,74146,0.2844,Moderate,Moderate,0.3172,0.2514999999999999,0.2883,0.4156,0.1127,4.5794,0.6999384615384615,0.7061269230769232,2102077,1084144,-0.008373490602347822,0.05108686474935098,-0.14750445554563518,False,0.8450980803416984,False,False,1,Low Coverage,0.4338613188725516,-0.4837890112854769,Increase enrollment drives and improve local service access
D0681,ARU_Dist_07,Arunachal Pradesh,0.47,58.39,0.6225,0.7556,0.585,0.3255,0.2726,0.5651,0.856,0.3658,15.99,329979,210715,0.6386,119264,143283,89680,0.6259,53603,0.3678,Moderate,Moderate,0.3614,0.3741,0.2853,0.5217,0.1706,4.0841,0.6999384615384615,0.7061269230769232,2102077,1084144,-0.08696924333290823,-0.09641382581575964,-1.5320195001362518,False,-1.594913673311317,False,False,1,Low Coverage,0.7326829774426,0.8402290824126848,Increase enrollment drives and improve local service access
D0682,ARU_Dist_08,Arunachal Pradesh,0.5525,45.92,0.617,0.81,0.7128,0.2056,0.1598,0.4748,1.502,0.3962,15.22,217997,146967,0.6742,71030,66052,40950,0.62,25102,0.3529,Moderate,Moderate,0.3258,0.38,0.2205,0.5617,0.0972,3.8484,0.6999384615384615,0.7061269230769232,2102077,1084144,-0.10483938516773839,-0.13635358518489182,-1.8468136125370644,False,-2.2556121549617276,True,False,1,Low Coverage,-0.1573276492439808,-1.0743416858671395,Increase enrollment drives and improve local service access
D0683,ARU_Dist_09,Arunachal Pradesh,0.4589,23.51,0.7899,0.7104,0.5331,0.3643,0.3065,0.6371,1.833,0.3721,14.34,149740,100886,0.6737,48854,64843,38020,0.5863,26823,0.37,Moderate,High,0.3263,0.4136999999999999,0.2646,0.5074,0.1773,3.1991,0.6999384615384615,0.7061269230769232,2102077,1084144,-0.022376331055093512,-0.10783402454251845,-0.39417355152453504,False,-1.7838308845839257,False,False,1,Low Coverage,1.4184630835042076,0.9054381060789763,Increase enrollment drives and improve local service access
D0684,ARU_Dist_10,Arunachal Pradesh,0.5154,63.14,0.6984,0.6876,0.5576,0.2838,0.3224,0.5983,1.597,0.3538,16.11,377750,269603,0.7137,108147,183197,144321,0.7878,38876,0.2493,Moderate,Low,0.2863,0.2122,0.2444,0.4873,0.13,4.1611,0.6999384615384615,0.7061269230769232,2102077,1084144,0.009730822768659997,0.07741627371883031,0.1714147400001196,False,1.2806490401787827,False,False,3,Medium Coverage,-0.1798607990374044,-0.3390329318143035,Maintain monitoring and targeted awareness programs
D0685,ARU_Dist_11,Arunachal Pradesh,0.5212,77.24,0.7383,0.6456,0.5304,0.1762,0.2662,0.5943,1.674,0.3064,13.88,459039,311632,0.6789,147407,185027,104241,0.5634,80786,0.3789,Moderate,High,0.3211,0.4366,0.3059,0.4421,0.1152,4.3598,0.6999384615384615,0.7061269230769232,2102077,1084144,-0.0002993475970196613,-0.1134114590344959,-0.005273201633281104,False,-1.876094898152373,False,False,1,Low Coverage,1.9408744468230936,-0.5817888018097988,Increase enrollment drives and improve local service access
D0686,ARU_Dist_12,Arunachal Pradesh,0.6208,63.98,0.6627,0.6354,0.5612,0.2736,0.2961,0.6137,1.645,0.3299,15.19,392624,278534,0.7094,114090,170484,126320,0.741,44164,0.2748,Moderate,Moderate,0.2905999999999999,0.259,0.2504,0.4521,0.0742,4.1741,0.6999384615384615,0.7061269230769232,2102077,1084144,0.021856866630591498,0.050599581355526,0.38502284953454124,False,0.8370372556517419,False,False,1,Low Coverage,0.2115445089743357,-1.6870054164260522,Increase enrollment drives and improve local service access
D0687,ARU_Dist_13,Arunachal Pradesh,0.46,36.51,0.8385,0.6972,0.5479,0.2282,0.4793,0.7059,1.332,0.2567,16.58,257736,193263,0.7499,64473,157479,102742,0.6524,54737,0.2989,Moderate,Moderate,0.2501,0.3476,0.3022,0.4329,0.1493,3.6246,0.6999384615384615,0.7061269230769232,2102077,1084144,0.09239389760508165,-0.027028287679044527,1.627578295497755,False,-0.4471120736137864,False,False,1,Low Coverage,1.5829184392529,0.7747324966844001,Increase enrollment drives and improve local service access
D0688,ARU_Dist_14,Arunachal Pradesh,0.6114,10.93,0.5651,0.7082,0.5847,0.2758,0.3901,0.3847,1.742,0.3782,16.33,42038,32023,0.7618,10015,38359,27922,0.7279,10437,0.2552,Low,Moderate,0.2381999999999999,0.2721,0.2258,0.5102,0.1235,2.4791,0.6999384615384615,0.7061269230769232,2102077,1084144,0.031889899024491686,-0.0027940728388399227,0.5617612076470989,False,-0.04622060101048172,False,False,3,Medium Coverage,-0.7406691290364873,-0.2373396495815957,Maintain monitoring and targeted awareness programs
D0689,ARU_Dist_15,Arunachal Pradesh,0.4779,65.38,0.728,0.5916,0.4703,0.2329,0.3729,0.5218,1.862,0.2245,15.47,341171,217644,0.6379,123527,219418,157301,0.7169,62117,0.3226,Moderate,Moderate,0.3621,0.2831,0.3015,0.3713,0.1213,4.1954,0.6999384615384615,0.7061269230769232,2102077,1084144,-0.004612314373071635,0.0539464442278631,-0.0812489023652826,False,0.8924023167581003,False,False,1,Low Coverage,1.919091042967814,-0.3600702636313332,Increase enrollment drives and improve local service access
D0690,ARU_Dist_16,Arunachal Pradesh,0.5662,18.86,0.576,0.6893,0.5243,0.1991,0.366,0.6328,1.741,0.2761,18.19,119340,83734,0.7016,35606,62120,46978,0.7563,15142,0.2711,Moderate,Low,0.2984,0.2437,0.2348,0.4414,0.165,2.9887,0.6999384615384615,0.7061269230769232,2102077,1084144,-0.013006676661550642,0.02088060385722046,-0.22912102616802685,False,0.34541478171894924,False,False,3,Medium Coverage,-0.356599855188876,0.5644677663997426,Maintain monitoring and targeted awareness programs
D0691,ARU_Dist_17,Arunachal Pradesh,0.4219,22.66,0.6684,0.6495,0.4912,0.2331,0.3178,0.596,1.695,0.3745,7.59,135077,92994,0.6885,42083,64820,45225,0.6977,19595,0.3069,Moderate,Moderate,0.3115,0.3023,0.2382,0.4845,0.1583,3.1638,0.6999384615384615,0.7061269230769232,2102077,1084144,0.0219279069643582,0.07549827898334449,0.3862742709848825,False,1.2489208517879347,False,False,1,Low Coverage,1.1536856827210762,0.3490712695643793,Increase enrollment drives and improve local service access
D0692,ARU_Dist_18,Arunachal Pradesh,0.5446,19.47,0.6575,0.5818,0.4226,0.2491,0.224,0.6039,1.527,0.2668,16.27,117570,78007,0.6635,39563,39257,28169,0.7176,11088,0.3095,Moderate,Moderate,0.3365,0.2824,0.2075,0.3928,0.1592,3.019,0.6999384615384615,0.7061269230769232,2102077,1084144,-0.0004785089724145264,0.03305949119470797,-0.008429245198308096,False,0.5468825045888142,False,False,1,Low Coverage,0.4299930736395026,-0.2729182860786803,Increase enrollment drives and improve local service access
D0693,ARU_Dist_19,Arunachal Pradesh,0.5018,47.28,0.7245,0.6166,0.5481,0.2713,0.1821,0.7106,1.356,0.3604,16.75,335976,203635,0.6061,132341,77482,56140,0.7246,21342,0.3347,Moderate,Moderate,0.3939,0.2754,0.2386,0.4629,0.0685,3.877,0.6999384615384615,0.7061269230769232,2102077,1084144,-0.08563168401887011,0.020598821382780907,-1.5084575272690077,False,0.34075343032478456,False,False,1,Low Coverage,0.9195513031940044,-2.163942538831448,Increase enrollment drives and improve local service access
D0694,ARU_Dist_20,Arunachal Pradesh,0.4543,16.39,0.631,0.5431,0.4416,0.3179,0.3457,0.4981,1.797,0.2387,13.01,81641,55898,0.6847,25743,51002,31820,0.6239,19182,0.3457,Moderate,Moderate,0.3153,0.3761,0.2566,0.3605,0.1015,2.8559,0.6999384615384615,0.7061269230769232,2102077,1084144,0.05799306363078671,-0.008346340302731847,1.0215853438537408,False,-0.13806829215970556,False,False,1,Low Coverage,2.086897535630137,-0.9834482581385372,Increase enrollment drives and improve local service access
D0695,ARU_Dist_21,Arunachal Pradesh,0.5368,135.75,0.6827,0.6832,0.5319,0.2535,0.3462,0.6098,1.674,0.4321,17.17,827757,651069,0.7865,176688,422946,295283,0.6982,127663,0.2576,Low,Moderate,0.2135,0.3017999999999999,0.3062,0.5325,0.1513,4.9182,0.6999384615384615,0.7061269230769232,2102077,1084144,0.06195470940013614,-0.03609286964087011,1.0913722977086957,False,-0.5970617887240502,False,False,3,Medium Coverage,-0.2355610632883946,0.2825917536363641,Maintain monitoring and targeted awareness programs
D0696,ARU_Dist_22,Arunachal Pradesh,0.3932,37.25,0.6674,0.5868,0.5259,0.4033,0.3682,0.5516,1.8,0.3207,15.34,205474,126588,0.6161,78886,123418,91644,0.7426,31774,0.3207,Moderate,Moderate,0.3839,0.2573999999999999,0.2748,0.4271,0.0609,3.6441,0.6999384615384615,0.7061269230769232,2102077,1084144,-0.04216200571570228,0.07239919856871135,-0.7427110142154004,False,1.1976547010448455,False,False,1,Low Coverage,1.7998915912806523,-1.711355127022311,Increase enrollment drives and improve local service access
D0697,ARU_Dist_23,Arunachal Pradesh,0.4457,37.3,0.816,0.6137,0.5039,0.252,0.3232,0.7617,1.461,0.222,13.84,284111,189276,0.6662,94835,108496,64262,0.5923,44234,0.3707,Moderate,High,0.3338,0.4076999999999999,0.2906,0.3787,0.1098,3.6454,0.6999384615384615,0.7061269230769232,2102077,1084144,0.037137188275677246,-0.04654580107496964,0.6541956033897102,False,-0.7699781016010617,False,False,2,Critical Priority,2.6614853789685777,-0.6294124232603941,"Immediate outreach, mobile camps, beneficiary verification, and awareness campaigns"
D0698,ARU_Dist_24,Arunachal Pradesh,0.6035,38.08,0.7056,0.7518,0.6297,0.2049,0.2962,0.4638,1.358,0.4065,20.01,176613,134235,0.7601,42378,101502,86123,0.8485,15379,0.1957,Low,Low,0.2399,0.1514999999999999,0.186,0.5446,0.1221,3.6656,0.6999384615384615,0.7061269230769232,2102077,1084144,0.004812927693433999,0.07363251005616323,0.08478283582190582,False,1.2180566023089583,False,False,3,Medium Coverage,-1.8864352216914004,-0.6987303521256962,Maintain monitoring and targeted awareness programs
D0699,ARU_Dist_25,Arunachal Pradesh,0.5273,62.69,0.4638,0.6094,0.4412,0.2813,0.3244,0.3842,1.329,0.2861,14.9,240884,180237,0.7482,60647,183062,119693,0.6538,63369,0.299,Moderate,Moderate,0.2518,0.3461999999999999,0.2574,0.4154,0.1682,4.154,0.6999384615384615,0.7061269230769232,2102077,1084144,0.06832976071817576,-0.03044729856249273,1.203672952047122,False,-0.5036706341840411,False,False,1,Low Coverage,0.203515726952281,0.4632224160903489,Increase enrollment drives and improve local service access
D0700,ARU_Dist_26,Arunachal Pradesh,0.6489,67.75,0.7246,0.7586,0.5864,0.2607,0.2895,0.5683,1.701,0.4127,14.44,385039,293841,0.7631,91198,176502,137114,0.7768,39388,0.23,Low,Low,0.2369,0.2231999999999999,0.2214,0.5511,0.1722,4.2305,0.6999384615384615,0.7061269230769232,2102077,1084144,0.02867329173071065,0.054993262791869446,0.5050985886624967,False,0.9097191821255214,False,False,3,Medium Coverage,-1.2560453391229238,0.5350628855694929,Maintain monitoring and targeted awareness programs
D0701,MIZ_Dist_01,Mizoram,0.6026,23.7,0.701,0.802,0.7042,0.2591,0.1886,0.6637,1.778,0.3228,8.58,157320,114765,0.7295,42555,40237,27800,0.6909,12437,0.2898,Moderate,Moderate,0.2704999999999999,0.3091,0.1904,0.5145,0.0978,3.2068,0.7759454545454546,0.7771363636363637,514187,254206,0.0066092008459944784,0.02306118060817408,0.11642534979387509,False,0.3814867003091926,False,False,1,Low Coverage,-0.1472077754936464,-1.0773756064686568,Increase enrollment drives and improve local service access
D0702,MIZ_Dist_02,Mizoram,0.5825,13.54,0.6246,0.7267,0.5668,0.2675,0.3023,0.4826,1.639,0.24,20.1,65326,46440,0.7109,18886,36833,28421,0.7716,8412,0.2587,Moderate,Low,0.2891,0.2284,0.2031,0.4347,0.1599,2.6769,0.7759454545454546,0.7771363636363637,514187,254206,-0.011700404798051789,0.01718012752219822,-0.20611020198851157,False,0.28420011406569257,False,False,3,Medium Coverage,-0.8387137449197826,0.2515118727986613,Maintain monitoring and targeted awareness programs
D0703,MIZ_Dist_03,Mizoram,0.6321,21.6,0.6653,0.6871,0.489,0.2295,0.3302,0.5251,1.39,0.507,21.04,113433,87896,0.7749,25537,64201,55259,0.8607,8942,0.1822,Low,Low,0.2250999999999999,0.1392999999999999,0.1832,0.579,0.1981,3.1179,0.7759454545454546,0.7771363636363637,514187,254206,0.01976745624431442,0.07527151736672444,0.3482165334980808,False,1.2451696760631943,False,False,3,Medium Coverage,-2.5166483261520933,0.7658322291005633,Maintain monitoring and targeted awareness programs
D0704,MIZ_Dist_04,Mizoram,0.6869,41.68,0.5139,0.6337,0.4947,0.2662,0.2666,0.319,2.312,0.3345,19.65,132955,109296,0.8221,23659,100035,77025,0.77,23010,0.204,Low,Low,0.1778999999999999,0.2299999999999999,0.1768,0.4542,0.139,3.7537,0.7759454545454546,0.7771363636363637,514187,254206,0.08577459086250305,0.005766560117424269,1.5109749237954984,False,0.09539260060889282,False,False,3,Medium Coverage,-2.042288657517963,-0.6973991176240455,Maintain monitoring and targeted awareness programs
D0705,MIZ_Dist_05,Mizoram,0.7628,33.65,0.5725,0.9128,0.6884,0.1951,0.2893,0.5387,1.335,0.4671,17.36,181246,149223,0.8233,32023,87614,72858,0.8316,14756,0.1725,Low,Low,0.1766999999999999,0.1684,0.171,0.6454,0.2244,3.5453,0.7759454545454546,0.7771363636363637,514187,254206,-0.0007834713296923645,0.024357320551360084,-0.013801354466507926,False,0.40292793345621264,False,False,0,High Coverage,-3.816259451501828,1.8268743777052512,Maintain current strategy and monitor performance
D0706,MIZ_Dist_06,Mizoram,0.6853,147.41125000000002,0.7236,0.7761,0.6407,0.1982,0.3366,0.591,1.962,0.339,19.97,939380,814300,0.8668,125080,481501,407201,0.8457,74300,0.1437,Low,Low,0.1331999999999999,0.1543,0.2235,0.5138,0.1354,5.0,0.7759454545454546,0.7771363636363637,514187,254206,0.11197366584123147,0.06826957777001974,1.9724885832772916,False,1.1293409646932888,False,False,3,Medium Coverage,-2.338435908213159,-0.2235528029339155,Maintain monitoring and targeted awareness programs
D0707,MIZ_Dist_07,Mizoram,0.685,4.95,0.6114,0.7388,0.605,0.311,0.2909,0.5562,1.759,0.4666,15.51,27534,21970,0.7979,5564,12961,7904,0.6099,5057,0.2961,Low,Moderate,0.2020999999999999,0.3901,0.2092,0.5755,0.1338,1.7834,0.7759454545454546,0.7771363636363637,514187,254206,0.04225528436287973,-0.13385716081272903,0.7443541779463341,False,-2.2143153665409696,True,False,3,Medium Coverage,-0.983024185868557,-0.2514843338830731,Maintain monitoring and targeted awareness programs
D0708,MIZ_Dist_08,Mizoram,0.6057,13.25,0.7047,0.7623,0.6371,0.301,0.3272,0.7399,1.791,0.458,15.52,98069,72843,0.7428,25226,39035,31572,0.8088,7463,0.2242,Moderate,Low,0.2572,0.1912,0.1985,0.5797,0.1252,2.6568,0.7759454545454546,0.7771363636363637,514187,254206,-0.006577444423211176,0.06977155472808327,-0.11586593985740391,False,1.154187230953807,False,False,3,Medium Coverage,-1.3197501639370548,-0.4014029188965153,Maintain monitoring and targeted awareness programs
D0709,MIZ_Dist_09,Mizoram,0.5511,92.51,0.657,0.7458,0.537,0.2549,0.2619,0.624,1.592,0.2903,13.89,577236,422481,0.7319,154755,218071,142095,0.6516,75976,0.3082,Moderate,Moderate,0.2681,0.3484,0.2771,0.4725,0.2088,4.5381,0.7759454545454546,0.7771363636363637,514187,254206,0.02118719977587813,-0.04986705338995867,0.3732262345394179,False,-0.8249195032607595,False,False,1,Low Coverage,0.1363405438843566,1.5089045548304376,Increase enrollment drives and improve local service access
D0710,MIZ_Dist_10,Mizoram,0.6196,29.27,0.6298,0.7628,0.5722,0.2594,0.414,0.5755,2.087,0.4007,17.08,168449,132378,0.7859,36071,109065,90276,0.8277,18789,0.1932,Low,Low,0.2140999999999999,0.1723,0.2194,0.5455,0.1906,3.4102,0.7759454545454546,0.7771363636363637,514187,254206,0.03494502355756379,0.07245378598156682,0.6155792033044076,False,1.1985577065050812,False,False,3,Medium Coverage,-1.7777707053395655,1.2575964101281256,Maintain monitoring and targeted awareness programs
D0711,MIZ_Dist_11,Mizoram,0.6751,18.44,0.5134,0.75,0.6559,0.1788,0.2542,0.5372,1.687,0.4089,23.21,99080,74249,0.7494,24831,42194,37130,0.88,5064,0.1853,Moderate,Low,0.2506,0.12,0.1601,0.5453,0.0941,2.9673,0.7759454545454546,0.7771363636363637,514187,254206,-0.05402571153653957,0.046015875143899154,-0.9516978693938963,False,0.7612118680633034,False,False,0,High Coverage,-2.990272044958671,-1.5035005267195214,Maintain current strategy and monitor performance
D0712,SIK_Dist_01,Sikkim,0.6719,43.15,0.6794,0.8225,0.615,0.2332,0.1445,0.5728,1.925,0.3904,23.27,247154,181456,0.7342,65698,56113,41056,0.7317,15057,0.2671,Moderate,Moderate,0.2658,0.2683,0.1765,0.5632,0.2075,3.7876,0.776875,0.8130999999999999,237443,60777,-0.07723748787720464,-0.1136541339506617,-1.3605883302498993,False,-1.8801093176475818,False,False,3,Medium Coverage,-2.423095774540469,0.8744263538794216,Maintain monitoring and targeted awareness programs
D0713,SIK_Dist_02,Sikkim,0.7694,39.58,0.5,0.817,0.6722,0.1275,0.2559,0.5881,1.944,0.4221,24.21,232757,180525,0.7756,52232,91141,80204,0.88,10937,0.1722,Low,Low,0.2244,0.12,0.1663,0.5801,0.1448,3.7033,0.776875,0.8130999999999999,237443,60777,-0.06470221513351704,0.009168206750891583,-1.1397713891464913,False,0.15166391524230194,False,False,0,High Coverage,-3.873129888434092,-0.2886611003046917,Maintain current strategy and monitor performance
D0714,SIK_Dist_03,Sikkim,0.6979,14.7,0.5873,0.719,0.6205,0.2421,0.2906,0.3702,2.113,0.4877,16.18,54419,46061,0.8464,8358,38455,31260,0.8129,7195,0.1703,Low,Low,0.1535999999999999,0.1871,0.1604,0.5802,0.0985,2.7537,0.776875,0.8130999999999999,237443,60777,0.07600112669582237,0.05263815521836368,1.3388090279750842,False,0.870760109198777,False,False,3,Medium Coverage,-2.599783126228789,-1.3532289025914486,Maintain monitoring and targeted awareness programs
D0715,SIK_Dist_04,Sikkim,0.6706,78.88,0.7118,0.8239,0.6901,0.2682,0.2256,0.5667,1.496,0.373,25.26,446998,335843,0.7513,111155,160186,132598,0.8278,27588,0.2104,Low,Low,0.2487,0.1722,0.1971,0.5534,0.1338,4.3805,0.776875,0.8130999999999999,237443,60777,-0.04797548116206385,-0.018345183291844758,-0.845119146171825,False,-0.30347290364250373,False,False,3,Medium Coverage,-2.547639922557868,-0.5017159683866301,Maintain monitoring and targeted awareness programs
D0716,GOA_Dist_01,Goa,0.8512,25.92,0.4964,0.7369,0.6233,0.2183,0.2524,0.3301,1.576,0.5654,18.39,85551,76711,0.8967,8840,58878,50344,0.8551,8534,0.1241,Low,Low,0.1032999999999999,0.1449,0.131,0.634,0.1136,3.2929,0.8430500000000001,0.85175,73844,35566,0.0898658411177552,0.05427384776588673,1.583044944538226,False,0.8978183488994048,False,False,0,High Coverage,-4.408894105415412,-1.2967844469312046,Maintain current strategy and monitor performance
D0717,GOA_Dist_02,Goa,0.8489,67.14,0.5289,0.7656,0.5586,0.1692,0.2951,0.4597,2.162,0.5156,19.84,308672,243668,0.7894,65004,178333,151301,0.8484,27032,0.1811,Low,Low,0.2106,0.1515999999999999,0.191,0.6156,0.207,4.2216,0.8430500000000001,0.85175,73844,35566,-0.025358721968538056,0.024998585880861124,-0.4467102974053182,False,0.4135359850876863,False,False,0,High Coverage,-3.682185886177304,1.067368608490623,Maintain current strategy and monitor performance
D0718,DEL_Dist_01,Delhi,0.7618,79.03,0.4981,0.7828,0.5967,0.2947,0.0912,0.4058,2.391,0.6366,17.94,320651,253044,0.7892,67607,64881,56273,0.8673,8608,0.1718,Low,Low,0.2108,0.1327,0.1209,0.6951,0.1861,4.3824,0.852090909090909,0.8551545454545455,436610,151487,-0.06651794990105708,0.02788148584145611,-1.1717567320601672,False,0.461225997666661,False,False,0,High Coverage,-4.60669977925477,-0.0862587368044869,Maintain current strategy and monitor performance
D0719,DEL_Dist_02,Delhi,0.8002,11.6,0.7129,0.6946,0.5728,0.1996,0.1489,0.6696,1.646,0.5545,19.26,77697,64805,0.8341,12892,15554,12147,0.781,3407,0.1925,Low,Low,0.1659,0.2189999999999999,0.127,0.6105,0.1218,2.5337,0.852090909090909,0.8551545454545455,436610,151487,0.054810228324850274,-0.008067699254095229,0.9655176402892743,False,-0.13345890740958175,False,False,0,High Coverage,-3.1442166905051683,-1.5151262414146032,Maintain current strategy and monitor performance
D0720,DEL_Dist_03,Delhi,0.8545,29.65,0.513,0.8736,0.7003,0.128,0.2098,0.4635,2.349,0.5145,23.1,137395,109358,0.7959,28037,55981,49263,0.88,6718,0.162,Low,Low,0.2040999999999999,0.12,0.1391,0.6581,0.1733,3.4226,0.852090909090909,0.8551545454545455,436610,151487,-0.08605472975943018,-0.01553409250287019,-1.515909751746879,False,-0.2569707853174651,False,False,0,High Coverage,-4.841131384234357,0.2176095323897018,Maintain current strategy and monitor performance
D0721,DEL_Dist_04,Delhi,0.95,20.72,0.4567,0.8178,0.7339,0.1578,0.2606,0.3612,2.268,0.4757,27.09,74836,68849,0.92,5987,48599,42767,0.88,5832,0.1,Low,Low,0.0799999999999999,0.12,0.122,0.6125,0.0839,3.0782,0.852090909090909,0.8551545454545455,436610,151487,0.04560614165270682,-0.036030447908605656,0.8033816974860488,False,-0.5960291850133482,False,False,0,High Coverage,-5.578605262529302,-1.8303601188634668,Maintain current strategy and monitor performance
D0722,DEL_Dist_05,Delhi,0.8913,41.17,0.4055,0.9243,0.7656,0.3468,0.1831,0.3387,1.676,0.5766,19.83,139438,122654,0.8796,16784,67853,57159,0.8424,10694,0.139,Low,Low,0.1203999999999999,0.1575999999999999,0.1195,0.7157,0.1587,3.7417,0.852090909090909,0.8551545454545455,436610,151487,-0.009300655207639008,-0.028798140114694393,-0.16383706004702878,False,-0.47638963650974325,False,False,0,High Coverage,-5.687081603483114,-0.0563409739127437,Maintain current strategy and monitor performance
D0723,DEL_Dist_06,Delhi,0.7841,26.19,0.5833,0.7785,0.6336,0.1194,0.2767,0.4415,1.908,0.5029,26.47,115626,99361,0.8593,16265,65225,57398,0.88,7827,0.1303,Low,Low,0.1407,0.12,0.143,0.6131,0.1449,3.3028,0.852090909090909,0.8551545454545455,436610,151487,0.018487620054079668,-0.008114531506030698,0.3256713908099497,False,-0.13423362408877004,False,False,0,High Coverage,-4.481579639190813,-0.5087515164064638,Maintain current strategy and monitor performance
D0724,DEL_Dist_07,Delhi,0.7423,146.72,0.5856,0.7078,0.6089,0.1985,0.1783,0.4992,1.937,0.4363,21.18,732508,584731,0.7983,147777,235481,194679,0.8267,40802,0.1875,Low,Low,0.2017,0.1733,0.19,0.5449,0.0989,4.9953,0.852090909090909,0.8551545454545455,436610,151487,0.011367863374388554,0.017655628952788827,0.20025226961837894,False,0.29206603710018675,False,False,0,High Coverage,-2.8258289167607127,-1.695664570668714,Maintain current strategy and monitor performance
D0725,DEL_Dist_08,Delhi,0.8465,129.65,0.6025,0.8759,0.7674,0.1998,0.2184,0.6203,1.759,0.5076,20.2,804203,712121,0.8855,92082,254828,224248,0.88,30580,0.1173,Low,Low,0.1145,0.12,0.1525,0.6549,0.1085,4.8725,0.852090909090909,0.8551545454545455,436610,151487,0.039636671915131316,0.03746463023675395,0.6982256251441388,False,0.6197539670740916,False,False,0,High Coverage,-4.618692269342066,-1.128624077313646,Maintain current strategy and monitor performance
D0726,DEL_Dist_09,Delhi,0.8237,14.99,0.4296,0.8105,0.6685,0.1563,0.2986,0.4586,2.146,0.448,21.32,68729,56105,0.8163,12624,40269,35436,0.88,4833,0.1518,Low,Low,0.1836999999999999,0.12,0.156,0.593,0.142,2.772,0.852090909090909,0.8551545454545455,436610,151487,-0.021233727599109686,0.0319981540865002,-0.37404585225516057,False,0.5293254680170301,False,False,0,High Coverage,-4.195973660535654,-0.2500271775967175,Maintain current strategy and monitor performance
D0727,DEL_Dist_10,Delhi,0.7553,62.03,0.4205,0.7283,0.6081,0.3222,0.2177,0.3567,1.879,0.2917,22.04,221266,193574,0.8748,27692,121547,98368,0.8093,23179,0.1579,Low,Low,0.1251999999999999,0.1906999999999999,0.1451,0.4663,0.1202,4.1436,0.852090909090909,0.8551545454545455,436610,151487,0.09911513567880725,0.002581626343327925,1.7459772535591365,False,0.042706231388329116,False,False,0,High Coverage,-3.5212748909024225,-1.1255825390555982,Maintain current strategy and monitor performance
D0728,DEL_Dist_11,Delhi,0.8819,33.6,0.3301,0.8894,0.6245,0.1594,0.2482,0.3297,1.98,0.5088,24.56,110776,101913,0.92,8863,75052,66045,0.88,9007,0.1,Low,Low,0.0799999999999999,0.12,0.1203,0.661,0.2649,3.5439,0.852090909090909,0.8551545454545455,436610,151487,0.02135892604281142,-0.03919769129776718,0.37625130385754757,False,-0.648422913250319,False,False,0,High Coverage,-6.51942676436858,2.2156850071335628,Maintain current strategy and monitor performance
D0729,JAM_Dist_01,Jammu & Kashmir,0.493,21.56,0.7273,0.6594,0.4718,0.4024,0.3953,0.5406,1.368,0.2961,14.34,116543,73546,0.6311,42997,76704,52091,0.6791,24613,0.3449,Moderate,Moderate,0.3689,0.3208999999999999,0.2786,0.4414,0.1876,3.1162,0.730405,0.7485,1918933,908451,-0.021050017990844383,0.018869639072829125,-0.3708096886249055,False,0.312148647904266,False,False,1,Low Coverage,1.5278789203925944,1.2671622313850104,Increase enrollment drives and improve local service access
D0730,JAM_Dist_02,Jammu & Kashmir,0.5912,56.22,0.6026,0.6853,0.517,0.331,0.3221,0.5391,1.612,0.4874,17.67,303085,228112,0.7526,74973,163001,123084,0.7551,39917,0.2461,Low,Low,0.2473999999999999,0.2449,0.2325,0.5666,0.1683,4.0469,0.730405,0.7485,1918933,908451,0.009007737045411579,0.0033883070951732375,0.1586771170677693,False,0.05605064698670457,False,False,3,Medium Coverage,-1.28823094797995,0.3822656731009138,Maintain monitoring and targeted awareness programs
D0731,JAM_Dist_03,Jammu & Kashmir,0.6895,34.79,0.5304,0.7617,0.6167,0.2037,0.2527,0.4418,1.701,0.4828,19.48,153708,113583,0.739,40125,79132,56589,0.7151,22543,0.273,Moderate,Moderate,0.261,0.2849,0.2055,0.5944,0.145,3.5777,0.730405,0.7485,1918933,908451,-0.06229848070709654,-0.09146083989965292,-1.0974280517400983,False,-1.5129795223275055,False,False,3,Medium Coverage,-1.975133960368508,-0.1566269159495169,Maintain monitoring and targeted awareness programs
D0732,JAM_Dist_04,Jammu & Kashmir,0.5348,136.29,0.6498,0.7136,0.6304,0.3477,0.2583,0.5348,1.626,0.2176,10.48,728855,475740,0.6527,253115,316814,202614,0.6395,114200,0.3539,Moderate,Moderate,0.3473,0.3605,0.3389,0.416,0.0832,4.9221,0.730405,0.7485,1918933,908451,-0.019381836347946213,-0.004338392102237298,-0.3414235894851697,False,-0.0717673095692393,False,False,1,Low Coverage,1.888175269003633,-0.9804501544365828,Increase enrollment drives and improve local service access
D0733,JAM_Dist_05,Jammu & Kashmir,0.5895,40.28,0.6298,0.7597,0.6312,0.2907,0.3271,0.5209,2.145,0.3564,19.02,209788,152722,0.728,57066,118569,98597,0.8316,19972,0.2202,Moderate,Low,0.272,0.1684,0.2113,0.5177,0.1285,3.7204,0.730405,0.7485,1918933,908451,-0.03053487615539663,0.058219761357327426,-0.5378916029574675,False,0.9630931317165361,False,False,3,Medium Coverage,-1.428746819538302,-0.3110282787182868,Maintain monitoring and targeted awareness programs
D0734,JAM_Dist_06,Jammu & Kashmir,0.6802,64.72,0.5795,0.7361,0.6072,0.2821,0.2231,0.3624,1.792,0.5065,23.33,234525,161878,0.6902,72647,129955,104356,0.803,25599,0.2534,Moderate,Low,0.3097999999999999,0.1969999999999999,0.2003,0.5983,0.1289,4.1854,0.730405,0.7485,1918933,908451,-0.11761057717815582,-0.03670209602885899,-2.071786424190068,True,-0.6071398401666112,False,False,3,Medium Coverage,-2.3150748899411657,-0.77103693912536,Maintain monitoring and targeted awareness programs
D0735,JAM_Dist_07,Jammu & Kashmir,0.4499,62.97,0.7143,0.6543,0.5728,0.3939,0.3851,0.6254,1.82,0.1925,10.28,393833,274680,0.6975,119153,218233,132434,0.6069,85799,0.3478,Moderate,Moderate,0.3025,0.3931,0.3215,0.3772,0.0815,4.1584,0.730405,0.7485,1918933,908451,0.06972853234189369,-0.004184460279803126,1.228313219360586,False,-0.06922091161976793,False,False,2,Critical Priority,2.69003868048922,-0.8152907264265844,"Immediate outreach, mobile camps, beneficiary verification, and awareness campaigns"
D0736,JAM_Dist_08,Jammu & Kashmir,0.7576,130.72,0.5679,0.7696,0.6901,0.1788,0.1729,0.5102,1.574,0.4106,22.33,666958,542139,0.8129,124819,203367,178962,0.88,24405,0.1536,Low,Low,0.1871,0.12,0.162,0.5542,0.0795,4.8807,0.730405,0.7485,1918933,908451,0.00676607138093821,0.051412555358616885,0.11918872577968868,False,0.8504857765729403,False,False,0,High Coverage,-3.569152202899674,-2.067614452435168,Maintain current strategy and monitor performance
D0737,JAM_Dist_09,Jammu & Kashmir,0.5986,10.21,0.6545,0.7987,0.7112,0.1885,0.3571,0.6519,1.757,0.395,14.62,66591,48512,0.7285,18079,32830,20408,0.6216,12422,0.3249,Moderate,Moderate,0.2714999999999999,0.3783999999999999,0.247,0.5565,0.0875,2.4168,0.730405,0.7485,1918933,908451,-0.027981073402120193,-0.11439490162959887,-0.4929047148625165,False,-1.8923633744686585,False,False,1,Low Coverage,0.1912094709409187,-0.7055110708219945,Increase enrollment drives and improve local service access
D0738,JAM_Dist_10,Jammu & Kashmir,0.5313,36.78,0.6556,0.673,0.5889,0.3057,0.4853,0.463,1.954,0.3536,14.41,170308,127779,0.7503,42529,160672,131248,0.8169,29424,0.2164,Low,Low,0.2497,0.1831,0.2556,0.4814,0.0841,3.6318,0.730405,0.7485,1918933,908451,0.061036928506707167,0.13025241480277427,1.075204993364066,False,2.1546843058345955,False,False,1,Low Coverage,0.0516217477710693,-0.8461904019569199,Increase enrollment drives and improve local service access
D0739,JAM_Dist_11,Jammu & Kashmir,0.6963,63.17,0.5325,0.8936,0.65,0.1882,0.2342,0.5262,1.709,0.4379,20.64,332392,251287,0.756,81105,133162,117182,0.88,15980,0.182,Low,Low,0.244,0.12,0.1747,0.6202,0.2436,4.1615,0.730405,0.7485,1918933,908451,-0.08521701506516466,0.03324177227379144,-1.5011528653122985,False,0.5498978665761256,False,False,0,High Coverage,-3.8951189911863753,2.020172126753551,Maintain current strategy and monitor performance
D0740,JAM_Dist_12,Jammu & Kashmir,0.5685,82.33,0.6871,0.7637,0.58,0.3072,0.3489,0.563,1.481,0.2656,14.66,463516,365695,0.789,97821,258522,185478,0.7175,73044,0.2468,Low,Moderate,0.2109999999999999,0.2825,0.2591,0.4648,0.1837,4.4228,0.730405,0.7485,1918933,908451,0.08901057323274542,0.02014179876298594,1.567978847289808,False,0.3331931907102265,False,False,3,Medium Coverage,-0.3588952446262595,1.152979773930534,Maintain monitoring and targeted awareness programs
D0741,JAM_Dist_13,Jammu & Kashmir,0.6737,21.87,0.564,0.7979,0.6535,0.1052,0.4629,0.503,1.59,0.3903,15.63,110011,92329,0.8393,17682,91126,66919,0.7344,24207,0.2132,Low,Moderate,0.1606999999999999,0.2655999999999999,0.2378,0.5533,0.1444,3.1298,0.730405,0.7485,1918933,908451,0.07866072633086851,-0.013097330259046691,1.3856595966048229,False,-0.2166609502040991,False,False,3,Medium Coverage,-1.5159892921800746,0.6285920296635387,Maintain monitoring and targeted awareness programs
D0742,JAM_Dist_14,Jammu & Kashmir,0.552,32.3,0.6815,0.7123,0.6355,0.3422,0.5017,0.6154,1.514,0.2793,14.36,198808,135407,0.6811,63401,145868,79550,0.5454,66318,0.3868,Moderate,High,0.3188999999999999,0.4546,0.3475,0.4525,0.0768,3.5056,0.730405,0.7485,1918933,908451,0.007341360092085525,-0.1267806226571525,0.1293228087026823,False,-2.097252617826863,True,False,2,Critical Priority,2.48010995805088,-0.3867760590707452,"Immediate outreach, mobile camps, beneficiary verification, and awareness campaigns"
D0743,JAM_Dist_15,Jammu & Kashmir,0.6524,86.18,0.4928,0.6928,0.4869,0.3049,0.2592,0.3687,1.465,0.3807,24.46,317759,228256,0.7183,89503,201062,151845,0.7552,49217,0.2632,Moderate,Low,0.2816999999999999,0.2448,0.2283,0.5055,0.2059,4.468,0.730405,0.7485,1918933,908451,-0.05121058969298675,-0.06625647749880736,-0.9021076764210507,False,-1.0960395048552072,False,False,3,Medium Coverage,-2.01314877001837,0.9758509671805295,Maintain monitoring and targeted awareness programs
D0744,JAM_Dist_16,Jammu & Kashmir,0.7005,51.05,0.6316,0.7843,0.6059,0.3561,0.37,0.515,2.192,0.4766,17.66,262917,196365,0.7469,66552,169978,135865,0.7993,34113,0.2269,Moderate,Low,0.2531,0.2007,0.2346,0.5997,0.1784,3.9522,0.730405,0.7485,1918933,908451,-0.029267276367026862,0.02181968443200244,-0.5155620124065087,False,0.3609494048540443,False,False,3,Medium Coverage,-1.9035096726196388,0.950777416554243,Maintain monitoring and targeted awareness programs
D0745,JAM_Dist_17,Jammu & Kashmir,0.6656,147.41125000000002,0.4412,0.7301,0.5217,0.339,0.3012,0.4489,2.524,0.4695,14.09,897792,617761,0.6881,280031,542120,434247,0.801,107873,0.2554,Moderate,Low,0.3118999999999999,0.1989999999999999,0.3191,0.5737,0.2084,5.0,0.730405,0.7485,1918933,908451,-0.08705138261277556,0.04754952110026178,-1.5334664367044148,False,0.786582014773331,False,False,3,Medium Coverage,-1.429918243967074,1.5435618751923736,Maintain monitoring and targeted awareness programs
D0746,JAM_Dist_18,Jammu & Kashmir,0.7292,55.17,0.5546,0.7647,0.6392,0.1832,0.2873,0.4261,1.741,0.5,22.26,235037,175113,0.745,59924,142645,114993,0.8062,27652,0.2244,Moderate,Low,0.255,0.1937999999999999,0.2045,0.6059,0.1255,4.0284,0.730405,0.7485,1918933,908451,-0.06927058447691758,-0.029796192889087525,-1.2202461713763622,False,-0.49289979989240384,False,False,3,Medium Coverage,-2.6569582815749917,-0.5893988324389482,Maintain monitoring and targeted awareness programs
D0747,JAM_Dist_19,Jammu & Kashmir,0.6348,147.41125000000002,0.5588,0.8798,0.7022,0.3976,0.2522,0.4961,1.686,0.3394,17.46,747290,496936,0.665,250354,341886,265101,0.7754,76785,0.2798,Moderate,Low,0.3349999999999999,0.2246,0.2943,0.5556,0.1776,5.0,0.730405,0.7485,1918933,908451,-0.12362249992839447,-0.0065498329664611665,-2.1776903338218863,True,-0.10834979389891715,False,False,3,Medium Coverage,-1.288918109043052,1.111008344613564,Maintain monitoring and targeted awareness programs
D0748,JAM_Dist_20,Jammu & Kashmir,0.628,58.32,0.689,0.6831,0.6116,0.1535,0.339,0.5652,1.733,0.3674,18.2,329600,262543,0.7966,67057,177920,143552,0.8068,34368,0.1983,Low,Low,0.2034,0.1932,0.2141,0.4937,0.0715,4.0829,0.730405,0.7485,1918933,908451,0.07057549680551889,0.06592757699710361,1.2432330464680723,False,1.0905987093785094,False,False,3,Medium Coverage,-1.1233634573257298,-1.7236159178437214,Maintain monitoring and targeted awareness programs
D0749,LAD_Dist_01,Ladakh,0.5654,51.03,0.6857,0.7955,0.6069,0.3565,0.44,0.7552,1.501,0.4489,15.5,385387,277505,0.7201,107882,202072,147006,0.7275,55066,0.2762,Moderate,Moderate,0.2799,0.2724999999999999,0.2956,0.5875,0.1886,3.9518,0.7262,0.7073,194859,88602,-0.02025971851170183,-0.004782884877319815,-0.35688805188766304,False,-0.07912027579238,False,False,3,Medium Coverage,-0.3205782219865837,1.6663198442274545,Maintain monitoring and targeted awareness programs
D0750,LAD_Dist_02,Ladakh,0.6529,57.6,0.5413,0.6484,0.5046,0.3374,0.2067,0.564,2.256,0.4376,18.04,324890,237913,0.7323,86977,107181,73645,0.6871,33536,0.2903,Moderate,Moderate,0.2677,0.3128999999999999,0.2174,0.5219,0.1438,4.0707,0.7262,0.7073,194859,88602,-0.019462341350035994,-0.07614137103093244,-0.3428417371927208,False,-1.2595591216758957,False,False,3,Medium Coverage,-1.1174929856096865,-0.5412921064989696,Maintain monitoring and targeted awareness programs
