district_id,district_name,state,development_index,population_lakhs,rural_pct,literacy_rate,female_literacy_rate,sc_st_pct,bpl_pct,agricultural_hh_pct,avg_landholding_ha,internet_penetration,health_facilities_per_lakh,pmkisan_eligible,pmkisan_enrolled,pmkisan_uptake_rate,pmkisan_gap_count,ab_eligible,ab_enrolled,ab_uptake_rate,ab_gap_count,combined_gap_score
D0001,UTT_Dist_01,Uttar Pradesh,0.4397,26.12,0.7479,0.6396,0.4677,0.3907,0.3276,0.7065,1.302,0.3174,11.02,184538,96503,0.5229,88035,77025,53074,0.6891,23951,0.394
D0002,UTT_Dist_02,Uttar Pradesh,0.4653,27.04,0.6529,0.568,0.4392,0.2282,0.3693,0.5392,1.071,0.412,14.64,145763,88182,0.605,57581,89852,61515,0.6846,28337,0.3552
D0003,UTT_Dist_03,Uttar Pradesh,0.3519,14.35,0.6787,0.5909,0.428,0.4269,0.3909,0.5765,1.445,0.221,15.31,82737,61260,0.7404,21477,50486,35278,0.6988,15208,0.2804
D0004,UTT_Dist_04,Uttar Pradesh,0.4175,52.88,0.6232,0.6908,0.521,0.1765,0.4105,0.6037,0.897,0.2556,12.19,319220,195467,0.6123,123753,195359,132023,0.6758,63336,0.3559
D0005,UTT_Dist_05,Uttar Pradesh,0.4825,108.31,0.614,0.723,0.6309,0.256,0.3428,0.5989,1.401,0.2115,11.95,648646,463350,0.7143,185296,334152,228404,0.6835,105748,0.3011
D0006,UTT_Dist_06,Uttar Pradesh,0.317,41.6,0.8169,0.5881,0.4777,0.3581,0.2136,0.8039,1.522,0.2401,10.44,334425,198516,0.5936,135909,79985,36417,0.4553,43568,0.4755
D0007,UTT_Dist_07,Uttar Pradesh,0.3824,49.25,0.8344,0.6435,0.4799,0.2564,0.4371,0.6793,1.721,0.2572,13.59,334576,232133,0.6938,102443,193764,124360,0.6418,69404,0.3322
D0008,UTT_Dist_08,Uttar Pradesh,0.3753,12.88,0.6981,0.6593,0.5178,0.268,0.4003,0.6117,1.293,0.2896,11.24,78757,48105,0.6108,30652,46387,26139,0.5635,20248,0.4128
D0009,UTT_Dist_09,Uttar Pradesh,0.3871,43.62,0.8654,0.6484,0.5011,0.3042,0.3094,0.6185,1.083,0.2729,11.44,269745,160885,0.5964,108860,121437,74890,0.6167,46547,0.3934
D0010,UTT_Dist_10,Uttar Pradesh,0.4382,126.64,0.6506,0.6317,0.504,0.2548,0.438,0.6057,1.185,0.3772,9.56,767036,527029,0.6871,240007,499207,374515,0.7502,124692,0.2813
D0011,UTT_Dist_11,Uttar Pradesh,0.3208,59.71,0.7457,0.5604,0.4682,0.2666,0.4736,0.6083,0.914,0.245,8.67,363175,224399,0.6179,138776,254507,139684,0.5488,114823,0.4166
D0012,UTT_Dist_12,Uttar Pradesh,0.3689,49.03,0.6923,0.5629,0.4683,0.3336,0.2738,0.68,1.409,0.2819,14.72,333376,182808,0.5484,150568,120824,66007,0.5463,54817,0.4527
D0013,UTT_Dist_13,Uttar Pradesh,0.4418,95.62,0.7154,0.6666,0.5522,0.308,0.3873,0.6674,1.098,0.3146,17.81,638179,443458,0.6949,194721,333280,210990,0.6331,122290,0.336
D0014,UTT_Dist_14,Uttar Pradesh,0.3399,19.27,0.7926,0.5351,0.4655,0.3878,0.3944,0.8065,1.084,0.3105,9.35,155382,92207,0.5934,63175,68387,40256,0.5887,28131,0.409
D0015,UTT_Dist_15,Uttar Pradesh,0.4221,42.29,0.7033,0.6896,0.5623,0.3884,0.3041,0.5954,1.726,0.1915,13.03,251812,159960,0.6352,91852,115756,80083,0.6918,35673,0.3365
D0016,UTT_Dist_16,Uttar Pradesh,0.3638,19.59,0.8063,0.6603,0.5041,0.2715,0.4183,0.5982,1.461,0.2787,12.74,117156,73263,0.6254,43893,73741,40616,0.5508,33125,0.4119
D0017,UTT_Dist_17,Uttar Pradesh,0.4286,41.82,0.7866,0.6765,0.5222,0.3595,0.4029,0.6264,1.52,0.3562,16.19,261964,191343,0.7304,70621,151658,102218,0.674,49440,0.2978
D0018,UTT_Dist_18,Uttar Pradesh,0.5065,200.0,0.6913,0.7372,0.5659,0.2864,0.3086,0.571,1.584,0.2738,9.53,1142087,827856,0.7249,314231,555448,311262,0.5604,244186,0.3574
D0019,UTT_Dist_19,Uttar Pradesh,0.3622,118.14,0.7284,0.6783,0.5793,0.2202,0.5962,0.5301,1.896,0.3015,14.73,626310,393044,0.6276,233266,633942,420575,0.6634,213367,0.3545
D0020,UTT_Dist_20,Uttar Pradesh,0.4838,28.85,0.6451,0.63,0.4509,0.1606,0.2604,0.6089,1.425,0.3531,12.72,175651,133779,0.7616,41872,67613,46348,0.6855,21265,0.2764
D0021,UTT_Dist_21,Uttar Pradesh,0.2991,37.86,0.9151,0.6397,0.5015,0.3774,0.4114,0.6882,1.81,0.1835,8.18,260590,135298,0.5192,125292,140181,77043,0.5496,63138,0.4656
D0022,UTT_Dist_22,Uttar Pradesh,0.2404,17.03,0.8893,0.4802,0.3405,0.4066,0.5469,0.6554,1.164,0.3091,11.19,111616,62398,0.559,49218,83823,42122,0.5025,41701,0.4692
D0023,UTT_Dist_23,Uttar Pradesh,0.4056,57.64,0.7171,0.6094,0.4739,0.3355,0.4427,0.7574,1.43,0.2395,12.79,436552,263357,0.6033,173195,229670,147446,0.642,82224,0.3774
D0024,UTT_Dist_24,Uttar Pradesh,0.4708,21.59,0.6354,0.634,0.5321,0.2545,0.4267,0.5616,1.695,0.3748,12.74,121253,85879,0.7083,35374,82911,57497,0.6935,25414,0.2991
D0025,UTT_Dist_25,Uttar Pradesh,0.3983,40.81,0.8128,0.6363,0.4888,0.2488,0.358,0.6601,1.476,0.3879,15.76,269379,166317,0.6174,103062,131496,93459,0.7107,38037,0.3359
D0026,UTT_Dist_26,Uttar Pradesh,0.3809,17.91,0.695,0.6726,0.5986,0.25,0.3322,0.6324,1.999,0.2782,8.97,113296,78056,0.689,35240,53560,34532,0.6447,19028,0.3331
D0027,UTT_Dist_27,Uttar Pradesh,0.4499,67.76,0.6915,0.6902,0.4911,0.2197,0.3453,0.7117,1.716,0.1562,18.07,482309,302624,0.6274,179685,210592,149646,0.7106,60946,0.331
D0028,UTT_Dist_28,Uttar Pradesh,0.4447,82.15,0.7867,0.7025,0.6248,0.2499,0.397,0.6537,1.91,0.2498,13.41,537024,352983,0.6573,184041,293491,176229,0.6005,117262,0.3711
D0029,UTT_Dist_29,Uttar Pradesh,0.3985,30.71,0.7363,0.612,0.5197,0.2323,0.2749,0.6321,1.145,0.3138,14.34,194141,123488,0.6361,70653,76000,53096,0.6986,22904,0.3326
D0030,UTT_Dist_30,Uttar Pradesh,0.4379,200.0,0.8788,0.6503,0.5457,0.3128,0.4446,0.6933,1.512,0.4478,11.33,1386530,867266,0.6255,519264,800333,479507,0.5991,320826,0.3877
D0031,UTT_Dist_31,Uttar Pradesh,0.2301,67.26,0.7087,0.522,0.4671,0.326,0.5037,0.6278,1.436,0.0697,14.03,422279,237452,0.5623,184827,304907,169037,0.5544,135870,0.4416
D0032,UTT_Dist_32,Uttar Pradesh,0.3941,40.5,0.7357,0.6104,0.4738,0.2141,0.2648,0.712,1.211,0.2693,13.02,288341,174053,0.6036,114288,96515,64140,0.6646,32375,0.3659
D0033,UTT_Dist_33,Uttar Pradesh,0.3146,47.05,0.7495,0.583,0.4348,0.3388,0.3579,0.745,1.181,0.3158,17.43,350498,210513,0.6006,139985,151559,109433,0.7221,42126,0.3387
D0034,UTT_Dist_34,Uttar Pradesh,0.4136,94.97,0.7874,0.7053,0.5506,0.2996,0.3074,0.7651,1.626,0.3313,8.0,726567,432454,0.5952,294113,262709,126997,0.4834,135712,0.4607
D0035,UTT_Dist_35,Uttar Pradesh,0.3784,31.95,0.8377,0.6634,0.517,0.2984,0.3974,0.7352,1.607,0.339,7.57,234889,149030,0.6345,85859,114278,69503,0.6082,44775,0.3787
D0036,UTT_Dist_36,Uttar Pradesh,0.4898,40.24,0.6687,0.5839,0.4238,0.2713,0.313,0.5026,1.217,0.3461,17.66,202238,125152,0.6188,77086,113332,82476,0.7277,30856,0.3267
D0037,UTT_Dist_37,Uttar Pradesh,0.3576,59.77,0.7163,0.5633,0.4176,0.2239,0.3988,0.449,1.349,0.2649,15.77,268383,173534,0.6466,94849,214523,127079,0.5924,87444,0.3805
D0038,UTT_Dist_38,Uttar Pradesh,0.3411,62.29,0.6868,0.6383,0.5086,0.2129,0.5452,0.6795,1.237,0.1474,12.76,423251,317802,0.7509,105449,305619,206421,0.6754,99198,0.2869
D0039,UTT_Dist_39,Uttar Pradesh,0.3898,21.68,0.5851,0.5681,0.4282,0.3058,0.3092,0.494,1.188,0.2623,11.74,107081,67274,0.6283,39807,60324,40106,0.6649,20218,0.3534
D0040,UTT_Dist_40,Uttar Pradesh,0.4844,20.94,0.6105,0.7072,0.571,0.2771,0.2732,0.5567,1.47,0.4246,10.54,116574,86104,0.7386,30470,51499,39542,0.7678,11957,0.2468
D0041,UTT_Dist_41,Uttar Pradesh,0.2881,52.26,0.6971,0.6134,0.4523,0.2727,0.2345,0.5544,1.438,0.1717,10.51,289727,169864,0.5863,119863,110313,64375,0.5836,45938,0.4151
D0042,UTT_Dist_42,Uttar Pradesh,0.3421,21.34,0.7725,0.572,0.4641,0.3132,0.3602,0.6947,1.484,0.1371,6.43,148224,74847,0.505,73377,69161,38241,0.5529,30920,0.4711
D0043,UTT_Dist_43,Uttar Pradesh,0.4208,25.25,0.7538,0.5851,0.4276,0.1706,0.3698,0.528,1.309,0.4842,15.7,133311,94625,0.7098,38686,84037,58991,0.702,25046,0.2941
D0044,UTT_Dist_44,Uttar Pradesh,0.3421,100.01,0.5886,0.75,0.6644,0.2264,0.4201,0.4581,1.266,0.2799,12.61,458115,295129,0.6442,162986,378112,225409,0.5961,152703,0.3798
D0045,UTT_Dist_45,Uttar Pradesh,0.361,32.47,0.7552,0.5865,0.4886,0.2664,0.384,0.6672,1.626,0.1079,16.12,216651,121181,0.5593,95470,112221,56415,0.5027,55806,0.469
D0046,UTT_Dist_46,Uttar Pradesh,0.4841,12.93,0.5541,0.6172,0.5431,0.2785,0.3752,0.3162,1.757,0.3759,18.11,40874,28233,0.6908,12641,43646,29593,0.678,14053,0.3156
D0047,UTT_Dist_47,Uttar Pradesh,0.4506,31.42,0.7068,0.789,0.5763,0.2998,0.4905,0.5436,1.597,0.2264,16.5,170777,125621,0.7356,45156,138691,93094,0.6712,45597,0.2966
D0048,UTT_Dist_48,Uttar Pradesh,0.3658,9.58,0.7991,0.5815,0.4816,0.3633,0.3418,0.8106,0.975,0.2936,16.8,77673,50146,0.6456,27527,29475,18860,0.6399,10615,0.3573
D0049,UTT_Dist_49,Uttar Pradesh,0.4224,49.97,0.8978,0.5725,0.4029,0.2957,0.3984,0.8045,1.566,0.4148,10.03,401980,232847,0.5793,169133,179162,129472,0.7227,49690,0.349
D0050,UTT_Dist_50,Uttar Pradesh,0.4147,35.91,0.6976,0.6426,0.4644,0.3425,0.2487,0.6696,1.881,0.2905,12.01,240430,142027,0.5907,98403,80377,42722,0.5315,37655,0.4389
D0051,UTT_Dist_51,Uttar Pradesh,0.4659,41.58,0.5838,0.664,0.5628,0.1895,0.2736,0.4779,1.454,0.2044,10.36,198724,138433,0.6966,60291,102394,64523,0.6302,37871,0.3366
D0052,UTT_Dist_52,Uttar Pradesh,0.4864,42.71,0.5984,0.5582,0.498,0.3132,0.5613,0.4312,1.547,0.3001,14.66,184134,123041,0.6682,61093,215740,142478,0.6604,73262,0.3357
D0053,UTT_Dist_53,Uttar Pradesh,0.3541,15.41,0.7234,0.5765,0.4687,0.2588,0.2421,0.4288,0.959,0.3565,12.69,66074,41512,0.6283,24562,33575,19809,0.59,13766,0.3909
D0054,UTT_Dist_54,Uttar Pradesh,0.388,26.43,0.7809,0.6563,0.513,0.1989,0.4525,0.7527,1.043,0.3401,14.23,198925,114689,0.5765,84236,107631,73490,0.6828,34141,0.3703
D0055,UTT_Dist_55,Uttar Pradesh,0.3808,10.53,0.7736,0.5989,0.5186,0.324,0.3451,0.5871,1.09,0.3866,17.91,61839,35169,0.5687,26670,32717,19985,0.6109,12732,0.4102
D0056,UTT_Dist_56,Uttar Pradesh,0.5053,27.57,0.7337,0.5722,0.4474,0.1753,0.3648,0.7424,1.529,0.1816,16.3,204664,133893,0.6542,70771,90509,68540,0.7573,21969,0.2943
D0057,UTT_Dist_57,Uttar Pradesh,0.4091,14.5,0.6777,0.6431,0.4848,0.2846,0.3365,0.6231,1.288,0.435,13.49,90321,51676,0.5721,38645,43900,29572,0.6736,14328,0.3771
D0058,UTT_Dist_58,Uttar Pradesh,0.5604,10.05,0.6163,0.7453,0.5233,0.3028,0.4591,0.5927,1.945,0.3701,12.37,59558,41198,0.6917,18360,41519,29184,0.7029,12335,0.3027
D0059,UTT_Dist_59,Uttar Pradesh,0.4414,65.36,0.7104,0.6051,0.4533,0.2309,0.4807,0.548,1.197,0.192,8.57,358154,265245,0.7406,92909,282781,167014,0.5906,115767,0.3344
D0060,UTT_Dist_60,Uttar Pradesh,0.4076,39.48,0.7559,0.6442,0.4575,0.1825,0.4789,0.6358,1.2,0.4626,18.46,251029,156790,0.6246,94239,170164,134202,0.7887,35962,0.2934
D0061,UTT_Dist_61,Uttar Pradesh,0.4566,97.51,0.7408,0.6217,0.4691,0.3496,0.2618,0.7097,1.417,0.1821,14.49,692082,474041,0.685,218041,229758,161100,0.7012,68658,0.3069
D0062,UTT_Dist_62,Uttar Pradesh,0.5029,17.93,0.6377,0.74,0.5905,0.3189,0.3706,0.5566,1.171,0.3564,18.22,99806,69447,0.6958,30359,59805,45842,0.7665,13963,0.2688
D0063,UTT_Dist_63,Uttar Pradesh,0.4023,32.86,0.7843,0.6328,0.4476,0.2535,0.3057,0.7017,1.787,0.1827,13.45,230591,148666,0.6447,81925,90411,47069,0.5206,43342,0.4173
D0064,UTT_Dist_64,Uttar Pradesh,0.348,200.0,0.7976,0.6692,0.5509,0.3176,0.3694,0.7526,1.745,0.2623,10.87,1505151,893335,0.5935,611816,664984,456639,0.6867,208345,0.3599
D0065,UTT_Dist_65,Uttar Pradesh,0.5264,18.3,0.6322,0.6555,0.5053,0.2513,0.1848,0.4638,1.227,0.2664,17.58,84854,57465,0.6772,27389,30424,20376,0.6697,10048,0.3265
D0066,UTT_Dist_66,Uttar Pradesh,0.5848,26.64,0.7387,0.6733,0.5404,0.3758,0.2662,0.5907,1.511,0.3185,20.26,157378,123979,0.7878,33399,63837,46656,0.7309,17181,0.2407
D0067,UTT_Dist_67,Uttar Pradesh,0.3334,29.27,0.6891,0.6283,0.4679,0.3443,0.3494,0.6514,1.35,0.4151,13.42,190688,123240,0.6463,67448,92059,62090,0.6745,29969,0.3396
D0068,UTT_Dist_68,Uttar Pradesh,0.332,38.58,0.5939,0.6057,0.4554,0.2122,0.3758,0.6305,1.365,0.2471,15.2,243257,176284,0.7247,66973,130502,76814,0.5886,53688,0.3434
D0069,UTT_Dist_69,Uttar Pradesh,0.3608,54.87,0.7783,0.675,0.5086,0.4251,0.4803,0.6829,1.468,0.2792,14.36,374691,243036,0.6486,131655,237175,162338,0.6845,74837,0.3335
D0070,UTT_Dist_70,Uttar Pradesh,0.4807,56.56,0.6298,0.7582,0.6643,0.3115,0.4542,0.5456,1.276,0.3046,13.43,308596,212283,0.6879,96313,231225,175226,0.7578,55999,0.2771
D0071,UTT_Dist_71,Uttar Pradesh,0.4153,62.68,0.5959,0.6397,0.5289,0.3399,0.4052,0.5214,1.303,0.3915,13.45,326842,232603,0.7117,94239,228592,127023,0.5557,101569,0.3663
D0072,UTT_Dist_72,Uttar Pradesh,0.414,26.05,0.6902,0.6608,0.5562,0.2596,0.48,0.5376,0.964,0.2956,14.41,140036,101187,0.7226,38849,112517,72910,0.648,39607,0.3147
D0073,UTT_Dist_73,Uttar Pradesh,0.3556,33.11,0.6097,0.7229,0.5297,0.1427,0.4975,0.5874,1.727,0.3054,8.67,194480,121642,0.6255,72838,148258,93288,0.6292,54970,0.3726
D0074,UTT_Dist_74,Uttar Pradesh,0.3018,50.66,0.8162,0.6854,0.5113,0.2903,0.4227,0.7948,1.588,0.1482,12.41,402641,248369,0.6169,154272,192716,120073,0.6231,72643,0.38
D0075,UTT_Dist_75,Uttar Pradesh,0.4514,14.0,0.7077,0.7329,0.6298,0.3319,0.3994,0.5981,1.25,0.231,13.08,83734,52464,0.6266,31270,50330,33382,0.6633,16948,0.3551
D0076,MAH_Dist_01,Maharashtra,0.5627,82.27,0.6023,0.7371,0.5831,0.3353,0.1982,0.3423,1.872,0.3215,17.53,281583,188504,0.6694,93079,146759,108550,0.7397,38209,0.2955
D0077,MAH_Dist_02,Maharashtra,0.6897,40.51,0.7289,0.6909,0.5609,0.308,0.2526,0.6222,1.809,0.349,16.6,252068,195148,0.7742,56920,92097,65759,0.714,26338,0.2559
D0078,MAH_Dist_03,Maharashtra,0.7691,85.04,0.5413,0.8335,0.6009,0.2035,0.2471,0.5249,1.76,0.5441,21.56,446345,393602,0.8818,52743,189142,166444,0.88,22698,0.1191
D0079,MAH_Dist_04,Maharashtra,0.774,21.36,0.6845,0.7662,0.6056,0.2477,0.2109,0.7346,2.022,0.4764,18.89,156942,133884,0.8531,23058,40542,35676,0.88,4866,0.1335
D0080,MAH_Dist_05,Maharashtra,0.9272,42.85,0.4508,0.8614,0.7747,0.2637,0.2282,0.3916,1.884,0.5199,18.54,167800,154376,0.92,13424,88005,77444,0.88,10561,0.1
D0081,MAH_Dist_06,Maharashtra,0.6513,12.42,0.524,0.8375,0.7517,0.1498,0.281,0.5855,2.311,0.2838,16.31,72718,58506,0.8046,14212,31413,24792,0.7892,6621,0.2031
D0082,MAH_Dist_07,Maharashtra,0.7326,46.8,0.7037,0.7045,0.5117,0.2945,0.2129,0.6164,1.697,0.4643,23.17,288477,237222,0.8223,51255,89682,74082,0.8261,15600,0.1758
D0083,MAH_Dist_08,Maharashtra,0.7517,116.98,0.6788,0.6174,0.4523,0.1155,0.3139,0.5709,1.554,0.4645,17.91,667861,475485,0.712,192376,330482,259984,0.7867,70498,0.2507
D0084,MAH_Dist_09,Maharashtra,0.5224,33.24,0.6464,0.7003,0.5251,0.358,0.3132,0.609,1.479,0.4401,21.68,202450,147204,0.7271,55246,93695,73248,0.7818,20447,0.2456
D0085,MAH_Dist_10,Maharashtra,0.7724,41.86,0.5589,0.8119,0.6121,0.2204,0.2306,0.427,1.648,0.451,21.79,178705,142323,0.7964,36382,86850,75199,0.8659,11651,0.1689
D0086,MAH_Dist_11,Maharashtra,0.7011,76.77,0.5939,0.7927,0.6366,0.3208,0.3582,0.4951,1.54,0.5617,15.86,380044,294283,0.7743,85761,247482,217784,0.88,29698,0.1728
D0087,MAH_Dist_12,Maharashtra,0.6747,32.4,0.6834,0.7667,0.6815,0.2835,0.3571,0.7212,1.904,0.4015,18.7,233676,183418,0.7849,50258,104149,85916,0.8249,18233,0.1951
D0088,MAH_Dist_13,Maharashtra,0.6039,57.92,0.5515,0.7618,0.6325,0.3736,0.3033,0.416,1.804,0.3929,18.34,240912,198945,0.8258,41967,158108,125671,0.7948,32437,0.1897
D0089,MAH_Dist_14,Maharashtra,0.6705,50.99,0.7105,0.8096,0.6975,0.1635,0.385,0.6484,1.727,0.4522,15.32,330619,238356,0.7209,92263,176678,119414,0.6759,57264,0.3016
D0090,MAH_Dist_15,Maharashtra,0.6192,98.99,0.5091,0.8218,0.6366,0.2359,0.2473,0.5034,2.405,0.4936,16.41,498302,321569,0.6453,176733,220295,193859,0.88,26436,0.2373
D0091,MAH_Dist_16,Maharashtra,0.5788,38.03,0.7292,0.6118,0.5026,0.434,0.2983,0.6601,1.786,0.4081,18.24,251022,178832,0.7124,72190,102074,69638,0.6822,32436,0.3027
D0092,MAH_Dist_17,Maharashtra,0.6204,20.58,0.7105,0.6701,0.5413,0.2137,0.2227,0.494,2.013,0.4434,16.73,101658,78327,0.7705,23331,41240,28534,0.6919,12706,0.2688
D0093,MAH_Dist_18,Maharashtra,0.6984,68.5,0.5574,0.6843,0.5566,0.2676,0.2243,0.4686,1.867,0.5121,19.39,320950,270730,0.8435,50220,138280,114169,0.8256,24111,0.1654
D0094,MAH_Dist_19,Maharashtra,0.6673,36.51,0.6564,0.7743,0.6057,0.1592,0.2256,0.5095,2.069,0.3132,22.09,186019,135926,0.7307,50093,74141,62274,0.8399,11867,0.2147
D0095,MAH_Dist_20,Maharashtra,0.6232,13.22,0.5369,0.8591,0.728,0.2782,0.3987,0.4881,2.222,0.3556,18.27,64545,54003,0.8367,10542,47451,32499,0.6849,14952,0.2392
D0096,MAH_Dist_21,Maharashtra,0.7152,34.96,0.6329,0.7717,0.6026,0.1887,0.3095,0.4992,2.361,0.5393,18.69,174525,135545,0.7767,38980,97374,73323,0.753,24051,0.2352
D0097,MAH_Dist_22,Maharashtra,0.6381,65.97,0.6294,0.6637,0.4736,0.2004,0.3773,0.5841,1.79,0.3436,24.11,385298,262197,0.6805,123101,223976,165969,0.741,58007,0.2892
D0098,MAH_Dist_23,Maharashtra,0.7456,55.05,0.5682,0.9023,0.6425,0.359,0.2949,0.4883,1.642,0.4746,15.67,268816,221903,0.8255,46913,146095,111432,0.7627,34663,0.2059
D0099,MAH_Dist_24,Maharashtra,0.6312,48.22,0.7164,0.8082,0.7156,0.298,0.3034,0.5104,1.981,0.3466,21.3,246122,177428,0.7209,68694,131653,108057,0.8208,23596,0.2292
D0100,MAH_Dist_25,Maharashtra,0.6478,18.94,0.6636,0.7632,0.6424,0.2936,0.144,0.4708,1.924,0.3365,11.5,89172,69258,0.7767,19914,24541,21579,0.8793,2962,0.172
D0101,MAH_Dist_26,Maharashtra,0.6895,18.07,0.6152,0.8106,0.6291,0.2397,0.2336,0.5649,1.763,0.4501,17.73,102096,75609,0.7406,26487,38000,33436,0.8799,4564,0.1898
D0102,MAH_Dist_27,Maharashtra,0.694,47.24,0.5891,0.7725,0.674,0.2597,0.3836,0.558,2.008,0.4106,14.95,263594,192766,0.7313,70828,163101,123580,0.7577,39521,0.2555
D0103,MAH_Dist_28,Maharashtra,0.6412,57.24,0.6301,0.7273,0.6496,0.2909,0.0624,0.4903,1.85,0.2624,15.44,280664,215785,0.7688,64879,32168,21795,0.6776,10373,0.2768
D0104,MAH_Dist_29,Maharashtra,0.6127,32.98,0.5805,0.7507,0.6749,0.2537,0.2559,0.4698,1.628,0.3861,17.76,154924,116862,0.7543,38062,75935,58106,0.7652,17829,0.2402
D0105,MAH_Dist_30,Maharashtra,0.725,31.72,0.6722,0.8477,0.6827,0.1373,0.2497,0.5568,2.184,0.3532,15.99,176579,152359,0.8628,24220,71283,56034,0.7861,15249,0.1755
D0106,MAH_Dist_31,Maharashtra,0.7603,47.84,0.5815,0.8379,0.6672,0.2238,0.1276,0.5217,1.995,0.4039,21.94,249593,206204,0.8262,43389,54928,44306,0.8066,10622,0.1836
D0107,MAH_Dist_32,Maharashtra,0.7857,24.36,0.5728,0.7941,0.5797,0.1668,0.0515,0.4265,1.845,0.5354,13.89,103898,88435,0.8512,15463,11290,9228,0.8174,2062,0.1657
D0108,MAH_Dist_33,Maharashtra,0.7814,138.67,0.4486,0.7344,0.6376,0.2043,0.2968,0.3389,2.062,0.6026,25.31,469942,392201,0.8346,77741,370427,312027,0.8423,58400,0.1615
D0109,MAH_Dist_34,Maharashtra,0.7268,21.73,0.7567,0.7364,0.5216,0.2505,0.1951,0.6114,2.28,0.4436,15.55,132842,110199,0.8296,22643,38150,32749,0.8584,5401,0.156
D0110,MAH_Dist_35,Maharashtra,0.6539,35.47,0.6437,0.7181,0.6124,0.2024,0.1747,0.4942,2.231,0.464,17.33,175314,145874,0.8321,29440,55775,44989,0.8066,10786,0.1807
D0111,MAH_Dist_36,Maharashtra,0.7265,24.05,0.5443,0.9068,0.8125,0.306,0.3191,0.5886,2.068,0.5288,20.61,141565,121368,0.8573,20197,69071,57820,0.8371,11251,0.1528
D0112,BIH_Dist_01,Bihar,0.3024,76.68,0.6051,0.5092,0.4189,0.1683,0.4536,0.495,1.498,0.2206,9.3,379536,212939,0.5611,166597,313039,177609,0.5674,135430,0.4358
D0113,BIH_Dist_02,Bihar,0.3301,36.22,0.7737,0.695,0.5944,0.3519,0.4441,0.6929,1.304,0.1758,11.34,250948,161737,0.6445,89211,144746,91807,0.6343,52939,0.3606
D0114,BIH_Dist_03,Bihar,0.3524,72.16,0.7662,0.5191,0.4196,0.3478,0.4543,0.8334,0.8,0.2754,13.19,601377,397432,0.6609,203945,295020,189445,0.6421,105575,0.3485
D0115,BIH_Dist_04,Bihar,0.3389,25.99,0.7147,0.5291,0.455,0.2396,0.472,0.5094,1.742,0.2708,8.45,132403,80223,0.6059,52180,110413,71453,0.6471,38960,0.3735
D0116,BIH_Dist_05,Bihar,0.234,11.97,0.7318,0.4889,0.428,0.2575,0.4744,0.594,1.431,0.3262,4.4,71098,33649,0.4733,37449,51099,28540,0.5585,22559,0.4841
D0117,BIH_Dist_06,Bihar,0.3059,23.41,0.6978,0.7411,0.6048,0.317,0.5581,0.7252,1.546,0.3679,13.6,169758,105241,0.6199,64517,117585,81452,0.6927,36133,0.3437
D0118,BIH_Dist_07,Bihar,0.4393,38.61,0.7721,0.6087,0.4891,0.3319,0.3169,0.6427,0.899,0.2178,13.42,248146,177291,0.7145,70855,110133,75460,0.6852,34673,0.3002
D0119,BIH_Dist_08,Bihar,0.2681,13.89,0.8539,0.6819,0.4935,0.3505,0.5387,0.7045,0.621,0.3009,11.41,97871,50801,0.5191,47070,67350,33976,0.5045,33374,0.4882
D0120,BIH_Dist_09,Bihar,0.3078,15.15,0.5906,0.6348,0.5638,0.3158,0.468,0.3904,1.102,0.2059,2.54,59140,34747,0.5875,24393,63805,39544,0.6198,24261,0.3963
D0121,BIH_Dist_10,Bihar,0.4829,19.3,0.6328,0.6399,0.526,0.3104,0.3851,0.4977,1.561,0.345,11.98,96088,66434,0.6914,29654,66911,43014,0.6429,23897,0.3329
D0122,BIH_Dist_11,Bihar,0.2828,68.78,0.7267,0.5219,0.4464,0.4174,0.2429,0.5654,1.489,0.2258,9.81,388868,220611,0.5673,168257,150383,87151,0.5795,63232,0.4266
D0123,BIH_Dist_12,Bihar,0.225,19.41,0.8348,0.5195,0.3842,0.2285,0.4664,0.8786,1.242,0.1079,8.55,170533,86524,0.5074,84009,81473,39413,0.4838,42060,0.5044
D0124,BIH_Dist_13,Bihar,0.4006,20.87,0.7912,0.6033,0.4362,0.4763,0.4039,0.721,1.291,0.3103,13.27,150466,86995,0.5782,63471,75852,34552,0.4555,41300,0.4831
D0125,BIH_Dist_14,Bihar,0.3849,23.92,0.5262,0.6775,0.5624,0.2216,0.5078,0.4525,1.394,0.2235,12.52,108225,64557,0.5965,43668,109316,72573,0.6639,36743,0.3698
D0126,BIH_Dist_15,Bihar,0.2933,77.72,0.8403,0.5513,0.4432,0.2522,0.4093,0.6966,0.771,0.2546,10.63,541402,306676,0.5664,234726,286332,215965,0.7542,70367,0.3397
D0127,BIH_Dist_16,Bihar,0.3739,103.28,0.685,0.5731,0.4901,0.3743,0.4294,0.5963,1.771,0.1401,14.09,615891,392822,0.6378,223069,399187,244324,0.6121,154863,0.3751
D0128,BIH_Dist_17,Bihar,0.2525,195.64,0.8402,0.5707,0.4356,0.3581,0.3726,0.6859,1.306,0.1902,6.85,1341963,747229,0.5568,594734,656048,396205,0.6039,259843,0.4196
D0129,BIH_Dist_18,Bihar,0.3436,165.03,0.6447,0.6318,0.5537,0.3284,0.4152,0.5302,1.235,0.1714,12.54,874945,489172,0.5591,385773,616649,396217,0.6425,220432,0.3992
D0130,BIH_Dist_19,Bihar,0.3717,112.55,0.8645,0.6355,0.4848,0.3188,0.2316,0.7266,1.175,0.3595,12.36,817814,474313,0.58,343501,234588,137499,0.5861,97089,0.4169
D0131,BIH_Dist_20,Bihar,0.4172,12.11,0.6848,0.6706,0.4884,0.2617,0.4442,0.44,1.803,0.2414,17.08,53280,33911,0.6365,19369,48403,36260,0.7491,12143,0.3072
D0132,BIH_Dist_21,Bihar,0.353,63.17,0.7562,0.617,0.472,0.2417,0.4314,0.6569,1.252,0.2263,10.64,414968,269714,0.65,145254,245302,125722,0.5125,119580,0.4188
D0133,BIH_Dist_22,Bihar,0.3601,15.04,0.6439,0.7284,0.5147,0.2485,0.4638,0.4552,1.54,0.3341,14.7,68435,44506,0.6503,23929,62765,42737,0.6809,20028,0.3344
D0134,BIH_Dist_23,Bihar,0.2727,49.5,0.6182,0.5817,0.5078,0.1497,0.3981,0.5848,1.182,0.0706,11.03,289444,170445,0.5889,118999,177344,94968,0.5355,82376,0.4378
D0135,BIH_Dist_24,Bihar,0.391,52.83,0.7722,0.6104,0.4295,0.3344,0.4463,0.6195,1.271,0.3382,10.88,327315,191892,0.5863,135423,212229,130399,0.6144,81830,0.3997
D0136,BIH_Dist_25,Bihar,0.1992,38.69,0.6518,0.5219,0.3966,0.3747,0.462,0.6738,1.048,0.2562,12.47,260688,127007,0.4872,133681,160871,88860,0.5524,72011,0.4802
D0137,BIH_Dist_26,Bihar,0.428,83.32,0.7154,0.6727,0.5405,0.3559,0.4967,0.5599,1.336,0.1659,14.25,466492,347050,0.744,119442,372464,219972,0.5906,152492,0.3327
D0138,BIH_Dist_27,Bihar,0.4477,45.72,0.6121,0.7565,0.607,0.3376,0.5446,0.4613,1.419,0.2843,15.61,210879,141957,0.6732,68922,224060,176446,0.7875,47614,0.2697
D0139,BIH_Dist_28,Bihar,0.3002,18.81,0.6855,0.5968,0.4741,0.2126,0.4661,0.438,0.878,0.2197,9.0,82399,47075,0.5713,35324,78922,44043,0.5581,34879,0.4353
D0140,BIH_Dist_29,Bihar,0.4368,31.92,0.7355,0.6119,0.4642,0.4756,0.3924,0.6722,1.23,0.2853,11.35,214548,149930,0.6988,64618,112704,71166,0.6315,41538,0.3349
D0141,BIH_Dist_30,Bihar,0.5021,88.95,0.6176,0.6723,0.5273,0.1687,0.4109,0.5123,2.013,0.3841,13.41,455634,317732,0.6973,137902,328955,211157,0.6419,117798,0.3304
D0142,BIH_Dist_31,Bihar,0.2933,32.03,0.6807,0.6026,0.4663,0.1514,0.4222,0.5095,1.263,0.2172,8.92,163221,95953,0.5879,67268,121710,70789,0.5816,50921,0.4152
D0143,BIH_Dist_32,Bihar,0.2628,39.57,0.7501,0.6529,0.5401,0.3119,0.4754,0.6907,1.385,0.2327,8.02,273327,134329,0.4915,138998,169308,85269,0.5036,84039,0.5025
D0144,BIH_Dist_33,Bihar,0.5642,16.9,0.4958,0.6748,0.5707,0.3166,0.2726,0.4513,2.179,0.4218,19.04,76262,58654,0.7691,17608,41458,29331,0.7075,12127,0.2617
D0145,BIH_Dist_34,Bihar,0.4614,148.3,0.7116,0.6426,0.5676,0.299,0.2186,0.5563,1.843,0.1803,16.57,825038,494726,0.5996,330312,291743,225780,0.7739,65963,0.3132
D0146,BIH_Dist_35,Bihar,0.3297,10.16,0.6574,0.5255,0.3705,0.2704,0.3731,0.6565,1.232,0.3401,9.18,66679,42873,0.643,23806,34107,22466,0.6587,11641,0.3492
D0147,BIH_Dist_36,Bihar,0.2513,34.6,0.7599,0.5275,0.4419,0.3319,0.4499,0.5657,1.034,0.2098,11.25,195742,97030,0.4957,98712,140120,73856,0.5271,66264,0.4886
D0148,BIH_Dist_37,Bihar,0.2057,10.45,0.7705,0.5213,0.4575,0.3352,0.4591,0.6808,1.243,0.2747,5.73,71114,34009,0.4782,37105,43162,21372,0.4952,21790,0.5133
D0149,BIH_Dist_38,Bihar,0.4886,44.4,0.73,0.8037,0.6334,0.3118,0.2536,0.5594,1.273,0.2454,16.25,248357,183440,0.7386,64917,101351,61080,0.6027,40271,0.3294
D0150,WES_Dist_01,West Bengal,0.5363,29.84,0.6459,0.6248,0.4876,0.433,0.2371,0.6861,1.753,0.4184,15.41,204734,170395,0.8323,34339,63686,38965,0.6118,24721,0.2779
D0151,WES_Dist_02,West Bengal,0.5703,39.86,0.7373,0.7347,0.5335,0.2713,0.2686,0.6463,1.917,0.3313,12.89,257627,185692,0.7208,71935,96380,70493,0.7314,25887,0.2739
D0152,WES_Dist_03,West Bengal,0.5704,102.52,0.5345,0.7694,0.5699,0.2054,0.151,0.5505,2.597,0.315,17.08,564415,407699,0.7223,156716,139303,106267,0.7629,33036,0.2574
D0153,WES_Dist_04,West Bengal,0.5917,200.0,0.6874,0.755,0.5588,0.2675,0.3025,0.5699,1.989,0.4479,17.41,1139883,960421,0.8426,179462,544506,403064,0.7402,141442,0.2086
D0154,WES_Dist_05,West Bengal,0.6262,80.9,0.598,0.7978,0.6157,0.2038,0.3758,0.5687,1.893,0.3379,19.07,460058,332095,0.7219,127963,273594,222204,0.8122,51390,0.233
D0155,WES_Dist_06,West Bengal,0.614,12.12,0.7302,0.7716,0.6706,0.3075,0.2388,0.6355,1.714,0.3226,12.38,77018,56535,0.7341,20483,26043,18023,0.6921,8020,0.2869
D0156,WES_Dist_07,West Bengal,0.5585,12.1,0.6569,0.6933,0.5268,0.3088,0.3793,0.5012,1.919,0.3514,13.88,60645,40880,0.6741,19765,41308,26854,0.6501,14454,0.3379
D0157,WES_Dist_08,West Bengal,0.6164,22.75,0.6131,0.7157,0.5334,0.1173,0.1712,0.5228,2.085,0.3829,18.33,118914,88304,0.7426,30610,35053,28988,0.827,6065,0.2152
D0158,WES_Dist_09,West Bengal,0.725,111.13,0.5443,0.6988,0.5846,0.2545,0.2981,0.3945,2.039,0.4827,27.78,438435,356324,0.8127,82111,298149,253740,0.8511,44409,0.1681
D0159,WES_Dist_10,West Bengal,0.548,21.92,0.6026,0.5904,0.4876,0.2392,0.4072,0.5133,1.312,0.3027,19.34,112499,75866,0.6744,36633,80322,55189,0.6871,25133,0.3193
D0160,WES_Dist_11,West Bengal,0.6083,55.5,0.7193,0.6944,0.61,0.2123,0.3379,0.6018,1.681,0.4333,15.42,334006,206707,0.6189,127299,168799,123184,0.7298,45615,0.3257
D0161,WES_Dist_12,West Bengal,0.6638,32.51,0.6949,0.8043,0.7184,0.337,0.3007,0.6648,1.71,0.3248,18.7,216084,170501,0.7891,45583,87981,69578,0.7908,18403,0.2101
D0162,WES_Dist_13,West Bengal,0.3234,50.56,0.6215,0.5965,0.4616,0.2868,0.3844,0.5179,1.721,0.21,12.37,261844,162591,0.6209,99253,174897,91838,0.5251,83059,0.427
D0163,WES_Dist_14,West Bengal,0.6331,107.42,0.682,0.7304,0.6,0.18,0.3987,0.5505,1.993,0.333,13.56,591300,486937,0.8235,104363,385454,266348,0.691,119106,0.2427
D0164,WES_Dist_15,West Bengal,0.5654,36.59,0.5818,0.6955,0.495,0.1663,0.3831,0.4244,1.494,0.3573,13.32,155296,91328,0.5881,63968,126167,87489,0.6934,38678,0.3592
D0165,WES_Dist_16,West Bengal,0.743,52.88,0.5884,0.8314,0.7422,0.2201,0.3371,0.5153,1.697,0.5756,24.5,272507,222800,0.8176,49707,160439,141186,0.88,19253,0.1512
D0166,WES_Dist_17,West Bengal,0.6285,37.93,0.4571,0.6883,0.533,0.2736,0.3125,0.3921,1.816,0.3943,22.04,148715,98749,0.664,49966,106663,79785,0.748,26878,0.294
D0167,WES_Dist_18,West Bengal,0.5417,25.56,0.6463,0.5952,0.4235,0.385,0.3168,0.553,1.418,0.3814,14.04,141363,100516,0.7111,40847,72897,45922,0.63,26975,0.3295
D0168,WES_Dist_19,West Bengal,0.5815,36.73,0.6725,0.7964,0.6588,0.2369,0.2525,0.5006,1.295,0.4723,18.03,183858,146837,0.7986,37021,83477,63125,0.7562,20352,0.2226
D0169,WES_Dist_20,West Bengal,0.5244,28.17,0.5996,0.6951,0.5052,0.4176,0.3405,0.5506,1.099,0.3386,16.16,155108,114775,0.74,40333,86336,58270,0.6749,28066,0.2926
D0170,WES_Dist_21,West Bengal,0.725,13.25,0.5511,0.6626,0.4858,0.2354,0.2257,0.4498,2.064,0.3266,20.89,59600,52046,0.8733,7554,26909,19921,0.7403,6988,0.1932
D0171,WES_Dist_22,West Bengal,0.5652,133.83,0.6863,0.6646,0.5659,0.2666,0.247,0.4963,1.897,0.3484,19.83,664178,479675,0.7222,184503,297515,202598,0.681,94917,0.2984
D0172,WES_Dist_23,West Bengal,0.5495,29.93,0.7072,0.791,0.5899,0.2531,0.4008,0.6434,1.489,0.2597,16.79,192540,133350,0.6926,59190,107944,79237,0.7341,28707,0.2867
D0173,MAD_Dist_01,Madhya Pradesh,0.598,48.4,0.612,0.7043,0.549,0.215,0.3306,0.408,1.742,0.275,18.72,197456,154396,0.7819,43060,143999,104541,0.726,39458,0.246
D0174,MAD_Dist_02,Madhya Pradesh,0.4625,45.42,0.7984,0.5634,0.4214,0.1935,0.3324,0.6119,1.7,0.3091,16.0,277920,208230,0.7492,69690,135893,78482,0.5775,57411,0.3366
D0175,MAD_Dist_03,Madhya Pradesh,0.5594,60.76,0.5823,0.708,0.6222,0.173,0.2974,0.4666,0.598,0.4505,12.21,283493,197725,0.6975,85768,162614,103038,0.6336,59576,0.3345
D0176,MAD_Dist_04,Madhya Pradesh,0.4007,69.72,0.7106,0.6569,0.5137,0.3396,0.4886,0.6323,1.08,0.3109,16.59,440890,242922,0.551,197968,306586,209401,0.683,97185,0.383
D0177,MAD_Dist_05,Madhya Pradesh,0.3897,17.65,0.7414,0.6205,0.4343,0.2574,0.3356,0.4511,1.078,0.3237,10.55,79636,55121,0.6922,24515,53320,34984,0.6561,18336,0.3258
D0178,MAD_Dist_06,Madhya Pradesh,0.4099,25.2,0.6216,0.7025,0.5918,0.2046,0.4487,0.5607,1.339,0.2519,17.46,141301,103354,0.7315,37947,101779,75162,0.7385,26617,0.265
D0179,MAD_Dist_07,Madhya Pradesh,0.4368,89.54,0.6307,0.5981,0.512,0.3211,0.2482,0.5434,1.693,0.3364,16.15,486621,316179,0.6497,170442,200016,121922,0.6096,78094,0.3703
D0180,MAD_Dist_08,Madhya Pradesh,0.2453,73.24,0.8507,0.5698,0.4515,0.3829,0.5052,0.7579,1.294,0.2265,8.05,555144,293286,0.5283,261858,333000,153178,0.46,179822,0.5058
D0181,MAD_Dist_09,Madhya Pradesh,0.4652,23.63,0.7238,0.7061,0.628,0.3974,0.4003,0.61,1.337,0.1419,18.64,144153,94153,0.6532,50000,85131,62815,0.7379,22316,0.3045
D0182,MAD_Dist_10,Madhya Pradesh,0.4919,62.78,0.6933,0.6113,0.5461,0.3686,0.4091,0.5431,1.664,0.3219,13.26,340917,191930,0.563,148987,231155,169251,0.7322,61904,0.3524
D0183,MAD_Dist_11,Madhya Pradesh,0.3917,42.59,0.7684,0.5745,0.4794,0.2638,0.4822,0.7072,1.968,0.2308,10.91,301193,170417,0.5658,130776,184855,99635,0.539,85220,0.4476
D0184,MAD_Dist_12,Madhya Pradesh,0.53,38.1,0.7619,0.5976,0.4667,0.2097,0.2487,0.5281,1.966,0.301,13.95,201226,138791,0.6897,62435,85279,60961,0.7148,24318,0.2977
D0185,MAD_Dist_13,Madhya Pradesh,0.5194,14.84,0.6394,0.7706,0.6552,0.1793,0.3017,0.5066,1.079,0.3131,15.62,75151,58643,0.7803,16508,40280,27310,0.678,12970,0.2708
D0186,MAD_Dist_14,Madhya Pradesh,0.3786,47.23,0.6288,0.7225,0.5439,0.1769,0.3248,0.433,1.067,0.2645,12.78,204538,122756,0.6002,81782,138081,88841,0.6434,49240,0.3782
D0187,MAD_Dist_15,Madhya Pradesh,0.3863,67.87,0.8487,0.6075,0.5041,0.3859,0.2695,0.7923,1.657,0.3571,8.12,537770,333740,0.6206,204030,164619,98971,0.6012,65648,0.3891
D0188,MAD_Dist_16,Madhya Pradesh,0.5631,107.88,0.5837,0.7469,0.5251,0.3842,0.3705,0.5322,1.626,0.2462,15.26,574127,424938,0.7401,149189,359745,239060,0.6645,120685,0.2977
D0189,MAD_Dist_17,Madhya Pradesh,0.4281,41.54,0.7182,0.6322,0.5582,0.2599,0.513,0.5797,1.294,0.1803,13.3,240829,171594,0.7125,69235,191780,138539,0.7224,53241,0.2826
D0190,MAD_Dist_18,Madhya Pradesh,0.4946,40.19,0.7056,0.6142,0.4316,0.3156,0.2789,0.5514,1.292,0.2677,12.74,221611,155314,0.7008,66297,100861,75932,0.7528,24929,0.2732
D0191,MAD_Dist_19,Madhya Pradesh,0.3836,45.39,0.7557,0.637,0.5647,0.3255,0.5099,0.6568,1.58,0.1746,17.81,298129,181021,0.6072,117108,208303,130708,0.6275,77595,0.3827
D0192,MAD_Dist_20,Madhya Pradesh,0.4423,14.16,0.5578,0.695,0.5377,0.3036,0.3546,0.5246,1.899,0.3203,15.92,74273,47008,0.6329,27265,45184,35335,0.782,9849,0.2925
D0193,MAD_Dist_21,Madhya Pradesh,0.5894,54.4,0.5997,0.6692,0.5279,0.3218,0.3777,0.5101,1.679,0.3169,15.66,277473,223448,0.8053,54025,184915,123608,0.6685,61307,0.2631
D0194,MAD_Dist_22,Madhya Pradesh,0.3741,16.76,0.7625,0.5888,0.516,0.2212,0.3739,0.7159,1.177,0.3083,10.0,119973,91926,0.7662,28047,56389,37640,0.6675,18749,0.2831
D0195,MAD_Dist_23,Madhya Pradesh,0.3219,91.18,0.7759,0.5155,0.3926,0.34,0.4778,0.5641,1.286,0.1647,5.02,514322,258460,0.5025,255862,392138,205946,0.5252,186192,0.4861
D0196,MAD_Dist_24,Madhya Pradesh,0.4634,65.11,0.7018,0.7094,0.6027,0.292,0.4025,0.5174,1.217,0.4525,11.51,336866,224403,0.6662,112463,235884,149930,0.6356,85954,0.3491
D0197,MAD_Dist_25,Madhya Pradesh,0.5081,46.46,0.5725,0.7337,0.5259,0.2776,0.2844,0.5164,1.476,0.309,10.58,239924,149544,0.6233,90380,118924,83453,0.7017,35471,0.3375
D0198,MAD_Dist_26,Madhya Pradesh,0.4183,182.35,0.6446,0.6027,0.5376,0.2384,0.2558,0.6941,0.863,0.3597,14.54,1265742,759804,0.6003,505938,419800,285311,0.6796,134489,0.36
D0199,MAD_Dist_27,Madhya Pradesh,0.2191,52.27,0.7995,0.5488,0.4426,0.3818,0.4355,0.6154,0.892,0.2162,6.96,321658,166605,0.518,155053,204852,87632,0.4278,117220,0.5271
D0200,MAD_Dist_28,Madhya Pradesh,0.4194,51.12,0.4884,0.6494,0.4569,0.3053,0.4994,0.3373,1.728,0.4722,18.66,172444,117434,0.681,55010,229757,163121,0.71,66636,0.3045
D0201,MAD_Dist_29,Madhya Pradesh,0.4258,35.35,0.7887,0.715,0.565,0.2423,0.3725,0.6496,1.746,0.3149,11.42,229600,148151,0.6453,81449,118496,82400,0.6954,36096,0.3297
D0202,MAD_Dist_30,Madhya Pradesh,0.4697,25.19,0.7009,0.664,0.4747,0.2404,0.212,0.5614,1.69,0.3954,10.82,141421,91329,0.6458,50092,48067,30459,0.6337,17608,0.3603
D0203,MAD_Dist_31,Madhya Pradesh,0.3816,122.5,0.7882,0.4894,0.4119,0.382,0.4188,0.8177,1.826,0.2571,13.88,1001632,640367,0.6393,361265,461754,301155,0.6522,160599,0.3542
D0204,MAD_Dist_32,Madhya Pradesh,0.3385,45.93,0.8175,0.6057,0.5139,0.4061,0.4383,0.6613,1.447,0.2213,12.7,303715,207550,0.6834,96165,181187,120891,0.6672,60296,0.3247
D0205,MAD_Dist_33,Madhya Pradesh,0.4453,22.56,0.6116,0.7068,0.5618,0.3111,0.3215,0.5852,1.165,0.2312,11.84,132007,92375,0.6998,39632,65270,41730,0.6394,23540,0.3304
D0206,MAD_Dist_34,Madhya Pradesh,0.3202,16.23,0.7557,0.596,0.4628,0.2684,0.3693,0.7145,1.537,0.2798,14.07,115926,70025,0.6041,45901,53925,34457,0.639,19468,0.3785
D0207,MAD_Dist_35,Madhya Pradesh,0.336,69.27,0.7802,0.5475,0.4072,0.2332,0.4992,0.7064,1.465,0.1444,14.0,489367,261061,0.5335,228306,311224,215187,0.6914,96037,0.3876
D0208,MAD_Dist_36,Madhya Pradesh,0.3932,30.97,0.6858,0.623,0.5055,0.3254,0.4471,0.5645,1.299,0.2836,15.06,174817,112902,0.6458,61915,124609,82692,0.6636,41917,0.3453
D0209,MAD_Dist_37,Madhya Pradesh,0.4675,9.82,0.7469,0.5683,0.4953,0.3227,0.4602,0.5996,1.322,0.3036,16.27,58864,34879,0.5925,23985,40658,29174,0.7175,11484,0.345
D0210,MAD_Dist_38,Madhya Pradesh,0.5368,32.7,0.7478,0.7293,0.6017,0.4109,0.3469,0.7088,1.612,0.359,20.43,231757,155068,0.6691,76689,102073,86440,0.8469,15633,0.242
D0211,MAD_Dist_39,Madhya Pradesh,0.47,39.73,0.7149,0.5775,0.4287,0.1325,0.4173,0.6461,1.984,0.3898,12.44,256700,185614,0.7231,71086,149227,107098,0.7177,42129,0.2796
D0212,MAD_Dist_40,Madhya Pradesh,0.4747,112.4,0.684,0.654,0.5481,0.1894,0.3007,0.6753,1.366,0.3844,19.55,758995,534746,0.7045,224249,304214,201525,0.6624,102689,0.3165
D0213,MAD_Dist_41,Madhya Pradesh,0.589,20.29,0.6171,0.6832,0.4808,0.2856,0.3821,0.6177,1.833,0.4016,25.97,125340,84362,0.6731,40978,69791,55466,0.7948,14325,0.2661
D0214,MAD_Dist_42,Madhya Pradesh,0.2976,44.92,0.7579,0.6163,0.5044,0.3589,0.425,0.6337,1.111,0.2013,8.68,284631,149456,0.5251,135175,171824,102034,0.5938,69790,0.4405
D0215,MAD_Dist_43,Madhya Pradesh,0.4804,36.39,0.7535,0.6179,0.5558,0.2337,0.4533,0.6457,1.485,0.3364,13.15,234962,161094,0.6856,73868,148438,101000,0.6804,47438,0.317
D0216,MAD_Dist_44,Madhya Pradesh,0.3767,38.05,0.6654,0.6089,0.4833,0.2442,0.3788,0.5456,1.293,0.2351,13.97,207622,136873,0.6592,70749,129733,76412,0.589,53321,0.3759
D0217,MAD_Dist_45,Madhya Pradesh,0.3337,79.19,0.6942,0.5377,0.4039,0.2753,0.3862,0.5104,1.4,0.346,10.53,404158,203228,0.5028,200930,275204,155933,0.5666,119271,0.4653
D0218,MAD_Dist_46,Madhya Pradesh,0.5382,40.63,0.6806,0.7091,0.5681,0.1949,0.3271,0.5082,1.074,0.3667,13.26,206496,155711,0.7541,50785,119621,79276,0.6627,40345,0.2916
D0219,MAD_Dist_47,Madhya Pradesh,0.4207,108.79,0.8419,0.6012,0.4899,0.2644,0.3486,0.7633,1.673,0.3684,13.82,830403,486662,0.5861,343741,341321,209098,0.6126,132223,0.4007
D0220,MAD_Dist_48,Madhya Pradesh,0.5662,153.46,0.3858,0.7003,0.6076,0.1622,0.1872,0.3023,1.372,0.4214,15.5,463918,330079,0.7115,133839,258549,182335,0.7052,76214,0.2916
D0221,MAD_Dist_49,Madhya Pradesh,0.5823,15.77,0.8237,0.8096,0.6039,0.2515,0.2457,0.7606,1.794,0.2153,17.52,119926,81605,0.6805,38321,34863,24951,0.7157,9912,0.3019
D0222,MAD_Dist_50,Madhya Pradesh,0.4654,23.53,0.7176,0.6336,0.5664,0.2668,0.4613,0.6254,1.344,0.2321,13.62,147157,104978,0.7134,42179,97694,65790,0.6734,31904,0.3066
D0223,MAD_Dist_51,Madhya Pradesh,0.3875,118.74,0.6262,0.6534,0.4859,0.3396,0.4187,0.57,1.494,0.2491,14.82,676822,420195,0.6208,256627,447454,256463,0.5732,190991,0.403
D0224,MAD_Dist_52,Madhya Pradesh,0.3728,6.66,0.7858,0.6021,0.4263,0.2922,0.4242,0.6212,1.303,0.2022,6.09,41361,23961,0.5793,17400,25421,15002,0.5901,10419,0.4153
D0225,MAD_Dist_53,Madhya Pradesh,0.2102,37.42,0.7343,0.5146,0.4454,0.4157,0.6587,0.5465,1.182,0.1526,11.86,204476,101009,0.494,103467,221827,119044,0.5367,102783,0.4847
D0226,MAD_Dist_54,Madhya Pradesh,0.4345,12.23,0.7939,0.6148,0.4501,0.2695,0.3306,0.6451,1.551,0.2923,15.94,78867,49248,0.6244,29619,36376,21775,0.5986,14601,0.3885
D0227,MAD_Dist_55,Madhya Pradesh,0.394,24.17,0.6693,0.7027,0.6005,0.316,0.4518,0.4906,1.425,0.3301,12.38,118566,85688,0.7227,32878,98275,63030,0.6414,35245,0.318
D0228,RAJ_Dist_01,Rajasthan,0.4238,20.1,0.7421,0.5684,0.4281,0.3001,0.45,0.6998,1.299,0.4012,16.34,140623,96846,0.6887,43777,81390,60907,0.7483,20483,0.2815
D0229,RAJ_Dist_02,Rajasthan,0.4317,39.32,0.5678,0.6305,0.4846,0.2578,0.2897,0.4018,1.537,0.2615,15.09,157964,88608,0.5609,69356,102512,67760,0.661,34752,0.389
D0230,RAJ_Dist_03,Rajasthan,0.6461,113.47,0.6899,0.7184,0.5859,0.3102,0.3662,0.7087,1.698,0.3243,14.6,804146,568838,0.7074,235308,373922,266235,0.712,107687,0.2903
D0231,RAJ_Dist_04,Rajasthan,0.4377,76.95,0.7947,0.5836,0.4225,0.2662,0.3699,0.7953,0.901,0.313,8.88,611993,357071,0.5835,254922,256173,151931,0.5931,104242,0.4117
D0232,RAJ_Dist_05,Rajasthan,0.4898,76.01,0.6564,0.6099,0.5163,0.3266,0.3752,0.5719,1.916,0.3585,15.66,434723,256712,0.5905,178011,256675,160940,0.627,95735,0.3912
D0233,RAJ_Dist_06,Rajasthan,0.4702,10.38,0.595,0.6672,0.4829,0.4483,0.3958,0.4582,2.13,0.322,16.15,47549,31717,0.6671,15832,36965,26429,0.715,10536,0.309
D0234,RAJ_Dist_07,Rajasthan,0.4455,98.39,0.7044,0.6417,0.508,0.2621,0.4107,0.5053,1.004,0.3395,12.5,497131,324994,0.6537,172137,363643,263947,0.7258,99696,0.3102
D0235,RAJ_Dist_08,Rajasthan,0.377,25.64,0.6714,0.5358,0.3975,0.3661,0.4979,0.5111,1.346,0.2649,8.64,131021,82791,0.6319,48230,114883,69430,0.6044,45453,0.3819
D0236,RAJ_Dist_09,Rajasthan,0.4166,5.57,0.737,0.5033,0.3643,0.2744,0.3426,0.6579,1.435,0.3008,11.36,36656,23639,0.6449,13017,17177,9458,0.5506,7719,0.4022
D0237,RAJ_Dist_10,Rajasthan,0.4847,35.49,0.6529,0.6949,0.5445,0.2892,0.3705,0.4915,1.673,0.3368,12.8,174428,99867,0.5725,74561,118334,87406,0.7386,30928,0.3444
D0238,RAJ_Dist_11,Rajasthan,0.5123,27.43,0.5458,0.7062,0.5304,0.3697,0.4839,0.4091,1.311,0.3103,15.86,112213,70891,0.6318,41322,119464,81537,0.6825,37927,0.3429
D0239,RAJ_Dist_12,Rajasthan,0.5054,56.57,0.6656,0.6575,0.4823,0.2371,0.349,0.6371,1.085,0.3381,14.34,360408,271427,0.7531,88981,177686,137073,0.7714,40613,0.2377
D0240,RAJ_Dist_13,Rajasthan,0.5972,116.63,0.8002,0.685,0.5382,0.285,0.3299,0.7189,1.621,0.423,17.36,838414,532863,0.6356,305551,346242,235792,0.681,110450,0.3417
D0241,RAJ_Dist_14,Rajasthan,0.4651,139.58,0.6827,0.6779,0.5442,0.3656,0.3459,0.4568,1.472,0.3564,12.23,637558,471016,0.7388,166542,434534,254280,0.5852,180254,0.338
D0242,RAJ_Dist_15,Rajasthan,0.5877,63.71,0.6502,0.686,0.5707,0.2383,0.2115,0.5779,1.853,0.3134,11.15,368209,243477,0.6612,124732,121247,82185,0.6778,39062,0.3305
D0243,RAJ_Dist_16,Rajasthan,0.4559,30.85,0.7215,0.5826,0.4176,0.2992,0.277,0.5976,1.587,0.2463,12.6,184334,113310,0.6147,71024,76905,49032,0.6376,27873,0.3739
D0244,RAJ_Dist_17,Rajasthan,0.4867,43.66,0.651,0.6378,0.5209,0.2713,0.2168,0.5507,1.978,0.3128,16.06,240422,172910,0.7192,67512,85199,53565,0.6287,31634,0.326
D0245,RAJ_Dist_18,Rajasthan,0.5179,71.34,0.7365,0.667,0.4736,0.1234,0.2956,0.6072,1.773,0.4178,13.71,433167,259771,0.5997,173396,189784,123344,0.6499,66440,0.3752
D0246,RAJ_Dist_19,Rajasthan,0.5342,125.21,0.6622,0.6439,0.5077,0.2238,0.2373,0.4486,1.634,0.2677,16.62,561757,368906,0.6567,192851,267449,198072,0.7406,69377,0.3013
D0247,RAJ_Dist_20,Rajasthan,0.4433,62.82,0.6025,0.6078,0.5081,0.1609,0.4147,0.452,1.124,0.4092,12.89,283946,182797,0.6438,101149,234485,159705,0.6811,74780,0.3376
D0248,RAJ_Dist_21,Rajasthan,0.4425,22.13,0.756,0.5634,0.4875,0.2034,0.2847,0.6792,1.364,0.3676,17.84,150324,88453,0.5884,61871,56715,41521,0.7321,15194,0.3397
D0249,RAJ_Dist_22,Rajasthan,0.5514,109.01,0.6242,0.8079,0.6411,0.3171,0.1825,0.6543,1.392,0.2562,16.66,713177,544710,0.7638,168467,179081,138309,0.7723,40772,0.2319
D0250,RAJ_Dist_23,Rajasthan,0.5976,169.45,0.6939,0.7366,0.5529,0.2097,0.4057,0.6214,1.343,0.4319,21.52,1053008,820815,0.7795,232193,618643,544405,0.88,74238,0.1703
D0251,RAJ_Dist_24,Rajasthan,0.3475,92.95,0.6696,0.5749,0.482,0.3484,0.3464,0.477,1.534,0.2997,12.93,443352,261968,0.5909,181384,289737,138360,0.4775,151377,0.4658
D0252,RAJ_Dist_25,Rajasthan,0.4633,93.47,0.6625,0.6905,0.4946,0.2789,0.2623,0.6969,1.552,0.2335,10.5,651394,437392,0.6715,214002,220604,154243,0.6992,66361,0.3147
D0253,RAJ_Dist_26,Rajasthan,0.481,192.82,0.5482,0.8386,0.7408,0.352,0.2778,0.4464,1.832,0.2417,15.35,860678,600683,0.6979,259995,482059,344859,0.7154,137200,0.2933
D0254,RAJ_Dist_27,Rajasthan,0.5746,36.48,0.6396,0.7782,0.5449,0.2815,0.4151,0.4938,2.093,0.2969,16.63,180160,122692,0.681,57468,136293,111096,0.8151,25197,0.2519
D0255,RAJ_Dist_28,Rajasthan,0.5332,31.96,0.5931,0.8064,0.5797,0.2436,0.4595,0.5242,1.403,0.2867,16.49,167560,108588,0.6481,58972,132187,90665,0.6859,41522,0.333
D0256,RAJ_Dist_29,Rajasthan,0.482,32.36,0.73,0.6489,0.4652,0.4713,0.2323,0.6818,1.974,0.1662,14.0,220635,137976,0.6254,82659,67649,44362,0.6558,23287,0.3594
D0257,RAJ_Dist_30,Rajasthan,0.5935,23.64,0.7444,0.5678,0.4346,0.2846,0.4091,0.5185,2.033,0.3098,15.67,122566,80611,0.6577,41955,87033,64285,0.7386,22748,0.3018
D0258,RAJ_Dist_31,Rajasthan,0.6186,200.0,0.7164,0.7705,0.6739,0.3146,0.208,0.6089,1.863,0.5016,14.33,1217769,907353,0.7451,310416,374444,287243,0.7671,87201,0.2439
D0259,RAJ_Dist_32,Rajasthan,0.4757,200.0,0.7733,0.6051,0.434,0.441,0.4123,0.8168,1.132,0.3967,14.46,1633514,1027197,0.6288,606317,742165,448456,0.6043,293709,0.3835
D0260,RAJ_Dist_33,Rajasthan,0.5469,65.08,0.6862,0.7104,0.6011,0.358,0.222,0.4893,1.576,0.4441,21.33,318464,240453,0.755,78011,130021,97403,0.7491,32618,0.2479
D0261,GUJ_Dist_01,Gujarat,0.6179,42.04,0.5566,0.8019,0.6826,0.3713,0.3203,0.3906,1.433,0.2201,18.37,164184,119916,0.7304,44268,121169,90675,0.7483,30494,0.2606
D0262,GUJ_Dist_02,Gujarat,0.5999,29.35,0.4748,0.7213,0.5627,0.212,0.2533,0.3087,2.286,0.2444,17.53,90606,67287,0.7426,23319,66907,51026,0.7627,15881,0.2474
D0263,GUJ_Dist_03,Gujarat,0.6938,23.92,0.7232,0.6905,0.5388,0.3724,0.1831,0.5894,1.733,0.3539,20.91,140977,108626,0.7705,32351,39403,30453,0.7729,8950,0.2283
D0264,GUJ_Dist_04,Gujarat,0.7797,13.85,0.4294,0.8162,0.7024,0.2974,0.3071,0.3705,2.011,0.3937,18.18,51310,42072,0.82,9238,38273,31963,0.8352,6310,0.1724
D0265,GUJ_Dist_05,Gujarat,0.8578,28.89,0.5902,0.7529,0.6517,0.3256,0.2945,0.4435,2.217,0.4828,24.85,128128,113048,0.8823,15080,76572,66335,0.8663,10237,0.1257
D0266,GUJ_Dist_06,Gujarat,0.6919,200.0,0.8185,0.7318,0.6492,0.2834,0.2192,0.839,1.717,0.3958,16.34,1678047,1256178,0.7486,421869,394648,304922,0.7726,89726,0.2394
D0267,GUJ_Dist_07,Gujarat,0.7673,134.15,0.478,0.8077,0.6369,0.1977,0.3344,0.4909,1.783,0.4681,20.98,658583,584116,0.8869,74467,403757,355306,0.88,48451,0.1165
D0268,GUJ_Dist_08,Gujarat,0.5783,49.68,0.6517,0.815,0.6692,0.3036,0.2156,0.4646,1.755,0.4004,14.72,230823,173267,0.7507,57556,96406,80079,0.8306,16327,0.2094
D0269,GUJ_Dist_09,Gujarat,0.7556,60.75,0.5766,0.7216,0.5287,0.1803,0.2047,0.4517,1.893,0.4038,12.62,274436,187179,0.6821,87257,111913,84421,0.7543,27492,0.2818
D0270,GUJ_Dist_10,Gujarat,0.6842,53.64,0.5523,0.7692,0.5494,0.248,0.2889,0.6023,2.133,0.5266,14.67,323073,249128,0.7711,73945,139455,108439,0.7776,31016,0.2256
D0271,GUJ_Dist_11,Gujarat,0.6636,35.33,0.6104,0.7355,0.533,0.2448,0.3101,0.5272,1.835,0.284,15.24,186280,133137,0.7147,53143,98601,75770,0.7685,22831,0.2584
D0272,GUJ_Dist_12,Gujarat,0.6109,21.45,0.4249,0.8311,0.5858,0.2357,0.428,0.3251,1.916,0.3042,12.43,69740,51126,0.7331,18614,82641,59375,0.7185,23266,0.2742
D0273,GUJ_Dist_13,Gujarat,0.7397,32.23,0.632,0.7507,0.5969,0.3745,0.2943,0.4454,1.805,0.37,21.58,143558,103236,0.7191,40322,85388,63331,0.7417,22057,0.2696
D0274,GUJ_Dist_14,Gujarat,0.6522,127.7,0.5774,0.8082,0.6592,0.3641,0.2255,0.5241,1.906,0.4239,11.39,669264,535168,0.7996,134096,259144,151954,0.5864,107190,0.307
D0275,GUJ_Dist_15,Gujarat,0.6227,17.59,0.5855,0.828,0.6904,0.1744,0.3923,0.4612,1.214,0.1963,18.25,81105,70677,0.8714,10428,62096,43496,0.7005,18600,0.214
D0276,GUJ_Dist_16,Gujarat,0.5882,77.0,0.7405,0.735,0.5974,0.2181,0.4248,0.554,1.776,0.4263,21.16,426566,291174,0.6826,135392,294392,229303,0.7789,65089,0.2692
D0277,GUJ_Dist_17,Gujarat,0.6575,48.43,0.6476,0.6518,0.4938,0.4272,0.3665,0.5345,1.514,0.3957,17.07,258857,182695,0.7058,76162,159748,121552,0.7609,38196,0.2667
D0278,GUJ_Dist_18,Gujarat,0.7682,38.33,0.6275,0.9229,0.8115,0.059,0.2607,0.6086,2.224,0.4617,24.3,233234,200099,0.8579,33135,89910,79120,0.88,10790,0.131
D0279,GUJ_Dist_19,Gujarat,0.5984,25.01,0.574,0.7365,0.5519,0.2156,0.1862,0.3595,2.256,0.4059,17.57,89888,59861,0.666,30027,41897,31923,0.762,9974,0.286
D0280,GUJ_Dist_20,Gujarat,0.6425,20.96,0.7321,0.6453,0.5548,0.3364,0.3937,0.5187,2.108,0.5504,20.87,108713,84321,0.7756,24392,74270,57551,0.7749,16719,0.2247
D0281,GUJ_Dist_21,Gujarat,0.6341,71.15,0.7921,0.6922,0.5176,0.2549,0.2318,0.7283,1.243,0.4408,18.24,518159,415438,0.8018,102721,148451,108063,0.7279,40388,0.2352
D0282,GUJ_Dist_22,Gujarat,0.7608,9.95,0.5761,0.8556,0.6213,0.2651,0.1358,0.5523,2.047,0.526,20.36,54968,50570,0.92,4398,12168,9707,0.7978,2461,0.1411
D0283,GUJ_Dist_23,Gujarat,0.6333,13.6,0.5049,0.7808,0.5776,0.2107,0.404,0.4345,1.542,0.3926,14.19,59092,44823,0.7585,14269,49451,34821,0.7042,14630,0.2687
D0284,GUJ_Dist_24,Gujarat,0.6766,66.3,0.6924,0.7272,0.6364,0.2074,0.312,0.5584,1.98,0.4593,16.06,370171,289895,0.7831,80276,186154,147934,0.7947,38220,0.2111
D0285,GUJ_Dist_25,Gujarat,0.7006,123.07,0.6176,0.6401,0.4634,0.3998,0.2595,0.4819,1.953,0.4845,21.34,593093,483690,0.8155,109403,287375,226495,0.7882,60880,0.1982
D0286,GUJ_Dist_26,Gujarat,0.7322,123.9,0.6614,0.7362,0.5525,0.3208,0.263,0.5673,1.853,0.4249,19.39,702839,519960,0.7398,182879,293255,234040,0.7981,59215,0.2311
D0287,GUJ_Dist_27,Gujarat,0.7143,29.45,0.6482,0.8452,0.678,0.1833,0.2946,0.7116,1.985,0.3612,20.23,209577,172329,0.8223,37248,78079,68709,0.88,9370,0.1489
D0288,GUJ_Dist_28,Gujarat,0.6217,21.71,0.6613,0.8142,0.5883,0.2993,0.3865,0.5465,2.168,0.4451,14.92,118653,89976,0.7583,28677,75524,58290,0.7718,17234,0.2349
D0289,GUJ_Dist_29,Gujarat,0.658,46.58,0.6536,0.8272,0.6401,0.2541,0.069,0.4678,2.07,0.3003,21.3,217926,154825,0.7104,63101,28928,23756,0.8212,5172,0.2342
D0290,GUJ_Dist_30,Gujarat,0.7172,18.15,0.4747,0.739,0.5797,0.3646,0.3029,0.4443,2.197,0.3792,12.4,80652,66824,0.8285,13828,49482,35166,0.7107,14316,0.2304
D0291,GUJ_Dist_31,Gujarat,0.5385,48.85,0.725,0.701,0.5391,0.2607,0.3729,0.5876,1.812,0.2437,14.91,287065,197769,0.6889,89296,163951,123361,0.7524,40590,0.2793
D0292,GUJ_Dist_32,Gujarat,0.7027,27.05,0.5054,0.7037,0.58,0.1403,0.3691,0.4526,1.72,0.3752,13.15,122412,95399,0.7793,27013,89855,78998,0.8792,10857,0.1707
D0293,GUJ_Dist_33,Gujarat,0.7222,15.24,0.623,0.7736,0.6583,0.2409,0.2842,0.4158,1.714,0.4424,17.89,63377,48983,0.7729,14394,38990,34007,0.8722,4983,0.1775
D0294,KAR_Dist_01,Karnataka,0.5849,39.34,0.6641,0.6658,0.5049,0.1695,0.15,0.4785,1.652,0.235,15.72,188235,123332,0.6552,64903,53104,34919,0.6576,18185,0.3436
D0295,KAR_Dist_02,Karnataka,0.7071,40.09,0.6278,0.7352,0.5328,0.182,0.2028,0.5009,1.886,0.4522,19.8,200828,174087,0.8668,26741,73166,59958,0.8195,13208,0.1568
D0296,KAR_Dist_03,Karnataka,0.6189,46.4,0.5652,0.675,0.5256,0.1548,0.231,0.4916,1.882,0.2933,11.47,228080,173540,0.7609,54540,96469,72987,0.7566,23482,0.2413
D0297,KAR_Dist_04,Karnataka,0.5905,69.48,0.5748,0.7409,0.5746,0.2683,0.3031,0.482,1.809,0.3305,16.41,334884,251349,0.7506,83535,189525,134865,0.7116,54660,0.2689
D0298,KAR_Dist_05,Karnataka,0.7752,111.77,0.6745,0.7649,0.5648,0.1304,0.2237,0.607,1.804,0.5316,16.23,678406,528789,0.7795,149617,225055,178329,0.7924,46726,0.2141
D0299,KAR_Dist_06,Karnataka,0.769,22.12,0.5034,0.8188,0.6054,0.2129,0.3371,0.3561,2.456,0.3914,24.6,78768,62636,0.7952,16132,67093,59041,0.88,8052,0.1624
D0300,KAR_Dist_07,Karnataka,0.7828,27.45,0.5498,0.7936,0.664,0.2887,0.1252,0.4567,2.152,0.4267,20.07,125351,100560,0.8022,24791,30928,24924,0.8059,6004,0.1959
D0301,KAR_Dist_08,Karnataka,0.6694,159.32,0.5859,0.7383,0.6536,0.1986,0.3625,0.4416,1.841,0.4476,25.63,703494,527460,0.7498,176034,519780,427410,0.8223,92370,0.214
D0302,KAR_Dist_09,Karnataka,0.6503,58.35,0.7285,0.7784,0.5976,0.2068,0.1673,0.6362,1.717,0.4591,18.53,371248,252671,0.6806,118577,87843,64596,0.7354,23247,0.292
D0303,KAR_Dist_10,Karnataka,0.6649,115.97,0.4416,0.7814,0.6891,0.2389,0.2408,0.4032,2.117,0.5051,17.64,467624,394370,0.8434,73254,251291,189528,0.7542,61763,0.2012
D0304,KAR_Dist_11,Karnataka,0.6828,169.56,0.6738,0.7915,0.6878,0.2911,0.4104,0.5636,1.541,0.3683,17.69,955703,807513,0.8449,148190,626313,445648,0.7115,180665,0.2218
D0305,KAR_Dist_12,Karnataka,0.7169,49.71,0.4859,0.7284,0.5524,0.2578,0.1925,0.5295,1.099,0.4144,22.19,263240,193944,0.7368,69296,86134,75797,0.88,10337,0.1916
D0306,KAR_Dist_13,Karnataka,0.5871,90.34,0.7047,0.7054,0.6122,0.1788,0.3689,0.6111,2.139,0.2817,19.03,552033,398475,0.7218,153558,299910,234906,0.7833,65004,0.2475
D0307,KAR_Dist_14,Karnataka,0.77,96.32,0.5526,0.7165,0.6185,0.1804,0.3352,0.5751,1.929,0.3313,19.29,553923,445043,0.8034,108880,290575,239502,0.8242,51073,0.1862
D0308,KAR_Dist_15,Karnataka,0.6437,42.41,0.5281,0.7612,0.6404,0.2358,0.2461,0.4888,1.582,0.5425,17.16,207314,172433,0.8318,34881,93933,73678,0.7844,20255,0.1919
D0309,KAR_Dist_16,Karnataka,0.6115,17.91,0.6399,0.8386,0.6304,0.3121,0.5042,0.4946,2.093,0.3495,18.27,88604,73383,0.8282,15221,81292,56040,0.6894,25252,0.2412
D0310,KAR_Dist_17,Karnataka,0.6762,56.4,0.5114,0.7617,0.6348,0.2751,0.5317,0.5495,1.477,0.4997,12.28,309903,251747,0.8123,58156,269868,192596,0.7137,77272,0.237
D0311,KAR_Dist_18,Karnataka,0.8239,128.83,0.4265,0.7743,0.6284,0.1934,0.2208,0.3489,2.282,0.5093,18.9,449506,379892,0.8451,69614,256038,211084,0.8244,44954,0.1652
D0312,KAR_Dist_19,Karnataka,0.7177,15.89,0.6011,0.759,0.6438,0.2234,0.2643,0.5088,2.018,0.3625,21.13,80819,52693,0.652,28126,37792,30048,0.7951,7744,0.2765
D0313,KAR_Dist_20,Karnataka,0.6309,29.93,0.631,0.7719,0.659,0.157,0.3918,0.4891,1.683,0.3922,12.88,146387,110423,0.7543,35964,105538,74116,0.7023,31422,0.2717
D0314,KAR_Dist_21,Karnataka,0.8048,98.71,0.4695,0.9228,0.6656,0.1507,0.356,0.3809,2.248,0.4075,16.85,375974,298339,0.7935,77635,316238,215349,0.681,100889,0.2628
D0315,KAR_Dist_22,Karnataka,0.6052,24.2,0.6795,0.7798,0.5546,0.2437,0.382,0.5755,2.369,0.4335,13.41,139257,106119,0.762,33138,83207,66529,0.7996,16678,0.2192
D0316,KAR_Dist_23,Karnataka,0.5948,143.62,0.7514,0.7197,0.5153,0.1465,0.2305,0.6524,1.754,0.3999,18.24,936888,734472,0.7839,202416,297954,221703,0.7441,76251,0.236
D0317,KAR_Dist_24,Karnataka,0.73,41.86,0.5184,0.7953,0.6059,0.2628,0.1849,0.5196,1.722,0.482,24.46,217515,182198,0.8376,35317,69650,54957,0.7891,14693,0.1867
D0318,KAR_Dist_25,Karnataka,0.6626,176.66,0.5242,0.7334,0.6578,0.2433,0.3357,0.4242,1.584,0.371,12.52,749408,620277,0.8277,129131,533689,387699,0.7265,145990,0.2229
D0319,KAR_Dist_26,Karnataka,0.7388,23.11,0.6826,0.7872,0.5721,0.2121,0.2992,0.6094,1.856,0.4441,16.12,140844,120969,0.8589,19875,62230,52918,0.8504,9312,0.1454
D0320,KAR_Dist_27,Karnataka,0.7219,37.55,0.5844,0.8235,0.6231,0.198,0.2562,0.5588,1.956,0.5195,23.51,209797,168727,0.8042,41070,86577,75767,0.8751,10810,0.1603
D0321,KAR_Dist_28,Karnataka,0.7617,17.53,0.7081,0.7461,0.5886,0.1286,0.2337,0.6544,1.846,0.3839,19.94,114691,85681,0.7471,29010,36864,27190,0.7376,9674,0.2577
D0322,KAR_Dist_29,Karnataka,0.6796,109.52,0.7469,0.7177,0.5626,0.3181,0.2587,0.7508,1.82,0.3543,22.41,822249,624393,0.7594,197856,255015,204093,0.8003,50922,0.2202
D0323,KAR_Dist_30,Karnataka,0.6655,7.01,0.6884,0.7698,0.6493,0.2505,0.2733,0.6109,2.13,0.4931,16.77,42807,31792,0.7427,11015,17236,13397,0.7773,3839,0.24
D0324,KAR_Dist_31,Karnataka,0.4941,34.2,0.6571,0.7515,0.6503,0.2982,0.3534,0.5644,1.685,0.2769,9.37,193010,128625,0.6664,64385,108761,76193,0.7006,32568,0.3165
D0325,AND_Dist_01,Andhra Pradesh,0.5762,15.25,0.7272,0.6945,0.5517,0.2137,0.3563,0.584,1.612,0.3175,16.34,89077,63375,0.7115,25702,48910,38715,0.7916,10195,0.2485
D0326,AND_Dist_02,Andhra Pradesh,0.5222,120.11,0.6594,0.7439,0.6109,0.1941,0.3728,0.5561,1.662,0.3058,8.17,667879,388518,0.5817,279361,402956,251158,0.6233,151798,0.3975
D0327,AND_Dist_03,Andhra Pradesh,0.6878,24.75,0.3687,0.6656,0.503,0.2868,0.2208,0.3557,1.36,0.2942,19.2,88035,65507,0.7441,22528,49189,35635,0.7245,13554,0.2657
D0328,AND_Dist_04,Andhra Pradesh,0.4636,184.4,0.6413,0.6631,0.5044,0.2624,0.3682,0.4149,1.663,0.3645,12.83,765143,526092,0.6876,239051,611066,336161,0.5501,274905,0.3812
D0329,AND_Dist_05,Andhra Pradesh,0.4086,113.71,0.7065,0.6846,0.5618,0.3712,0.3986,0.4941,1.993,0.301,11.34,561792,351921,0.6264,209871,407876,228542,0.5603,179334,0.4066
D0330,AND_Dist_06,Andhra Pradesh,0.5319,44.09,0.657,0.5747,0.4936,0.3759,0.29,0.6209,1.807,0.2104,11.01,273739,185658,0.6782,88081,115080,91021,0.7909,24059,0.2654
D0331,AND_Dist_07,Andhra Pradesh,0.6394,24.88,0.7122,0.7343,0.5345,0.2688,0.4248,0.6193,1.946,0.4617,17.08,154076,99999,0.649,54077,95105,67864,0.7136,27241,0.3187
D0332,AND_Dist_08,Andhra Pradesh,0.5695,17.95,0.5906,0.7391,0.6497,0.1773,0.3455,0.5366,1.056,0.3521,19.18,96335,69098,0.7173,27237,55819,40586,0.7271,15233,0.2778
D0333,AND_Dist_09,Andhra Pradesh,0.4913,78.96,0.5163,0.6063,0.4477,0.2692,0.3766,0.2902,1.551,0.2286,11.5,229123,160003,0.6983,69120,267644,198906,0.7432,68738,0.2792
D0334,AND_Dist_10,Andhra Pradesh,0.621,118.6,0.6443,0.6928,0.5875,0.2108,0.1829,0.5175,1.669,0.415,12.84,613770,424156,0.6911,189614,195214,142387,0.7294,52827,0.2898
D0335,AND_Dist_11,Andhra Pradesh,0.5212,17.3,0.6337,0.637,0.5356,0.1762,0.365,0.4518,1.562,0.2936,12.75,78175,59416,0.76,18759,56839,38561,0.6784,18278,0.2808
D0336,AND_Dist_12,Andhra Pradesh,0.6081,119.14,0.7487,0.73,0.5567,0.1856,0.3052,0.6129,1.68,0.3845,13.93,730152,513351,0.7031,216801,327204,259253,0.7923,67951,0.2523
D0337,AND_Dist_13,Andhra Pradesh,0.5524,37.18,0.7926,0.7526,0.6311,0.239,0.3628,0.786,2.096,0.4244,10.75,292251,224832,0.7693,67419,121412,70169,0.5779,51243,0.3264
D0338,AND_Dist_14,Andhra Pradesh,0.6136,8.83,0.6612,0.7834,0.5564,0.4174,0.2293,0.4512,1.552,0.3728,17.41,39832,29387,0.7378,10445,18218,12135,0.6661,6083,0.298
D0339,AND_Dist_15,Andhra Pradesh,0.6323,200.0,0.6468,0.7775,0.6699,0.2325,0.3799,0.5697,1.882,0.3558,20.59,1139462,958361,0.8411,181101,683775,443629,0.6488,240146,0.2551
D0340,AND_Dist_16,Andhra Pradesh,0.6077,6.73,0.6273,0.704,0.534,0.2025,0.3865,0.5427,1.905,0.297,23.28,36520,27140,0.7432,9380,23407,17674,0.7551,5733,0.2509
D0341,AND_Dist_17,Andhra Pradesh,0.6126,110.39,0.5823,0.7362,0.5319,0.272,0.351,0.4517,1.674,0.3472,18.36,498686,353576,0.709,145110,348775,274943,0.7883,73832,0.2513
D0342,AND_Dist_18,Andhra Pradesh,0.5278,63.67,0.5535,0.7443,0.6695,0.3564,0.4253,0.403,1.875,0.2745,18.77,256585,168382,0.6562,88203,243709,185453,0.761,58256,0.2914
D0343,AND_Dist_19,Andhra Pradesh,0.59,82.79,0.6343,0.7663,0.6631,0.2346,0.3057,0.6685,1.495,0.3394,16.63,553476,368282,0.6654,185194,227752,184856,0.8117,42896,0.2615
D0344,AND_Dist_20,Andhra Pradesh,0.5402,21.11,0.6555,0.6957,0.5535,0.2851,0.4343,0.4811,1.894,0.439,12.41,101554,74324,0.7319,27230,82511,52589,0.6374,29922,0.3154
D0345,AND_Dist_21,Andhra Pradesh,0.6082,57.56,0.4946,0.6947,0.497,0.1026,0.2694,0.4575,1.258,0.4434,12.43,263322,192541,0.7312,70781,139562,109506,0.7846,30056,0.2421
D0346,AND_Dist_22,Andhra Pradesh,0.6477,126.22,0.6393,0.6201,0.5063,0.2305,0.3829,0.5086,1.861,0.3568,18.82,641929,436469,0.6799,205460,434926,300590,0.6911,134336,0.3145
D0347,AND_Dist_23,Andhra Pradesh,0.4759,57.08,0.7785,0.7039,0.5971,0.4081,0.2901,0.7058,1.411,0.2401,12.1,402879,246813,0.6126,156066,149027,102839,0.6901,46188,0.3487
D0348,AND_Dist_24,Andhra Pradesh,0.7494,18.52,0.6443,0.8618,0.7471,0.3061,0.1387,0.6006,2.24,0.4049,20.84,111257,86475,0.7773,24782,23121,20346,0.88,2775,0.1714
D0349,AND_Dist_25,Andhra Pradesh,0.5973,144.34,0.6746,0.6231,0.4986,0.22,0.3488,0.6207,1.431,0.2822,18.56,895892,613877,0.6852,282015,453143,289414,0.6387,163729,0.3381
D0350,ODI_Dist_01,Odisha,0.4583,72.35,0.6071,0.6536,0.5038,0.2082,0.3495,0.545,1.601,0.1954,14.96,394295,269617,0.6838,124678,227610,152073,0.6681,75537,0.324
D0351,ODI_Dist_02,Odisha,0.345,115.57,0.6821,0.6687,0.4806,0.2328,0.3205,0.555,1.48,0.3504,8.12,641384,463081,0.722,178303,333346,200411,0.6012,132935,0.3384
D0352,ODI_Dist_03,Odisha,0.5227,51.15,0.7449,0.7732,0.6293,0.2639,0.4003,0.5716,1.393,0.3703,14.54,292375,205000,0.7012,87375,184272,138894,0.7537,45378,0.2725
D0353,ODI_Dist_04,Odisha,0.3568,35.75,0.5794,0.7273,0.6199,0.2546,0.3364,0.4845,1.591,0.2698,11.42,173183,110911,0.6404,62272,108215,71148,0.6575,37067,0.351
D0354,ODI_Dist_05,Odisha,0.3633,19.39,0.8388,0.6659,0.4856,0.1957,0.3191,0.7589,1.861,0.2258,12.92,147122,96713,0.6574,50409,55671,32684,0.5871,22987,0.3778
D0355,ODI_Dist_06,Odisha,0.5082,29.82,0.7883,0.6049,0.4399,0.2748,0.3239,0.6106,1.413,0.2932,18.66,182059,120274,0.6606,61785,86928,58694,0.6752,28234,0.3321
D0356,ODI_Dist_07,Odisha,0.4422,41.11,0.6003,0.6553,0.5879,0.2628,0.3899,0.5684,1.168,0.2594,16.2,233709,149973,0.6417,83736,144259,107883,0.7478,36376,0.3052
D0357,ODI_Dist_08,Odisha,0.5217,126.11,0.6306,0.7399,0.6122,0.1962,0.3527,0.4933,1.586,0.321,15.11,622077,479318,0.7705,142759,400360,275852,0.689,124508,0.2702
D0358,ODI_Dist_09,Odisha,0.5141,74.15,0.8084,0.6951,0.5741,0.1695,0.3167,0.6694,1.718,0.2549,12.77,496404,341918,0.6888,154486,211387,118314,0.5597,93073,0.3758
D0359,ODI_Dist_10,Odisha,0.5554,165.93,0.6601,0.6692,0.5294,0.245,0.4602,0.5617,1.457,0.3331,14.87,932035,689161,0.7394,242874,687317,464595,0.676,222722,0.2923
D0360,ODI_Dist_11,Odisha,0.3315,22.7,0.7852,0.6241,0.5404,0.2082,0.4483,0.6296,1.549,0.141,2.89,142928,88112,0.6165,54816,91589,41283,0.4507,50306,0.4664
D0361,ODI_Dist_12,Odisha,0.2786,33.46,0.8176,0.4054,0.3487,0.3172,0.4199,0.6676,2.009,0.3478,6.45,223401,127591,0.5711,95810,126451,62688,0.4958,63763,0.4666
D0362,ODI_Dist_13,Odisha,0.4694,137.04,0.863,0.6532,0.5282,0.3186,0.3819,0.6676,1.263,0.2891,13.54,914926,582224,0.6364,332702,471059,299954,0.6368,171105,0.3634
D0363,ODI_Dist_14,Odisha,0.4975,15.52,0.6246,0.6644,0.5338,0.392,0.2771,0.5979,1.607,0.2374,17.14,92811,66726,0.719,26085,38715,29029,0.7498,9686,0.2656
D0364,ODI_Dist_15,Odisha,0.5226,22.75,0.5732,0.779,0.6992,0.2164,0.258,0.4382,1.784,0.4381,12.6,99678,64544,0.6475,35134,52814,35063,0.6639,17751,0.3443
D0365,ODI_Dist_16,Odisha,0.4334,12.43,0.7744,0.6596,0.4811,0.3219,0.3379,0.6227,1.487,0.3254,16.55,77378,55642,0.7191,21736,37795,24138,0.6387,13657,0.3211
D0366,ODI_Dist_17,Odisha,0.4081,56.36,0.6973,0.7083,0.6051,0.33,0.3381,0.59,1.59,0.3505,14.23,332529,219005,0.6586,113524,171490,111755,0.6517,59735,0.3449
D0367,ODI_Dist_18,Odisha,0.6311,46.69,0.687,0.805,0.6707,0.2632,0.2344,0.7318,1.746,0.2417,23.61,341630,253812,0.7429,87818,98479,86661,0.88,11818,0.1885
D0368,ODI_Dist_19,Odisha,0.4725,63.52,0.6954,0.6049,0.4976,0.2708,0.2518,0.5935,1.719,0.2573,15.94,376970,247127,0.6556,129843,143940,101412,0.7045,42528,0.3199
D0369,ODI_Dist_20,Odisha,0.5683,60.2,0.6622,0.6887,0.5573,0.1887,0.3694,0.505,1.541,0.3442,14.38,303979,221172,0.7276,82807,200144,133089,0.665,67055,0.3037
D0370,ODI_Dist_21,Odisha,0.5347,16.79,0.7157,0.6552,0.4895,0.1813,0.2565,0.6353,1.677,0.3877,14.94,106675,80264,0.7524,26411,38772,29045,0.7491,9727,0.2492
D0371,ODI_Dist_22,Odisha,0.4412,108.59,0.7472,0.5901,0.4763,0.2852,0.1115,0.6122,1.216,0.374,13.72,664767,422421,0.6354,242346,108980,78275,0.7183,30705,0.3231
D0372,ODI_Dist_23,Odisha,0.4319,37.5,0.5784,0.5188,0.4455,0.3145,0.356,0.4797,1.328,0.148,14.43,179880,109344,0.6079,70536,120135,67994,0.566,52141,0.4131
D0373,ODI_Dist_24,Odisha,0.4789,149.23,0.5184,0.5485,0.4331,0.3299,0.2896,0.467,1.275,0.3086,13.81,696846,479295,0.6878,217551,388958,234319,0.6024,154639,0.3549
D0374,ODI_Dist_25,Odisha,0.4354,118.4,0.6436,0.6258,0.5086,0.3656,0.4004,0.4908,1.379,0.3421,11.09,581043,397221,0.6836,183822,426670,261324,0.6125,165346,0.3519
D0375,ODI_Dist_26,Odisha,0.4273,91.74,0.6328,0.6313,0.4666,0.2849,0.2424,0.5239,1.541,0.3399,17.39,480657,303149,0.6307,177508,200169,137316,0.686,62853,0.3416
D0376,ODI_Dist_27,Odisha,0.444,71.56,0.6297,0.7392,0.5595,0.2509,0.3079,0.4895,1.489,0.3944,13.46,350290,257902,0.7363,92388,198273,138185,0.6969,60088,0.2834
D0377,ODI_Dist_28,Odisha,0.2657,22.73,0.712,0.5378,0.4316,0.3437,0.4525,0.5887,1.384,0.3832,10.49,133813,72451,0.5414,61362,92571,53167,0.5743,39404,0.4421
D0378,ODI_Dist_29,Odisha,0.4179,45.9,0.62,0.6542,0.5066,0.2293,0.3981,0.4091,1.416,0.2828,11.79,187774,149733,0.7974,38041,164464,117304,0.7133,47160,0.2447
D0379,ODI_Dist_30,Odisha,0.3404,21.64,0.6822,0.6172,0.5053,0.2279,0.4606,0.5632,1.495,0.2311,10.57,121880,76067,0.6241,45813,89700,48439,0.54,41261,0.4179
D0380,TEL_Dist_01,Telangana,0.6765,55.71,0.6269,0.791,0.5783,0.2759,0.2177,0.4997,2.298,0.4487,20.44,278413,206862,0.743,71551,109142,81019,0.7423,28123,0.2573
D0381,TEL_Dist_02,Telangana,0.5344,14.38,0.5778,0.6831,0.5329,0.2691,0.3017,0.4448,1.715,0.4251,11.34,63972,46558,0.7278,17414,39044,25341,0.6491,13703,0.3116
D0382,TEL_Dist_03,Telangana,0.5079,15.43,0.6073,0.7147,0.5901,0.2546,0.413,0.609,1.609,0.2923,15.79,93971,69794,0.7427,24177,57360,39151,0.6826,18209,0.2874
D0383,TEL_Dist_04,Telangana,0.6881,43.99,0.7423,0.8372,0.7128,0.2682,0.327,0.6564,2.097,0.33,16.19,288794,219110,0.7587,69684,129470,94644,0.731,34826,0.2551
D0384,TEL_Dist_05,Telangana,0.5759,96.94,0.82,0.6943,0.5782,0.3262,0.3199,0.7351,2.033,0.327,12.32,712580,531997,0.7466,180583,279090,192119,0.6884,86971,0.2825
D0385,TEL_Dist_06,Telangana,0.5866,150.88,0.7845,0.6703,0.5035,0.3348,0.3545,0.6386,1.543,0.4356,17.83,963509,657981,0.6829,305528,481319,378398,0.7862,102921,0.2655
D0386,TEL_Dist_07,Telangana,0.6647,27.32,0.6557,0.761,0.6015,0.2454,0.2743,0.4853,1.89,0.3768,17.59,132598,95568,0.7207,37030,67445,57446,0.8518,9999,0.2138
D0387,TEL_Dist_08,Telangana,0.5564,29.07,0.7775,0.7876,0.6115,0.2609,0.3625,0.5943,0.961,0.2053,19.55,172749,140513,0.8134,32236,94849,73961,0.7798,20888,0.2034
D0388,TEL_Dist_09,Telangana,0.5059,7.95,0.6845,0.62,0.5056,0.2938,0.3631,0.5867,2.276,0.3122,17.17,46656,31298,0.6708,15358,25983,19175,0.738,6808,0.2956
D0389,TEL_Dist_10,Telangana,0.5274,19.66,0.7223,0.6844,0.5124,0.4888,0.3252,0.6505,1.183,0.2879,13.06,127913,97165,0.7596,30748,57563,44012,0.7646,13551,0.2379
D0390,TEL_Dist_11,Telangana,0.5551,46.47,0.6419,0.7735,0.693,0.2439,0.3287,0.5969,1.561,0.4617,14.57,277401,174481,0.629,102920,137461,115853,0.8428,21608,0.2641
D0391,TEL_Dist_12,Telangana,0.5924,45.03,0.638,0.7405,0.5539,0.2097,0.1669,0.425,2.003,0.1936,13.06,191395,142006,0.742,49389,67658,52624,0.7778,15034,0.2401
D0392,TEL_Dist_13,Telangana,0.6207,67.33,0.6514,0.718,0.5787,0.32,0.4316,0.5056,1.846,0.5323,12.34,340415,255541,0.7507,84874,261563,175754,0.6719,85809,0.2887
D0393,TEL_Dist_14,Telangana,0.6462,35.25,0.4579,0.8051,0.6345,0.2515,0.2738,0.4474,1.855,0.4209,20.15,157717,122675,0.7778,35042,86860,59430,0.6842,27430,0.269
D0394,TEL_Dist_15,Telangana,0.6552,45.2,0.5191,0.7215,0.5663,0.221,0.2904,0.4269,2.265,0.4469,18.97,192947,136228,0.706,56719,118154,91468,0.7741,26686,0.2599
D0395,TEL_Dist_16,Telangana,0.6288,11.33,0.646,0.6396,0.5605,0.2627,0.4379,0.5551,2.359,0.491,18.24,62899,47228,0.7509,15671,44657,32874,0.7362,11783,0.2565
D0396,TEL_Dist_17,Telangana,0.6194,41.17,0.5744,0.7312,0.5925,0.2552,0.1909,0.4388,2.24,0.2513,16.35,180643,140359,0.777,40284,70726,48559,0.6866,22167,0.2682
D0397,TEL_Dist_18,Telangana,0.5187,52.28,0.7508,0.6875,0.5703,0.3073,0.3486,0.6945,1.27,0.3357,12.39,363142,294546,0.8111,68596,164025,108032,0.6586,55993,0.2651
D0398,TEL_Dist_19,Telangana,0.6316,36.96,0.5302,0.7335,0.6183,0.1224,0.1869,0.5079,1.617,0.2735,17.42,187691,145360,0.7745,42331,62165,45156,0.7264,17009,0.2496
D0399,TEL_Dist_20,Telangana,0.5581,45.22,0.6666,0.7003,0.6099,0.2731,0.3684,0.5763,1.765,0.3276,20.46,260599,192888,0.7402,67711,149931,109862,0.7328,40069,0.2635
D0400,TEL_Dist_21,Telangana,0.5444,39.36,0.71,0.6615,0.4878,0.2247,0.4049,0.575,1.654,0.4174,15.25,226325,168852,0.7461,57473,143424,104388,0.7278,39036,0.2631
D0401,TEL_Dist_22,Telangana,0.7621,19.05,0.6247,0.7418,0.6628,0.1986,0.2547,0.4082,1.692,0.4402,20.27,77746,55477,0.7136,22269,43669,34948,0.8003,8721,0.2431
D0402,TEL_Dist_23,Telangana,0.7841,35.18,0.5051,0.8419,0.5982,0.3307,0.2612,0.3503,1.594,0.3992,17.7,123230,105647,0.8573,17583,82675,72754,0.88,9921,0.1313
D0403,TEL_Dist_24,Telangana,0.4759,92.88,0.6735,0.553,0.3958,0.2797,0.2967,0.5883,1.096,0.3463,15.05,546420,366456,0.6706,179964,247985,156309,0.6303,91676,0.3495
D0404,TEL_Dist_25,Telangana,0.5158,32.89,0.6512,0.5348,0.4067,0.3733,0.2759,0.5299,1.851,0.4042,13.79,174323,119316,0.6845,55007,81693,58552,0.7167,23141,0.2994
D0405,TEL_Dist_26,Telangana,0.7705,26.2,0.6731,0.8464,0.681,0.199,0.3026,0.5764,1.838,0.4974,22.84,151031,119722,0.7927,31309,71354,62791,0.88,8563,0.1637
D0406,TEL_Dist_27,Telangana,0.5825,71.62,0.6002,0.5723,0.4472,0.2861,0.2827,0.435,1.798,0.5676,19.52,311574,254236,0.816,57338,182232,141515,0.7766,40717,0.2037
D0407,TEL_Dist_28,Telangana,0.4955,150.34,0.7012,0.6576,0.5444,0.4204,0.2881,0.5772,1.594,0.3703,13.98,867730,592258,0.6825,275472,389810,298764,0.7664,91046,0.2755
D0408,TEL_Dist_29,Telangana,0.556,30.1,0.7256,0.7308,0.6426,0.2528,0.2503,0.6464,1.472,0.4075,11.67,194586,132684,0.6819,61902,67822,42341,0.6243,25481,0.3469
D0409,TEL_Dist_30,Telangana,0.547,25.71,0.5284,0.6518,0.5015,0.4095,0.27,0.4694,1.971,0.3784,17.33,120657,82804,0.6863,37853,62467,42013,0.6726,20454,0.3206
D0410,TEL_Dist_31,Telangana,0.5316,31.12,0.6928,0.7333,0.5504,0.338,0.2414,0.7701,1.807,0.4296,17.98,239666,153879,0.6421,85787,67614,44495,0.6581,23119,0.3499
D0411,TEL_Dist_32,Telangana,0.5179,105.18,0.6174,0.6878,0.5746,0.3184,0.4086,0.6198,1.944,0.3525,13.79,651924,472974,0.7255,178950,386820,226731,0.5861,160089,0.3442
D0412,TEL_Dist_33,Telangana,0.525,36.44,0.6354,0.7698,0.6648,0.1405,0.3957,0.5932,1.671,0.3418,14.56,216157,162673,0.7526,53484,129759,96231,0.7416,33528,0.2529
D0413,TAM_Dist_01,Tamil Nadu,0.7094,38.34,0.5914,0.8342,0.6224,0.184,0.4188,0.4504,1.433,0.4874,17.22,172694,137917,0.7986,34777,144527,127183,0.88,17344,0.1607
D0414,TAM_Dist_02,Tamil Nadu,0.6512,30.31,0.6744,0.716,0.5017,0.2588,0.3054,0.588,1.774,0.469,18.68,178206,140527,0.7886,37679,83297,56475,0.678,26822,0.2667
D0415,TAM_Dist_03,Tamil Nadu,0.6869,96.83,0.6301,0.7438,0.6693,0.3305,0.2515,0.4672,1.74,0.3387,16.73,452399,358280,0.792,94119,219144,167820,0.7658,51324,0.2211
D0416,TAM_Dist_04,Tamil Nadu,0.6704,37.17,0.6423,0.7319,0.5364,0.3135,0.2555,0.5066,2.308,0.2826,11.8,188293,123568,0.6563,64725,85451,63153,0.7391,22298,0.3023
D0417,TAM_Dist_05,Tamil Nadu,0.7791,29.57,0.5907,0.8231,0.7121,0.3145,0.2105,0.3898,1.381,0.3926,19.7,115257,91037,0.7899,24220,56008,47885,0.855,8123,0.1776
D0418,TAM_Dist_06,Tamil Nadu,0.7111,19.66,0.4072,0.7503,0.6452,0.1527,0.1662,0.4573,1.529,0.3858,19.02,89910,72571,0.8072,17339,29402,25191,0.8568,4211,0.168
D0419,TAM_Dist_07,Tamil Nadu,0.9358,53.93,0.5712,0.7361,0.5443,0.1706,0.2306,0.4104,2.158,0.5673,21.06,221326,192874,0.8715,28452,111942,95219,0.8506,16723,0.139
D0420,TAM_Dist_08,Tamil Nadu,0.6437,14.78,0.5963,0.7623,0.602,0.1625,0.3007,0.5182,1.81,0.3407,20.28,76564,58793,0.7679,17771,39993,33688,0.8424,6305,0.1949
D0421,TAM_Dist_09,Tamil Nadu,0.5786,91.5,0.5525,0.7291,0.5946,0.2354,0.3352,0.5111,1.451,0.3606,15.35,467636,308707,0.6601,158929,276047,196850,0.7131,79197,0.3134
D0422,TAM_Dist_10,Tamil Nadu,0.7769,50.18,0.6483,0.7592,0.5627,0.1795,0.1936,0.4128,1.612,0.4229,16.97,207117,178790,0.8632,28327,87430,71396,0.8166,16034,0.1601
D0423,TAM_Dist_11,Tamil Nadu,0.7158,66.2,0.6766,0.8115,0.6989,0.2412,0.1585,0.5456,2.112,0.3201,20.39,361204,238334,0.6598,122870,94470,75670,0.801,18800,0.2696
D0424,TAM_Dist_12,Tamil Nadu,0.6742,32.58,0.5808,0.6961,0.6141,0.17,0.3059,0.6175,1.389,0.3089,18.82,201154,169013,0.8402,32141,89694,64918,0.7238,24776,0.218
D0425,TAM_Dist_13,Tamil Nadu,0.8081,106.68,0.5169,0.8976,0.705,0.2094,0.2258,0.4205,2.488,0.3251,19.41,448611,385738,0.8599,62873,216782,190768,0.88,26014,0.1301
D0426,TAM_Dist_14,Tamil Nadu,0.7369,32.54,0.5495,0.7464,0.5566,0.2665,0.2406,0.5817,1.899,0.4197,23.03,189295,169734,0.8967,19561,70466,62010,0.88,8456,0.1117
D0427,TAM_Dist_15,Tamil Nadu,0.7366,15.48,0.4014,0.7837,0.6981,0.2917,0.3679,0.4089,1.542,0.3353,19.32,63287,48377,0.7644,14910,51247,42905,0.8372,8342,0.1992
D0428,TAM_Dist_16,Tamil Nadu,0.8266,21.59,0.6872,0.6872,0.5949,0.1975,0.1807,0.4874,2.292,0.4836,13.94,105232,86368,0.8207,18864,35107,28071,0.7996,7036,0.1898
D0429,TAM_Dist_17,Tamil Nadu,0.7408,27.72,0.6417,0.8271,0.6361,0.257,0.289,0.5532,1.786,0.404,23.49,153359,129052,0.8415,24307,72102,52879,0.7334,19223,0.2125
D0430,TAM_Dist_18,Tamil Nadu,0.6765,130.57,0.5635,0.7076,0.5224,0.3089,0.265,0.4799,1.782,0.4828,16.28,626616,526862,0.8408,99754,311460,244463,0.7849,66997,0.1871
D0431,TAM_Dist_19,Tamil Nadu,0.7172,31.52,0.5145,0.9228,0.769,0.2177,0.1563,0.3234,2.516,0.468,21.53,101924,92445,0.907,9479,44325,31765,0.7166,12560,0.1882
D0432,TAM_Dist_20,Tamil Nadu,0.8201,53.01,0.6942,0.858,0.6264,0.1443,0.2169,0.6348,1.595,0.457,24.55,336504,286355,0.851,50149,103471,91054,0.88,12417,0.1345
D0433,TAM_Dist_21,Tamil Nadu,0.6464,32.47,0.5738,0.7393,0.6505,0.3053,0.2557,0.5039,1.871,0.5321,18.21,163596,116443,0.7118,47153,74717,58239,0.7795,16478,0.2544
D0434,TAM_Dist_22,Tamil Nadu,0.6918,174.29,0.7659,0.6939,0.4961,0.1704,0.4253,0.6521,2.145,0.3169,20.01,1136623,933015,0.8209,203608,667148,508885,0.7628,158263,0.2082
D0435,TAM_Dist_23,Tamil Nadu,0.6785,117.63,0.7074,0.591,0.4503,0.3561,0.2514,0.6364,1.552,0.421,19.53,748619,509021,0.6799,239598,266172,219902,0.8262,46270,0.2469
D0436,TAM_Dist_24,Tamil Nadu,0.7689,82.44,0.7105,0.7765,0.6861,0.1914,0.3143,0.5774,1.965,0.357,25.68,476009,410159,0.8617,65850,233225,205238,0.88,27987,0.1292
D0437,TAM_Dist_25,Tamil Nadu,0.6891,44.9,0.5953,0.6069,0.4642,0.2238,0.4339,0.5182,1.697,0.4042,15.03,232669,183275,0.7877,49394,175320,136545,0.7788,38775,0.2167
D0438,TAM_Dist_26,Tamil Nadu,0.8491,200.0,0.5809,0.8988,0.6767,0.1897,0.1478,0.5147,2.286,0.4927,18.96,1029376,881892,0.8567,147484,265974,234057,0.88,31917,0.1316
D0439,TAM_Dist_27,Tamil Nadu,0.7929,116.07,0.3458,0.7732,0.5899,0.3262,0.3746,0.3334,1.623,0.5687,23.89,386969,292524,0.7559,94445,391371,339523,0.8675,51848,0.1883
D0440,TAM_Dist_28,Tamil Nadu,0.7215,32.16,0.5755,0.6775,0.5758,0.3029,0.262,0.4246,1.439,0.4208,15.12,136544,111555,0.817,24989,75825,62132,0.8194,13693,0.1818
D0441,TAM_Dist_29,Tamil Nadu,0.5916,18.7,0.8427,0.7962,0.6465,0.2645,0.3495,0.4686,1.547,0.4561,17.2,87618,65207,0.7442,22411,58805,46365,0.7885,12440,0.2337
D0442,TAM_Dist_30,Tamil Nadu,0.7345,50.5,0.5468,0.7133,0.5573,0.1882,0.1547,0.4299,1.851,0.5184,14.45,217113,177864,0.8192,39249,70327,50459,0.7175,19868,0.2316
D0443,TAM_Dist_31,Tamil Nadu,0.8669,10.15,0.5146,0.8715,0.7661,0.1678,0.156,0.4356,2.078,0.4787,23.98,44236,40697,0.92,3539,14255,12544,0.88,1711,0.1
D0444,TAM_Dist_32,Tamil Nadu,0.7599,66.39,0.6864,0.8431,0.7428,0.2175,0.3146,0.511,2.059,0.448,18.92,339245,287595,0.8478,51650,187975,155190,0.8256,32785,0.1633
D0445,TAM_Dist_33,Tamil Nadu,0.7745,16.33,0.5442,0.6842,0.514,0.3544,0.2146,0.3902,1.24,0.4882,17.17,63709,52007,0.8163,11702,31532,26290,0.8338,5242,0.1749
D0446,TAM_Dist_34,Tamil Nadu,0.7255,62.39,0.5657,0.7535,0.5417,0.2913,0.2095,0.5797,1.918,0.467,16.53,361702,289708,0.801,71994,117664,83593,0.7104,34071,0.2443
D0447,TAM_Dist_35,Tamil Nadu,0.5885,21.59,0.6133,0.7368,0.5314,0.2759,0.133,0.5195,1.62,0.2777,17.79,112137,71864,0.6409,40273,25849,18704,0.7236,7145,0.3178
D0448,TAM_Dist_36,Tamil Nadu,0.8073,58.42,0.415,0.7727,0.5969,0.2469,0.2772,0.3305,1.987,0.4708,16.28,193070,177624,0.92,15446,145747,119492,0.8199,26255,0.1301
D0449,TAM_Dist_37,Tamil Nadu,0.7858,84.43,0.5996,0.7534,0.5598,0.1409,0.3036,0.5288,1.596,0.3007,20.87,446466,396163,0.8873,50303,230697,185635,0.8047,45062,0.154
D0450,TAM_Dist_38,Tamil Nadu,0.95,200.0,0.4911,0.7341,0.583,0.0886,0.1472,0.4272,2.193,0.5483,23.23,854467,786109,0.92,68358,264983,233185,0.88,31798,0.1
D0451,KER_Dist_01,Kerala,0.9236,18.71,0.4939,0.8513,0.688,0.3388,0.1706,0.5032,1.484,0.5109,24.46,94146,85940,0.9128,8206,28723,25276,0.88,3447,0.1036
D0452,KER_Dist_02,Kerala,0.8375,18.52,0.4812,0.8425,0.603,0.2426,0.1498,0.4569,2.109,0.3064,20.95,84624,71397,0.8437,13227,24971,21974,0.88,2997,0.1381
D0453,KER_Dist_03,Kerala,0.8108,85.07,0.5185,0.8867,0.7359,0.1112,0.2508,0.4611,2.216,0.3414,26.53,392240,296359,0.7556,95881,192000,164077,0.8546,27923,0.1949
D0454,KER_Dist_04,Kerala,0.95,25.48,0.401,0.8112,0.6403,0.3381,0.4042,0.3027,1.927,0.578,22.3,77114,70944,0.92,6170,92681,81559,0.88,11122,0.1
D0455,KER_Dist_05,Kerala,0.949,19.76,0.4073,0.8183,0.6496,0.0818,0.257,0.3279,1.846,0.4718,26.86,64795,53829,0.8308,10966,45699,40215,0.88,5484,0.1446
D0456,KER_Dist_06,Kerala,0.8873,142.67,0.4795,0.8623,0.6256,0.152,0.2239,0.4221,1.858,0.4548,19.81,602219,481091,0.7989,121128,287494,252994,0.88,34500,0.1606
D0457,KER_Dist_07,Kerala,0.8346,44.84,0.3656,0.8449,0.6367,0.3223,0.1049,0.33,1.907,0.5443,16.62,147958,133259,0.9007,14699,42323,35458,0.8378,6865,0.1308
D0458,KER_Dist_08,Kerala,0.7888,46.44,0.662,0.7181,0.5961,0.205,0.2375,0.6384,2.311,0.345,13.21,296483,237220,0.8001,59263,99270,84893,0.8552,14377,0.1724
D0459,KER_Dist_09,Kerala,0.8285,45.56,0.5459,0.7995,0.6242,0.05,0.2267,0.5881,2.184,0.4179,21.85,267940,203769,0.7605,64171,92944,76509,0.8232,16435,0.2082
D0460,KER_Dist_10,Kerala,0.95,13.11,0.4856,0.8901,0.7421,0.2415,0.2215,0.4241,2.25,0.6152,21.42,55579,51132,0.92,4447,26131,22995,0.88,3136,0.1
D0461,KER_Dist_11,Kerala,0.95,27.21,0.4402,0.9017,0.7731,0.1518,0.4013,0.3366,2.309,0.5165,27.97,91576,84249,0.92,7327,98266,86474,0.88,11792,0.1
D0462,KER_Dist_12,Kerala,0.95,32.92,0.4895,0.92,0.6659,0.1933,0.2094,0.308,2.475,0.5276,27.5,101387,84902,0.8374,16485,62051,54604,0.88,7447,0.1413
D0463,KER_Dist_13,Kerala,0.9109,200.0,0.4738,0.8614,0.7459,0.27,0.3244,0.411,1.874,0.5279,21.44,822005,681750,0.8294,140255,583890,513823,0.88,70067,0.1453
D0464,KER_Dist_14,Kerala,0.95,92.17,0.5657,0.9312,0.7755,0.2632,0.2481,0.4394,2.225,0.5512,17.54,405034,372631,0.92,32403,205781,180005,0.8747,25776,0.1026
D0465,JHA_Dist_01,Jharkhand,0.5123,48.84,0.6899,0.7179,0.599,0.3072,0.2786,0.5139,2.097,0.3371,20.48,250965,181004,0.7212,69961,122477,96744,0.7899,25733,0.2444
D0466,JHA_Dist_02,Jharkhand,0.4551,17.05,0.7153,0.5814,0.5121,0.1951,0.4054,0.5228,1.132,0.3855,12.21,89142,54438,0.6107,34704,62216,37796,0.6075,24420,0.3909
D0467,JHA_Dist_03,Jharkhand,0.3629,44.33,0.6973,0.6635,0.507,0.1846,0.3107,0.5795,1.412,0.3403,18.13,256914,171679,0.6682,85235,123951,84393,0.6809,39558,0.3254
D0468,JHA_Dist_04,Jharkhand,0.4524,8.62,0.6856,0.6455,0.5297,0.3983,0.4548,0.5909,1.027,0.2813,12.29,50922,29240,0.5742,21682,35268,21943,0.6222,13325,0.4018
D0469,JHA_Dist_05,Jharkhand,0.4202,79.22,0.5888,0.5856,0.4474,0.2918,0.429,0.5112,1.649,0.2391,16.31,404988,249428,0.6159,155560,305887,239703,0.7836,66184,0.3002
D0470,JHA_Dist_06,Jharkhand,0.3516,29.53,0.8306,0.6148,0.4919,0.3369,0.5195,0.6457,1.633,0.1641,14.6,190666,117513,0.6163,73153,138060,98598,0.7142,39462,0.3347
D0471,JHA_Dist_07,Jharkhand,0.386,73.87,0.9263,0.6852,0.5823,0.334,0.323,0.8296,1.367,0.4362,15.2,612815,364330,0.5945,248485,214729,125585,0.5849,89144,0.4103
D0472,JHA_Dist_08,Jharkhand,0.3527,13.56,0.7796,0.6408,0.5355,0.307,0.3067,0.6087,1.06,0.3782,16.06,82533,57975,0.7025,24558,37422,24647,0.6586,12775,0.3195
D0473,JHA_Dist_09,Jharkhand,0.4777,43.2,0.6752,0.673,0.503,0.255,0.3481,0.5673,1.748,0.2614,15.46,245073,168632,0.6881,76441,135330,94827,0.7007,40503,0.3056
D0474,JHA_Dist_10,Jharkhand,0.4363,16.63,0.829,0.639,0.4653,0.4625,0.3285,0.6544,1.524,0.3126,14.78,108847,66053,0.6068,42794,49170,35620,0.7244,13550,0.3344
D0475,JHA_Dist_11,Jharkhand,0.567,12.88,0.6943,0.6535,0.497,0.2141,0.2622,0.6219,1.766,0.2884,14.98,80096,52972,0.6614,27124,30399,23307,0.7667,7092,0.286
D0476,JHA_Dist_12,Jharkhand,0.417,51.94,0.6878,0.5637,0.475,0.2334,0.3179,0.6895,0.989,0.3697,11.7,358114,262047,0.7317,96067,148608,92398,0.6218,56210,0.3232
D0477,JHA_Dist_13,Jharkhand,0.3158,112.17,0.8267,0.5233,0.4602,0.2626,0.2525,0.7838,1.23,0.0439,17.94,879209,475701,0.5411,403508,254945,137768,0.5404,117177,0.4593
D0478,JHA_Dist_14,Jharkhand,0.4832,45.4,0.6417,0.7194,0.5415,0.2344,0.344,0.5769,1.249,0.3682,9.97,261905,182074,0.6952,79831,140567,98680,0.702,41887,0.3014
D0479,JHA_Dist_15,Jharkhand,0.2799,200.0,0.8784,0.484,0.3825,0.2652,0.3306,0.6121,1.101,0.2757,7.78,1224136,631155,0.5156,592981,595059,367948,0.6183,227111,0.433
D0480,JHA_Dist_16,Jharkhand,0.3956,95.99,0.6534,0.6912,0.5481,0.2835,0.3899,0.6371,1.777,0.3072,9.68,611491,372365,0.6089,239126,336838,225069,0.6682,111769,0.3614
D0481,JHA_Dist_17,Jharkhand,0.163,38.55,0.6785,0.5144,0.3741,0.2922,0.3837,0.6483,0.633,0.0701,11.18,249947,150493,0.6021,99454,133142,72970,0.5481,60172,0.4249
D0482,JHA_Dist_18,Jharkhand,0.5064,43.08,0.8455,0.6052,0.5311,0.1437,0.276,0.6274,1.067,0.2945,11.54,270256,178234,0.6595,92022,106985,79121,0.7396,27864,0.3005
D0483,JHA_Dist_19,Jharkhand,0.4759,29.16,0.6765,0.6622,0.4977,0.4102,0.3016,0.6425,1.251,0.3277,18.37,187350,135767,0.7247,51583,79160,55888,0.706,23272,0.2847
D0484,JHA_Dist_20,Jharkhand,0.4616,25.71,0.7518,0.5156,0.3734,0.2024,0.472,0.5733,1.771,0.2926,15.73,147384,98466,0.6681,48918,109207,76620,0.7016,32587,0.3151
D0485,JHA_Dist_21,Jharkhand,0.2445,68.67,0.7189,0.6204,0.4975,0.2883,0.2739,0.6876,1.046,0.0838,10.69,472176,250186,0.5299,221990,169298,82449,0.487,86849,0.4916
D0486,JHA_Dist_22,Jharkhand,0.4075,88.01,0.7286,0.5741,0.4339,0.2987,0.3929,0.6291,1.702,0.2414,14.63,553718,335073,0.6051,218645,311197,213266,0.6853,97931,0.3548
D0487,JHA_Dist_23,Jharkhand,0.3726,41.08,0.6873,0.5528,0.4173,0.3,0.3178,0.5523,1.485,0.2622,15.19,226874,147179,0.6487,79695,117484,80296,0.6835,37188,0.3339
D0488,JHA_Dist_24,Jharkhand,0.3065,57.84,0.7959,0.6264,0.466,0.2325,0.4081,0.6545,1.7,0.3394,12.44,378568,204793,0.541,173775,212431,134234,0.6319,78197,0.4136
D0489,ASS_Dist_01,Assam,0.4257,25.02,0.6733,0.5735,0.4255,0.2451,0.4043,0.5655,1.273,0.3532,14.37,141507,91685,0.6479,49822,91039,63018,0.6922,28021,0.3299
D0490,ASS_Dist_02,Assam,0.6041,108.11,0.7075,0.6804,0.4817,0.1838,0.2092,0.6862,1.889,0.3589,19.23,741815,627450,0.8458,114365,203527,149252,0.7333,54275,0.2104
D0491,ASS_Dist_03,Assam,0.5766,49.37,0.7469,0.7031,0.6049,0.263,0.415,0.6017,1.562,0.2596,11.89,297082,203555,0.6852,93527,184419,141259,0.766,43160,0.2744
D0492,ASS_Dist_04,Assam,0.3974,19.26,0.7251,0.6719,0.4836,0.2739,0.4022,0.5852,1.383,0.3272,12.61,112709,71600,0.6353,41109,69708,43398,0.6226,26310,0.3711
D0493,ASS_Dist_05,Assam,0.5025,42.12,0.6395,0.6807,0.5223,0.3637,0.5162,0.4327,1.8,0.3181,14.02,182287,119387,0.6549,62900,195706,110962,0.567,84744,0.389
D0494,ASS_Dist_06,Assam,0.3614,32.58,0.8494,0.7267,0.6084,0.2555,0.5167,0.7698,1.878,0.2267,5.32,250787,146755,0.5852,104032,151486,82029,0.5415,69457,0.4367
D0495,ASS_Dist_07,Assam,0.4793,34.28,0.7718,0.6544,0.5825,0.3673,0.3606,0.559,1.648,0.4626,10.57,191623,143523,0.749,48100,111256,74037,0.6655,37219,0.2928
D0496,ASS_Dist_08,Assam,0.3986,19.63,0.8466,0.6557,0.56,0.2877,0.2633,0.7193,1.199,0.1435,15.4,141209,88679,0.628,52530,46523,26808,0.5762,19715,0.3979
D0497,ASS_Dist_09,Assam,0.5704,144.18,0.6768,0.6207,0.4696,0.2075,0.3506,0.5258,1.68,0.4083,13.31,758141,534092,0.7045,224049,454949,299937,0.6593,155012,0.3181
D0498,ASS_Dist_10,Assam,0.5036,17.15,0.6216,0.7086,0.5957,0.249,0.3879,0.6317,1.487,0.2367,12.61,108349,80885,0.7465,27464,59879,41047,0.6855,18832,0.284
D0499,ASS_Dist_11,Assam,0.456,28.09,0.6253,0.6858,0.5352,0.3867,0.1815,0.4603,1.376,0.2901,13.67,129317,81832,0.6328,47485,45892,35551,0.7747,10341,0.2963
D0500,ASS_Dist_12,Assam,0.5414,23.52,0.6554,0.6636,0.5042,0.3678,0.3962,0.6202,1.343,0.2468,14.44,145879,84338,0.5781,61541,83863,60471,0.7211,23392,0.3504
D0501,ASS_Dist_13,Assam,0.4782,71.15,0.5948,0.7234,0.561,0.2349,0.4081,0.423,1.013,0.395,14.15,300970,230214,0.7649,70756,261339,160405,0.6138,100934,0.3107
D0502,ASS_Dist_14,Assam,0.4549,46.11,0.6786,0.6325,0.4627,0.2576,0.3711,0.5304,1.388,0.3418,6.96,244527,139262,0.5695,105265,153969,98747,0.6413,55222,0.3946
D0503,ASS_Dist_15,Assam,0.583,53.61,0.6264,0.6577,0.4732,0.2832,0.1517,0.5852,1.901,0.3424,13.67,313718,202167,0.6444,111551,73190,52485,0.7171,20705,0.3192
D0504,ASS_Dist_16,Assam,0.6126,99.89,0.5674,0.712,0.5764,0.2715,0.2229,0.5287,1.833,0.4427,20.8,528158,392303,0.7428,135855,200379,152911,0.7631,47468,0.2471
D0505,ASS_Dist_17,Assam,0.5982,46.46,0.6757,0.6466,0.5707,0.1644,0.2774,0.6994,1.878,0.2804,17.59,324940,241334,0.7427,83606,116000,81647,0.7039,34353,0.2767
D0506,ASS_Dist_18,Assam,0.6044,5.15,0.5554,0.6272,0.4526,0.3498,0.4436,0.4228,1.75,0.3822,18.11,21785,15394,0.7067,6391,20572,15332,0.7453,5240,0.274
D0507,ASS_Dist_19,Assam,0.4705,66.49,0.7749,0.7102,0.5598,0.2992,0.3259,0.6594,1.566,0.3468,12.43,438461,306043,0.698,132418,195002,141988,0.7281,53014,0.2869
D0508,ASS_Dist_20,Assam,0.4822,52.73,0.7199,0.6711,0.5045,0.3163,0.3158,0.6607,1.216,0.2504,6.62,348348,202402,0.581,145946,149857,90825,0.6061,59032,0.4064
D0509,ASS_Dist_21,Assam,0.5066,19.48,0.5463,0.6558,0.5728,0.2168,0.2592,0.4941,1.555,0.3711,17.09,96263,62798,0.6524,33465,45448,31911,0.7022,13537,0.3227
D0510,ASS_Dist_22,Assam,0.4888,41.55,0.8119,0.6773,0.558,0.2598,0.339,0.7844,1.975,0.2988,16.9,325908,244674,0.7507,81234,126775,87550,0.6906,39225,0.2793
D0511,ASS_Dist_23,Assam,0.5175,98.77,0.6582,0.7602,0.6793,0.1799,0.3402,0.601,1.423,0.3839,16.74,593579,380088,0.6403,213491,302406,222276,0.735,80130,0.3123
D0512,ASS_Dist_24,Assam,0.4079,145.37,0.6551,0.5757,0.4212,0.292,0.3652,0.574,0.949,0.2634,13.47,834392,581920,0.6974,252472,477859,294476,0.6162,183383,0.3432
D0513,ASS_Dist_25,Assam,0.4296,56.6,0.6824,0.6595,0.514,0.2031,0.2869,0.6886,1.328,0.3293,9.23,389712,264916,0.6798,124796,146121,66590,0.4557,79531,0.4323
D0514,ASS_Dist_26,Assam,0.5394,74.82,0.6254,0.633,0.5053,0.3147,0.2713,0.5447,1.67,0.286,18.68,407577,255957,0.628,151620,182670,157484,0.8621,25186,0.2549
D0515,ASS_Dist_27,Assam,0.5614,18.33,0.7407,0.7025,0.5556,0.4314,0.2523,0.516,1.003,0.3569,15.8,94580,74847,0.7914,19733,41626,31164,0.7487,10462,0.23
D0516,ASS_Dist_28,Assam,0.5186,58.28,0.6025,0.6153,0.4321,0.2199,0.2817,0.4588,1.46,0.3058,11.44,267373,176592,0.6605,90781,147767,97513,0.6599,50254,0.3398
D0517,ASS_Dist_29,Assam,0.4121,68.94,0.6375,0.7432,0.6175,0.2413,0.435,0.5191,1.961,0.1985,16.5,357868,237445,0.6635,120423,269889,171821,0.6366,98068,0.3499
D0518,ASS_Dist_30,Assam,0.5521,87.14,0.6869,0.6933,0.5383,0.201,0.3958,0.6048,1.439,0.3407,7.92,527008,354634,0.6729,172374,310393,186523,0.6009,123870,0.3631
D0519,ASS_Dist_31,Assam,0.3997,45.88,0.741,0.617,0.4424,0.3392,0.4016,0.7197,1.374,0.3719,13.92,330220,206787,0.6262,123433,165837,107424,0.6478,58413,0.363
D0520,ASS_Dist_32,Assam,0.3741,26.43,0.7572,0.6232,0.4531,0.2596,0.4016,0.64,1.404,0.3184,9.71,169135,90858,0.5372,78277,95523,52813,0.5529,42710,0.455
D0521,ASS_Dist_33,Assam,0.5379,40.63,0.6427,0.6499,0.479,0.302,0.2454,0.6118,1.956,0.4339,18.16,248571,173463,0.6978,75108,89733,71675,0.7988,18058,0.2517
D0522,ASS_Dist_34,Assam,0.4072,127.88,0.8048,0.6179,0.4353,0.1214,0.4729,0.6637,1.839,0.3856,14.0,848761,463404,0.546,385357,544266,363863,0.6685,180403,0.3927
D0523,ASS_Dist_35,Assam,0.5839,14.68,0.7852,0.7079,0.6094,0.3226,0.4294,0.7837,1.695,0.2883,12.0,115051,84133,0.7313,30918,56739,37486,0.6607,19253,0.304
D0524,PUN_Dist_01,Punjab,0.6026,200.0,0.6015,0.6264,0.5129,0.2733,0.3739,0.5469,1.804,0.4142,13.97,1093876,701071,0.6409,392805,672995,465936,0.6923,207059,0.3334
D0525,PUN_Dist_02,Punjab,0.6146,41.84,0.5548,0.637,0.5556,0.1933,0.2652,0.4369,1.414,0.3909,16.77,182786,137289,0.7511,45497,99849,76021,0.7614,23828,0.2438
D0526,PUN_Dist_03,Punjab,0.7242,60.33,0.6822,0.6855,0.5845,0.2354,0.3259,0.5909,1.828,0.5704,24.49,356518,247196,0.6934,109322,176959,155401,0.8782,21558,0.2142
D0527,PUN_Dist_04,Punjab,0.9108,93.59,0.6632,0.8768,0.7648,0.1693,0.3199,0.4805,1.919,0.4982,19.31,449705,397949,0.8849,51756,269428,237096,0.88,32332,0.1175
D0528,PUN_Dist_05,Punjab,0.72,103.66,0.5988,0.7519,0.6539,0.1485,0.3167,0.4904,1.754,0.4281,16.0,508394,375528,0.7387,132866,295517,246199,0.8331,49318,0.2141
D0529,PUN_Dist_06,Punjab,0.7329,12.86,0.6647,0.7526,0.6473,0.1976,0.3503,0.5014,2.011,0.5873,18.01,64495,53395,0.8279,11100,40548,28816,0.7107,11732,0.2307
D0530,PUN_Dist_07,Punjab,0.5741,22.58,0.6698,0.6027,0.4476,0.23,0.3557,0.478,1.231,0.332,10.16,107936,68220,0.632,39716,72288,49334,0.6825,22954,0.3427
D0531,PUN_Dist_08,Punjab,0.5828,44.06,0.6458,0.6234,0.5055,0.2245,0.2726,0.5841,1.458,0.4859,13.28,257359,175530,0.682,81829,108089,73189,0.6771,34900,0.3204
D0532,PUN_Dist_09,Punjab,0.7635,29.16,0.544,0.9031,0.7417,0.2678,0.1984,0.3385,1.868,0.5085,18.57,98690,90794,0.92,7896,52056,41438,0.796,10618,0.142
D0533,PUN_Dist_10,Punjab,0.9353,28.15,0.53,0.8971,0.7125,0.243,0.1348,0.4594,2.489,0.5727,21.09,129328,118981,0.92,10347,34151,30052,0.88,4099,0.1
D0534,PUN_Dist_11,Punjab,0.6789,46.07,0.6804,0.7559,0.5729,0.2916,0.4331,0.7076,1.895,0.3477,21.67,326011,268783,0.8245,57228,179591,138950,0.7737,40641,0.2009
D0535,PUN_Dist_12,Punjab,0.6979,23.57,0.6385,0.6847,0.5346,0.292,0.2042,0.4591,1.68,0.3718,21.49,108191,71313,0.6591,36878,43319,33197,0.7664,10122,0.2873
D0536,PUN_Dist_13,Punjab,0.7362,17.68,0.7277,0.7939,0.6222,0.3477,0.3364,0.6118,2.963,0.387,21.07,108166,82950,0.7669,25216,53530,43428,0.8113,10102,0.2109
D0537,PUN_Dist_14,Punjab,0.6824,37.63,0.6079,0.6895,0.4854,0.1444,0.3228,0.6596,2.002,0.4264,15.71,248247,184351,0.7426,63896,109339,79281,0.7251,30058,0.2661
D0538,PUN_Dist_15,Punjab,0.7714,20.39,0.6274,0.698,0.5063,0.2261,0.327,0.6147,1.571,0.3991,28.11,125335,111637,0.8907,13698,59993,52793,0.88,7200,0.1146
D0539,PUN_Dist_16,Punjab,0.7606,172.69,0.6184,0.7544,0.5941,0.1857,0.1594,0.5064,1.947,0.3699,19.79,874502,697545,0.7976,176957,247696,182331,0.7361,65365,0.2331
D0540,PUN_Dist_17,Punjab,0.717,11.28,0.579,0.8417,0.6569,0.2202,0.3672,0.5597,2.164,0.3926,22.59,63142,44856,0.7104,18286,37281,32807,0.88,4474,0.2048
D0541,PUN_Dist_18,Punjab,0.7106,82.11,0.4947,0.8119,0.6319,0.3254,0.3936,0.3329,1.672,0.362,19.27,273322,216583,0.7924,56739,290858,228639,0.7861,62219,0.2108
D0542,PUN_Dist_19,Punjab,0.8016,31.13,0.5772,0.82,0.714,0.1882,0.245,0.4667,2.164,0.4956,20.8,145248,122049,0.8403,23199,68622,60387,0.88,8235,0.1399
D0543,PUN_Dist_20,Punjab,0.6547,200.0,0.7738,0.7415,0.5941,0.3333,0.2307,0.6762,2.295,0.4156,20.65,1352330,1078305,0.7974,274025,415225,327574,0.7889,87651,0.2069
D0544,PUN_Dist_21,Punjab,0.7713,77.95,0.49,0.747,0.5549,0.1302,0.2397,0.5628,1.94,0.3489,23.31,438752,374148,0.8528,64604,168157,147978,0.88,20179,0.1336
D0545,PUN_Dist_22,Punjab,0.6895,25.63,0.6702,0.7424,0.6653,0.2097,0.241,0.5694,1.582,0.3907,19.21,145940,112114,0.7682,33826,55587,46493,0.8364,9094,0.1977
D0546,PUN_Dist_23,Punjab,0.7442,96.58,0.637,0.7895,0.6516,0.3377,0.2756,0.6425,1.926,0.5291,22.08,620484,498597,0.8036,121887,239581,210462,0.8785,29119,0.159
D0547,CHH_Dist_01,Chhattisgarh,0.4572,31.91,0.7932,0.6045,0.4768,0.2853,0.3757,0.8538,1.357,0.3744,15.1,272460,202184,0.7421,70276,107904,82557,0.7651,25347,0.2464
D0548,CHH_Dist_02,Chhattisgarh,0.4555,6.68,0.6416,0.6702,0.5586,0.2462,0.2421,0.6311,1.204,0.4174,11.76,42156,30048,0.7128,12108,14554,9063,0.6228,5491,0.3322
D0549,CHH_Dist_03,Chhattisgarh,0.4969,55.21,0.7399,0.5822,0.4082,0.2366,0.4407,0.6828,1.135,0.19,18.11,376994,238496,0.6326,138498,218999,162927,0.744,56072,0.3117
D0550,CHH_Dist_04,Chhattisgarh,0.2372,45.04,0.7694,0.6226,0.5182,0.2964,0.3982,0.6958,1.191,0.3142,6.93,313396,172513,0.5505,140883,161427,81988,0.5079,79439,0.4708
D0551,CHH_Dist_05,Chhattisgarh,0.5884,36.1,0.7405,0.59,0.4889,0.1962,0.4179,0.5754,2.102,0.4472,16.85,207712,139557,0.6719,68155,135760,111064,0.8181,24696,0.255
D0552,CHH_Dist_06,Chhattisgarh,0.3391,26.79,0.6836,0.6347,0.5048,0.2216,0.4186,0.449,1.568,0.2622,16.81,120291,64238,0.534,56053,100933,71761,0.711,29172,0.3775
D0553,CHH_Dist_07,Chhattisgarh,0.514,41.34,0.887,0.5783,0.438,0.2684,0.2438,0.7382,1.835,0.2823,18.54,305202,207338,0.6793,97864,90694,54159,0.5972,36535,0.3617
D0554,CHH_Dist_08,Chhattisgarh,0.5477,22.23,0.5087,0.5757,0.4848,0.2036,0.4712,0.4021,1.512,0.4208,18.02,89380,60396,0.6757,28984,94268,63240,0.6709,31028,0.3267
D0555,CHH_Dist_09,Chhattisgarh,0.4218,72.98,0.8098,0.6371,0.5674,0.1513,0.3363,0.6932,1.45,0.3833,8.12,505912,312071,0.6168,193841,220905,123707,0.56,97198,0.4116
D0556,CHH_Dist_10,Chhattisgarh,0.4929,67.91,0.6856,0.7034,0.5577,0.1026,0.3776,0.4651,1.682,0.3242,6.9,315833,237950,0.7534,77883,230794,134474,0.5827,96320,0.332
D0557,CHH_Dist_11,Chhattisgarh,0.5149,34.04,0.5996,0.7262,0.5574,0.319,0.2818,0.4843,1.921,0.1893,12.21,164840,102925,0.6244,61915,86330,69046,0.7998,17284,0.2879
D0558,CHH_Dist_12,Chhattisgarh,0.4582,125.06,0.6995,0.6093,0.5328,0.414,0.3532,0.5773,1.668,0.2723,15.24,722029,513564,0.7113,208465,397582,243045,0.6113,154537,0.3387
D0559,CHH_Dist_13,Chhattisgarh,0.4268,8.4,0.7258,0.5986,0.4457,0.2608,0.5799,0.6238,1.962,0.3062,12.21,52410,39960,0.7625,12450,43846,26185,0.5972,17661,0.3202
D0560,CHH_Dist_14,Chhattisgarh,0.627,86.85,0.6118,0.7066,0.6305,0.3164,0.3104,0.4165,1.76,0.5064,15.01,361718,242443,0.6703,119275,242584,182553,0.7525,60031,0.2886
D0561,CHH_Dist_15,Chhattisgarh,0.4825,10.23,0.5795,0.7565,0.6024,0.3585,0.4962,0.6116,1.549,0.2207,11.39,62547,37362,0.5974,25185,45670,25832,0.5656,19838,0.4185
D0562,CHH_Dist_16,Chhattisgarh,0.6221,19.68,0.5426,0.8536,0.6822,0.2561,0.314,0.4576,1.932,0.3759,22.51,90079,69968,0.7767,20111,55624,47975,0.8625,7649,0.1804
D0563,CHH_Dist_17,Chhattisgarh,0.4097,24.74,0.686,0.7116,0.5367,0.308,0.3711,0.5178,1.309,0.2146,11.11,128091,84115,0.6567,43976,82607,58868,0.7126,23739,0.3153
D0564,CHH_Dist_18,Chhattisgarh,0.4591,38.98,0.6145,0.652,0.5446,0.2655,0.4239,0.59,2.035,0.3806,16.13,229997,147265,0.6403,82732,148712,123265,0.8289,25447,0.2654
D0565,CHH_Dist_19,Chhattisgarh,0.6187,90.71,0.6644,0.7291,0.6429,0.3523,0.3372,0.5601,1.126,0.3557,24.65,508049,389383,0.7664,118666,275294,221050,0.803,54244,0.2153
D0566,CHH_Dist_20,Chhattisgarh,0.4471,22.28,0.6729,0.6936,0.5878,0.3437,0.3646,0.5672,1.702,0.2274,18.05,126362,95273,0.754,31089,73092,50810,0.6952,22282,0.2754
D0567,CHH_Dist_21,Chhattisgarh,0.56,38.68,0.74,0.6386,0.5099,0.3393,0.2149,0.6894,1.571,0.3504,16.0,266671,170282,0.6385,96389,74818,56837,0.7597,17981,0.3009
D0568,CHH_Dist_22,Chhattisgarh,0.5423,98.34,0.5684,0.6494,0.4765,0.2148,0.3696,0.5069,0.7,0.3121,20.15,498476,320531,0.643,177945,327111,224692,0.6869,102419,0.335
D0569,CHH_Dist_23,Chhattisgarh,0.424,29.2,0.7195,0.5954,0.4958,0.1501,0.2803,0.556,1.143,0.3934,13.59,162381,104037,0.6407,58344,73669,43824,0.5949,29845,0.3822
D0570,CHH_Dist_24,Chhattisgarh,0.467,200.0,0.7427,0.6707,0.5795,0.3829,0.5986,0.5982,1.718,0.2139,18.53,1196323,802595,0.6709,393728,1077546,780408,0.7242,297138,0.3024
D0571,CHH_Dist_25,Chhattisgarh,0.4571,14.78,0.6915,0.5514,0.4685,0.3662,0.3077,0.5457,1.64,0.2768,11.69,80621,57196,0.7094,23425,40913,23569,0.5761,17344,0.3572
D0572,CHH_Dist_26,Chhattisgarh,0.529,23.49,0.7809,0.5643,0.4769,0.1817,0.243,0.6475,2.177,0.3595,17.57,152139,111848,0.7352,40291,51391,34739,0.676,16652,0.2944
D0573,CHH_Dist_27,Chhattisgarh,0.543,113.93,0.7982,0.7402,0.5754,0.2357,0.4913,0.5928,1.481,0.3837,16.3,675394,496647,0.7353,178747,503785,392769,0.7796,111016,0.2425
D0574,CHH_Dist_28,Chhattisgarh,0.5277,15.14,0.7078,0.6669,0.4885,0.3028,0.4416,0.66,1.615,0.3682,14.52,99950,69977,0.7001,29973,60182,35299,0.5865,24883,0.3567
D0575,CHH_Dist_29,Chhattisgarh,0.5711,75.41,0.6806,0.7155,0.6126,0.3599,0.4003,0.5044,1.586,0.4141,11.28,380392,288599,0.7587,91793,271663,151744,0.5586,119919,0.3414
D0576,CHH_Dist_30,Chhattisgarh,0.4379,29.26,0.7474,0.5447,0.4901,0.2892,0.3732,0.5715,1.383,0.3518,13.73,167220,97882,0.5854,69338,98296,69136,0.7033,29160,0.3556
D0577,CHH_Dist_31,Chhattisgarh,0.3165,98.28,0.7131,0.6248,0.4664,0.2206,0.3251,0.6175,1.284,0.144,13.68,606903,352383,0.5806,254520,287574,156820,0.5453,130754,0.437
D0578,CHH_Dist_32,Chhattisgarh,0.4727,78.05,0.7006,0.621,0.499,0.159,0.2185,0.6507,1.96,0.3191,13.0,507881,368727,0.726,139154,153454,98657,0.6429,54797,0.3155
D0579,CHH_Dist_33,Chhattisgarh,0.4234,33.45,0.6168,0.669,0.5081,0.358,0.315,0.458,1.596,0.3638,12.33,153213,96946,0.6328,56267,94818,47432,0.5002,47386,0.4335
D0580,HAR_Dist_01,Haryana,0.5726,94.15,0.6064,0.7786,0.6425,0.1311,0.2872,0.4898,1.845,0.3351,15.54,461077,307783,0.6675,153294,243373,197566,0.8118,45807,0.2603
D0581,HAR_Dist_02,Haryana,0.6424,88.48,0.4455,0.8429,0.6684,0.2673,0.2642,0.4031,1.95,0.4384,13.31,356645,277594,0.7783,79051,210403,129415,0.6151,80988,0.3033
D0582,HAR_Dist_03,Haryana,0.6401,83.33,0.6653,0.7157,0.5674,0.1789,0.432,0.5529,1.797,0.1939,18.1,460759,322261,0.6994,138498,323990,207165,0.6394,116825,0.3306
D0583,HAR_Dist_04,Haryana,0.6664,41.51,0.5527,0.7034,0.569,0.2151,0.3573,0.4741,2.244,0.3438,14.23,196790,151209,0.7684,45581,133494,114620,0.8586,18874,0.1865
D0584,HAR_Dist_05,Haryana,0.5202,13.09,0.7168,0.6268,0.523,0.2827,0.4232,0.5539,1.459,0.329,9.26,72517,54245,0.748,18272,49862,34101,0.6839,15761,0.284
D0585,HAR_Dist_06,Haryana,0.657,139.88,0.5777,0.7193,0.5535,0.1761,0.2845,0.4643,1.63,0.2522,22.09,649465,547088,0.8424,102377,358220,292122,0.8155,66098,0.1711
D0586,HAR_Dist_07,Haryana,0.7447,137.47,0.606,0.8036,0.6484,0.2056,0.3205,0.4343,1.996,0.3283,19.85,597055,452486,0.7579,144569,396563,327319,0.8254,69244,0.2084
D0587,HAR_Dist_08,Haryana,0.5274,28.6,0.7432,0.6196,0.44,0.332,0.2476,0.569,1.637,0.2866,17.01,162735,96960,0.5958,65775,63738,41016,0.6435,22722,0.3803
D0588,HAR_Dist_09,Haryana,0.6541,29.3,0.6513,0.8325,0.6489,0.2106,0.1161,0.4557,1.772,0.3429,13.8,133507,110848,0.8303,22659,30617,24459,0.7989,6158,0.1854
D0589,HAR_Dist_10,Haryana,0.6477,50.23,0.6763,0.8233,0.6916,0.1952,0.3246,0.5585,2.014,0.4174,18.64,280522,213716,0.7619,66806,146734,104747,0.7139,41987,0.2621
D0590,HAR_Dist_11,Haryana,0.6361,67.11,0.5735,0.6956,0.5329,0.355,0.2853,0.5053,1.601,0.4558,15.17,339086,260969,0.7696,78117,172296,121069,0.7027,51227,0.2638
D0591,HAR_Dist_12,Haryana,0.5782,106.38,0.6176,0.6719,0.5353,0.2599,0.2931,0.5258,1.381,0.218,18.57,559353,461920,0.8258,97433,280592,224195,0.799,56397,0.1876
D0592,HAR_Dist_13,Haryana,0.5985,12.36,0.601,0.665,0.4954,0.2136,0.3987,0.5699,1.845,0.5599,18.16,70429,56258,0.7988,14171,44345,31098,0.7013,13247,0.25
D0593,HAR_Dist_14,Haryana,0.7272,48.14,0.7436,0.8195,0.6372,0.2117,0.3074,0.5536,1.923,0.4037,17.24,266517,215669,0.8092,50848,133192,91707,0.6885,41485,0.2511
D0594,HAR_Dist_15,Haryana,0.6675,110.02,0.4751,0.8282,0.6291,0.2214,0.2779,0.377,1.946,0.4776,17.35,414707,358718,0.865,55989,275186,182636,0.6637,92550,0.2357
D0595,HAR_Dist_16,Haryana,0.7108,9.16,0.711,0.7195,0.616,0.2533,0.2199,0.5397,2.201,0.4688,17.17,49428,35715,0.7226,13713,18123,14640,0.8078,3483,0.2348
D0596,HAR_Dist_17,Haryana,0.6163,37.94,0.6256,0.7649,0.6117,0.1493,0.3461,0.4704,1.483,0.3282,21.95,178492,141683,0.7938,36809,118188,101136,0.8557,17052,0.1752
D0597,HAR_Dist_18,Haryana,0.61,162.6,0.6178,0.7571,0.5509,0.2448,0.3623,0.6408,1.958,0.3604,19.91,1041951,715854,0.687,326097,530206,442806,0.8352,87400,0.2389
D0598,HAR_Dist_19,Haryana,0.7311,62.29,0.5785,0.8181,0.5901,0.2786,0.1994,0.4883,1.633,0.5393,15.62,304176,245391,0.8067,58785,111780,91770,0.821,20010,0.1861
D0599,HAR_Dist_20,Haryana,0.7539,14.01,0.529,0.8293,0.6097,0.3194,0.4245,0.4241,1.312,0.5346,24.05,59431,53975,0.9082,5456,53539,44256,0.8266,9283,0.1326
D0600,HAR_Dist_21,Haryana,0.6555,200.0,0.6022,0.7877,0.5847,0.2622,0.2972,0.512,1.282,0.3667,19.67,1024026,796211,0.7775,227815,534981,448254,0.8379,86727,0.1923
D0601,HAR_Dist_22,Haryana,0.7068,21.16,0.5521,0.7596,0.5516,0.2859,0.3218,0.6012,2.108,0.463,19.4,127208,97482,0.7663,29726,61278,52523,0.8571,8755,0.1883
D0602,UTT_Dist_01,Uttarakhand,0.6938,151.59,0.4345,0.8602,0.6629,0.2018,0.1904,0.4193,2.023,0.5042,18.78,635556,584711,0.92,50845,259786,185404,0.7137,74382,0.1832
D0603,UTT_Dist_02,Uttarakhand,0.6855,28.03,0.6814,0.8285,0.6069,0.2329,0.3032,0.5154,1.917,0.4659,19.75,144463,122847,0.8504,21616,76491,61205,0.8002,15286,0.1747
D0604,UTT_Dist_03,Uttarakhand,0.7267,52.17,0.7731,0.6717,0.6009,0.245,0.2547,0.6125,2.228,0.4344,17.15,319548,236019,0.7386,83529,119593,91721,0.7669,27872,0.2472
D0605,UTT_Dist_04,Uttarakhand,0.6359,65.34,0.5202,0.8078,0.7126,0.2322,0.1578,0.3837,1.791,0.3477,13.75,250706,208416,0.8313,42290,92817,64899,0.6992,27918,0.2347
D0606,UTT_Dist_05,Uttarakhand,0.4617,26.25,0.5306,0.7475,0.6632,0.3482,0.3747,0.4231,1.538,0.3186,11.55,111065,72884,0.6562,38181,88530,59453,0.6716,29077,0.3361
D0607,UTT_Dist_06,Uttarakhand,0.6779,89.5,0.5732,0.8063,0.6801,0.2682,0.1976,0.5228,1.707,0.4705,18.9,467886,394643,0.8435,73243,159125,124925,0.7851,34200,0.1857
D0608,UTT_Dist_07,Uttarakhand,0.55,25.91,0.523,0.8291,0.7246,0.2325,0.2587,0.5471,1.646,0.459,15.02,141741,119118,0.8404,22623,60310,42832,0.7102,17478,0.2247
D0609,UTT_Dist_08,Uttarakhand,0.6588,20.2,0.5394,0.7789,0.5968,0.1913,0.3336,0.3354,0.937,0.4026,22.9,67768,49897,0.7363,17871,60668,48312,0.7963,12356,0.2337
D0610,UTT_Dist_09,Uttarakhand,0.7319,200.0,0.6549,0.7318,0.5465,0.3224,0.4865,0.6899,1.627,0.5362,18.58,1379709,1071377,0.7765,308332,875627,730412,0.8342,145215,0.1947
D0611,UTT_Dist_10,Uttarakhand,0.5834,9.74,0.5402,0.7365,0.587,0.2458,0.1876,0.5502,1.941,0.2634,18.56,53591,38039,0.7098,15552,16448,13780,0.8378,2668,0.2262
D0612,UTT_Dist_11,Uttarakhand,0.6034,61.12,0.6238,0.601,0.5238,0.2707,0.1896,0.4962,1.368,0.2777,13.55,303253,231966,0.7649,71287,104285,73576,0.7055,30709,0.2648
D0613,UTT_Dist_12,Uttarakhand,0.6368,33.89,0.6889,0.7199,0.6315,0.3093,0.2985,0.597,1.128,0.4079,17.02,202330,144881,0.7161,57449,91036,66560,0.7312,24476,0.2764
D0614,UTT_Dist_13,Uttarakhand,0.6541,59.03,0.645,0.7904,0.6078,0.3039,0.2159,0.5903,1.824,0.3721,13.63,348450,277993,0.7978,70457,114685,95551,0.8332,19134,0.1845
D0615,HIM_Dist_01,Himachal Pradesh,0.766,19.72,0.5667,0.8763,0.7054,0.2946,0.2555,0.3992,2.409,0.2558,17.76,78741,64399,0.8179,14342,45359,36685,0.8088,8674,0.1867
D0616,HIM_Dist_02,Himachal Pradesh,0.7361,38.54,0.6976,0.7559,0.6429,0.3177,0.1423,0.5935,2.197,0.4995,15.55,228761,200251,0.8754,28510,49371,43446,0.88,5925,0.1223
D0617,HIM_Dist_03,Himachal Pradesh,0.7767,35.4,0.5855,0.9291,0.7834,0.2069,0.1824,0.4639,1.756,0.5539,17.34,164212,142896,0.8702,21316,58111,50215,0.8641,7896,0.1328
D0618,HIM_Dist_04,Himachal Pradesh,0.8871,55.26,0.464,0.7436,0.5455,0.2733,0.1161,0.4169,2.348,0.5048,17.59,230331,188965,0.8204,41366,57750,48327,0.8368,9423,0.1714
D0619,HIM_Dist_05,Himachal Pradesh,0.7742,47.66,0.5981,0.9117,0.6554,0.175,0.2113,0.4878,2.017,0.4805,24.47,232445,199994,0.8604,32451,90641,79764,0.88,10877,0.1298
D0620,HIM_Dist_06,Himachal Pradesh,0.8288,48.81,0.5152,0.7439,0.5229,0.2223,0.3507,0.3795,2.667,0.4959,20.07,185245,154510,0.8341,30735,154067,135578,0.88,18489,0.143
D0621,HIM_Dist_07,Himachal Pradesh,0.8822,16.25,0.5494,0.8812,0.7681,0.3225,0.133,0.4495,1.839,0.5594,21.32,73038,66215,0.9066,6823,19448,17114,0.88,2334,0.1067
D0622,HIM_Dist_08,Himachal Pradesh,0.7958,19.77,0.5301,0.8822,0.6867,0.3944,0.05,0.384,1.953,0.3313,21.1,75932,57141,0.7525,18791,8898,7830,0.88,1068,0.1837
D0623,HIM_Dist_09,Himachal Pradesh,0.7468,125.46,0.7015,0.8762,0.7324,0.293,0.37,0.5532,1.526,0.2724,19.88,694098,558285,0.8043,135813,417835,356061,0.8522,61774,0.1718
D0624,HIM_Dist_10,Himachal Pradesh,0.8074,17.62,0.5466,0.756,0.6697,0.2548,0.1767,0.5198,1.799,0.5301,21.4,91608,71944,0.7853,19664,28025,22366,0.7981,5659,0.2083
D0625,HIM_Dist_11,Himachal Pradesh,0.7461,96.06,0.5458,0.7564,0.5338,0.2707,0.1892,0.4682,1.816,0.4515,20.37,449765,375325,0.8345,74440,163593,143961,0.88,19632,0.1428
D0626,HIM_Dist_12,Himachal Pradesh,0.8148,30.35,0.5865,0.7014,0.5927,0.1845,0.2999,0.4731,2.225,0.4691,18.91,143580,104012,0.7244,39568,81905,69973,0.8543,11932,0.2106
D0627,TRI_Dist_01,Tripura,0.5534,39.45,0.685,0.7672,0.6557,0.3604,0.3569,0.5479,1.112,0.4172,11.61,216135,145027,0.671,71108,126716,81328,0.6418,45388,0.3436
D0628,TRI_Dist_02,Tripura,0.6128,6.62,0.638,0.7169,0.5737,0.2459,0.3397,0.6237,1.769,0.4565,15.22,41266,29888,0.7243,11378,20228,12706,0.6282,7522,0.3238
D0629,TRI_Dist_03,Tripura,0.4674,71.15,0.6833,0.5415,0.4466,0.3372,0.2089,0.6552,1.057,0.2789,13.76,466192,297173,0.6374,169019,133755,79779,0.5965,53976,0.383
D0630,TRI_Dist_04,Tripura,0.5792,33.88,0.6531,0.6622,0.4645,0.182,0.3518,0.4725,1.665,0.4404,19.24,160087,123105,0.769,36982,107275,74735,0.6967,32540,0.2672
D0631,TRI_Dist_05,Tripura,0.5454,77.89,0.6373,0.7123,0.6377,0.3091,0.1868,0.5267,2.407,0.3525,12.97,410223,296085,0.7218,114138,130971,80643,0.6157,50328,0.3312
D0632,TRI_Dist_06,Tripura,0.5205,62.43,0.6637,0.5953,0.5206,0.1612,0.3629,0.6807,1.413,0.3781,13.78,424959,280503,0.6601,144456,203908,119944,0.5882,83964,0.3758
D0633,TRI_Dist_07,Tripura,0.6341,46.9,0.6426,0.7122,0.5188,0.1824,0.2556,0.5659,0.913,0.4242,20.05,265397,235384,0.8869,30013,107905,82150,0.7613,25755,0.1759
D0634,TRI_Dist_08,Tripura,0.5068,29.28,0.6521,0.6973,0.4982,0.3633,0.3683,0.6428,1.325,0.29,18.5,188184,144206,0.7663,43978,97040,79178,0.8159,17862,0.2089
D0635,MEG_Dist_01,Meghalaya,0.5806,76.4,0.3875,0.6961,0.6261,0.2837,0.4267,0.3275,1.688,0.2683,18.57,250185,165830,0.6628,84355,293389,235934,0.8042,57455,0.2665
D0636,MEG_Dist_02,Meghalaya,0.4949,27.53,0.8446,0.6571,0.5317,0.3176,0.05,0.7235,1.913,0.4772,12.49,199150,134291,0.6743,64859,12386,7927,0.6401,4459,0.3428
D0637,MEG_Dist_03,Meghalaya,0.569,67.86,0.5646,0.6125,0.526,0.2887,0.3464,0.5319,1.61,0.3082,19.05,360926,249971,0.6926,110955,211571,147019,0.6949,64552,0.3063
D0638,MEG_Dist_04,Meghalaya,0.4143,28.82,0.8784,0.6515,0.4987,0.2101,0.458,0.7781,1.278,0.3246,19.84,224235,142069,0.6336,82166,118782,87717,0.7385,31065,0.314
D0639,MEG_Dist_05,Meghalaya,0.5205,34.54,0.5043,0.5733,0.4809,0.2314,0.2816,0.4588,2.042,0.3752,21.44,158454,95063,0.5999,63391,87553,63210,0.722,24343,0.339
D0640,MEG_Dist_06,Meghalaya,0.508,46.8,0.7295,0.6762,0.5443,0.5117,0.1964,0.5462,1.254,0.2999,19.44,255617,189333,0.7407,66284,82722,61499,0.7434,21223,0.2579
D0641,MEG_Dist_07,Meghalaya,0.4941,97.09,0.6356,0.6885,0.5225,0.3962,0.2495,0.4949,1.317,0.3211,17.13,480485,332308,0.6916,148177,217980,161880,0.7426,56100,0.2829
D0642,MEG_Dist_08,Meghalaya,0.4294,31.86,0.7246,0.5955,0.4367,0.2153,0.3091,0.6706,1.785,0.4654,17.71,213657,149129,0.698,64528,88627,44292,0.4998,44335,0.4011
D0643,MEG_Dist_09,Meghalaya,0.4397,156.53,0.7082,0.7045,0.5392,0.2124,0.5648,0.5472,1.425,0.4379,14.72,856551,591567,0.6906,264984,795676,620607,0.78,175069,0.2647
D0644,MEG_Dist_10,Meghalaya,0.5826,14.18,0.4908,0.7347,0.6266,0.1571,0.3835,0.4269,1.913,0.3117,22.39,60540,41915,0.6924,18625,48945,37822,0.7727,11123,0.2674
D0645,MEG_Dist_11,Meghalaya,0.4478,29.82,0.7126,0.8134,0.6894,0.2233,0.415,0.6189,1.439,0.3215,16.17,184539,124011,0.672,60528,111355,69687,0.6258,41668,0.3511
D0646,MEG_Dist_12,Meghalaya,0.6355,38.3,0.7491,0.6238,0.5002,0.2901,0.3003,0.6197,1.716,0.3748,21.14,237358,176293,0.7427,61065,103538,85749,0.8282,17789,0.2145
D0647,MAN_Dist_01,Manipur,0.6225,138.68,0.5545,0.7534,0.6639,0.1619,0.2998,0.5563,1.812,0.3565,25.05,771509,556513,0.7213,214996,374200,304640,0.8141,69560,0.2323
D0648,MAN_Dist_02,Manipur,0.5459,200.0,0.689,0.7015,0.5788,0.2338,0.3659,0.5467,1.85,0.2402,18.79,1093421,759670,0.6948,333751,658678,453489,0.6885,205189,0.3084
D0649,MAN_Dist_03,Manipur,0.4949,46.24,0.7292,0.6371,0.4974,0.2938,0.382,0.5388,1.71,0.3639,18.17,249134,162044,0.6504,87090,158951,116760,0.7346,42191,0.3075
D0650,MAN_Dist_04,Manipur,0.4468,79.13,0.7561,0.555,0.4856,0.2844,0.2621,0.6283,1.192,0.2882,14.63,497175,321110,0.6459,176065,186685,125411,0.6718,61274,0.3412
D0651,MAN_Dist_05,Manipur,0.5474,41.26,0.6683,0.7709,0.6252,0.1658,0.2178,0.6182,1.21,0.2884,17.6,255064,192319,0.754,62745,80861,63949,0.7909,16912,0.2276
D0652,MAN_Dist_06,Manipur,0.5796,130.54,0.6423,0.614,0.5458,0.3309,0.3682,0.6275,1.619,0.3772,9.5,819113,666962,0.8142,152151,432575,245501,0.5675,187074,0.3091
D0653,MAN_Dist_07,Manipur,0.4898,60.54,0.6668,0.668,0.5463,0.347,0.3029,0.4956,1.35,0.3776,15.77,300028,187160,0.6238,112868,165038,118638,0.7189,46400,0.3287
D0654,MAN_Dist_08,Manipur,0.5237,34.17,0.632,0.5764,0.4378,0.3877,0.2896,0.5317,1.808,0.282,15.92,181668,123900,0.682,57768,89052,62983,0.7073,26069,0.3054
D0655,MAN_Dist_09,Manipur,0.5381,200.0,0.598,0.7228,0.5326,0.3672,0.4764,0.4937,1.982,0.2561,17.2,987342,697467,0.7064,289875,857439,573535,0.6689,283904,0.3123
D0656,MAN_Dist_10,Manipur,0.5616,24.06,0.7157,0.6949,0.5185,0.1872,0.2562,0.61,2.119,0.4232,9.75,146756,109201,0.7441,37555,55476,33754,0.6085,21722,0.3237
D0657,MAN_Dist_11,Manipur,0.6191,31.07,0.6816,0.7057,0.5454,0.3552,0.179,0.5316,1.706,0.4241,16.11,165196,117392,0.7106,47804,50068,39657,0.7921,10411,0.2486
D0658,MAN_Dist_12,Manipur,0.332,191.13,0.8137,0.6852,0.5985,0.315,0.5702,0.6893,0.9,0.2269,13.91,1317521,828850,0.6291,488671,980885,549855,0.5606,431030,0.4052
D0659,MAN_Dist_13,Manipur,0.5857,115.57,0.7463,0.6702,0.4755,0.1942,0.3705,0.5831,1.489,0.4777,22.07,673869,484800,0.7194,189069,385382,249699,0.6479,135683,0.3163
D0660,MAN_Dist_14,Manipur,0.4849,42.31,0.6329,0.8142,0.6029,0.4012,0.308,0.4793,1.705,0.3916,16.45,202767,145416,0.7172,57351,117268,87057,0.7424,30211,0.2702
D0661,MAN_Dist_15,Manipur,0.5054,19.19,0.5989,0.6913,0.5927,0.3644,0.3353,0.4726,1.505,0.3998,9.9,90673,68642,0.757,22031,57894,35436,0.6121,22458,0.3154
D0662,MAN_Dist_16,Manipur,0.5184,71.52,0.648,0.6394,0.4952,0.2368,0.4439,0.6476,1.791,0.3669,20.46,463224,327304,0.7066,135920,285773,221814,0.7762,63959,0.2586
D0663,NAG_Dist_01,Nagaland,0.5243,12.42,0.6118,0.6042,0.5383,0.2707,0.3036,0.4686,1.588,0.3633,15.9,58199,39043,0.6709,19156,33933,21932,0.6464,12001,0.3414
D0664,NAG_Dist_02,Nagaland,0.5537,31.69,0.6623,0.5978,0.5248,0.2999,0.321,0.7133,1.979,0.3245,18.2,226017,167250,0.74,58767,91543,67766,0.7403,23777,0.2599
D0665,NAG_Dist_03,Nagaland,0.3616,61.51,0.8219,0.6138,0.4641,0.3327,0.4253,0.7322,1.255,0.3864,12.62,450430,264692,0.5876,185738,235479,139759,0.5935,95720,0.4094
D0666,NAG_Dist_04,Nagaland,0.4806,34.04,0.6947,0.6671,0.5161,0.3923,0.2282,0.5473,1.71,0.3284,16.28,186290,143136,0.7684,43154,69920,39466,0.5645,30454,0.3336
D0667,NAG_Dist_05,Nagaland,0.494,117.36,0.7935,0.6598,0.5296,0.1613,0.4201,0.6842,1.37,0.3001,10.14,802929,526881,0.6562,276048,443759,279291,0.6294,164468,0.3572
D0668,NAG_Dist_06,Nagaland,0.5621,30.38,0.7615,0.5847,0.486,0.2947,0.1244,0.7699,1.413,0.2534,17.99,233911,163460,0.6988,70451,34027,24419,0.7176,9608,0.2918
D0669,NAG_Dist_07,Nagaland,0.549,170.63,0.5381,0.6384,0.5384,0.3185,0.3741,0.5213,1.484,0.229,10.69,889534,557535,0.6268,331999,574446,366593,0.6382,207853,0.3675
D0670,NAG_Dist_08,Nagaland,0.5215,64.6,0.6714,0.7726,0.6431,0.2583,0.4434,0.489,1.242,0.2568,13.58,315857,246689,0.781,69168,257772,168403,0.6533,89369,0.2828
D0671,NAG_Dist_09,Nagaland,0.6415,198.89,0.6457,0.7498,0.5976,0.1159,0.2727,0.5281,1.688,0.4442,20.53,1050292,778590,0.7413,271702,488110,353196,0.7236,134914,0.2675
D0672,NAG_Dist_10,Nagaland,0.6457,35.27,0.6805,0.7909,0.6701,0.2473,0.3554,0.4805,2.268,0.552,20.49,169455,124211,0.733,45244,112818,86080,0.763,26738,0.252
D0673,NAG_Dist_11,Nagaland,0.5808,19.01,0.7364,0.7593,0.6604,0.3728,0.3674,0.6219,1.61,0.4377,19.21,118217,95015,0.8037,23202,62857,55314,0.88,7543,0.1581
D0674,NAG_Dist_12,Nagaland,0.5711,200.0,0.6238,0.6441,0.5731,0.2548,0.2319,0.5532,2.071,0.418,16.86,1106318,821327,0.7424,284991,417348,309395,0.7413,107953,0.2581
D0675,ARU_Dist_01,Arunachal Pradesh,0.5424,85.61,0.6574,0.6869,0.5441,0.332,0.4348,0.5739,1.578,0.2642,17.79,491358,345633,0.7034,145725,334996,256385,0.7653,78611,0.2656
D0676,ARU_Dist_02,Arunachal Pradesh,0.5197,39.27,0.6994,0.6753,0.5667,0.3733,0.4553,0.6231,1.317,0.3482,14.04,244678,155515,0.6356,89163,160906,107983,0.6711,52923,0.3467
D0677,ARU_Dist_03,Arunachal Pradesh,0.5886,11.2,0.6955,0.7489,0.5492,0.272,0.324,0.6487,1.053,0.4322,17.49,72632,52974,0.7294,19658,32650,26025,0.7971,6625,0.2368
D0678,ARU_Dist_04,Arunachal Pradesh,0.4945,23.25,0.4828,0.6632,0.5006,0.3334,0.4704,0.3936,1.097,0.337,19.45,91510,62918,0.6876,28592,98427,76400,0.7762,22027,0.2681
D0679,ARU_Dist_05,Arunachal Pradesh,0.6641,60.3,0.6096,0.7072,0.5616,0.2313,0.3281,0.4441,2.027,0.4788,19.69,267826,224144,0.8369,43682,178059,133048,0.7472,45011,0.2079
D0680,ARU_Dist_06,Arunachal Pradesh,0.5132,96.46,0.5232,0.6674,0.5547,0.2931,0.3396,0.4853,1.433,0.2478,15.83,468068,319586,0.6828,148482,294797,220651,0.7485,74146,0.2844
D0681,ARU_Dist_07,Arunachal Pradesh,0.47,58.39,0.6225,0.7556,0.585,0.3255,0.2726,0.5651,0.856,0.3658,15.99,329979,210715,0.6386,119264,143283,89680,0.6259,53603,0.3678
D0682,ARU_Dist_08,Arunachal Pradesh,0.5525,45.92,0.617,0.81,0.7128,0.2056,0.1598,0.4748,1.502,0.3962,15.22,217997,146967,0.6742,71030,66052,40950,0.62,25102,0.3529
D0683,ARU_Dist_09,Arunachal Pradesh,0.4589,23.51,0.7899,0.7104,0.5331,0.3643,0.3065,0.6371,1.833,0.3721,14.34,149740,100886,0.6737,48854,64843,38020,0.5863,26823,0.37
D0684,ARU_Dist_10,Arunachal Pradesh,0.5154,63.14,0.6984,0.6876,0.5576,0.2838,0.3224,0.5983,1.597,0.3538,16.11,377750,269603,0.7137,108147,183197,144321,0.7878,38876,0.2493
D0685,ARU_Dist_11,Arunachal Pradesh,0.5212,77.24,0.7383,0.6456,0.5304,0.1762,0.2662,0.5943,1.674,0.3064,13.88,459039,311632,0.6789,147407,185027,104241,0.5634,80786,0.3789
D0686,ARU_Dist_12,Arunachal Pradesh,0.6208,63.98,0.6627,0.6354,0.5612,0.2736,0.2961,0.6137,1.645,0.3299,15.19,392624,278534,0.7094,114090,170484,126320,0.741,44164,0.2748
D0687,ARU_Dist_13,Arunachal Pradesh,0.46,36.51,0.8385,0.6972,0.5479,0.2282,0.4793,0.7059,1.332,0.2567,16.58,257736,193263,0.7499,64473,157479,102742,0.6524,54737,0.2989
D0688,ARU_Dist_14,Arunachal Pradesh,0.6114,10.93,0.5651,0.7082,0.5847,0.2758,0.3901,0.3847,1.742,0.3782,16.33,42038,32023,0.7618,10015,38359,27922,0.7279,10437,0.2552
D0689,ARU_Dist_15,Arunachal Pradesh,0.4779,65.38,0.728,0.5916,0.4703,0.2329,0.3729,0.5218,1.862,0.2245,15.47,341171,217644,0.6379,123527,219418,157301,0.7169,62117,0.3226
D0690,ARU_Dist_16,Arunachal Pradesh,0.5662,18.86,0.576,0.6893,0.5243,0.1991,0.366,0.6328,1.741,0.2761,18.19,119340,83734,0.7016,35606,62120,46978,0.7563,15142,0.2711
D0691,ARU_Dist_17,Arunachal Pradesh,0.4219,22.66,0.6684,0.6495,0.4912,0.2331,0.3178,0.596,1.695,0.3745,7.59,135077,92994,0.6885,42083,64820,45225,0.6977,19595,0.3069
D0692,ARU_Dist_18,Arunachal Pradesh,0.5446,19.47,0.6575,0.5818,0.4226,0.2491,0.224,0.6039,1.527,0.2668,16.27,117570,78007,0.6635,39563,39257,28169,0.7176,11088,0.3095
D0693,ARU_Dist_19,Arunachal Pradesh,0.5018,47.28,0.7245,0.6166,0.5481,0.2713,0.1821,0.7106,1.356,0.3604,16.75,335976,203635,0.6061,132341,77482,56140,0.7246,21342,0.3347
D0694,ARU_Dist_20,Arunachal Pradesh,0.4543,16.39,0.631,0.5431,0.4416,0.3179,0.3457,0.4981,1.797,0.2387,13.01,81641,55898,0.6847,25743,51002,31820,0.6239,19182,0.3457
D0695,ARU_Dist_21,Arunachal Pradesh,0.5368,135.75,0.6827,0.6832,0.5319,0.2535,0.3462,0.6098,1.674,0.4321,17.17,827757,651069,0.7865,176688,422946,295283,0.6982,127663,0.2576
D0696,ARU_Dist_22,Arunachal Pradesh,0.3932,37.25,0.6674,0.5868,0.5259,0.4033,0.3682,0.5516,1.8,0.3207,15.34,205474,126588,0.6161,78886,123418,91644,0.7426,31774,0.3207
D0697,ARU_Dist_23,Arunachal Pradesh,0.4457,37.3,0.816,0.6137,0.5039,0.252,0.3232,0.7617,1.461,0.222,13.84,284111,189276,0.6662,94835,108496,64262,0.5923,44234,0.3707
D0698,ARU_Dist_24,Arunachal Pradesh,0.6035,38.08,0.7056,0.7518,0.6297,0.2049,0.2962,0.4638,1.358,0.4065,20.01,176613,134235,0.7601,42378,101502,86123,0.8485,15379,0.1957
D0699,ARU_Dist_25,Arunachal Pradesh,0.5273,62.69,0.4638,0.6094,0.4412,0.2813,0.3244,0.3842,1.329,0.2861,14.9,240884,180237,0.7482,60647,183062,119693,0.6538,63369,0.299
D0700,ARU_Dist_26,Arunachal Pradesh,0.6489,67.75,0.7246,0.7586,0.5864,0.2607,0.2895,0.5683,1.701,0.4127,14.44,385039,293841,0.7631,91198,176502,137114,0.7768,39388,0.23
D0701,MIZ_Dist_01,Mizoram,0.6026,23.7,0.701,0.802,0.7042,0.2591,0.1886,0.6637,1.778,0.3228,8.58,157320,114765,0.7295,42555,40237,27800,0.6909,12437,0.2898
D0702,MIZ_Dist_02,Mizoram,0.5825,13.54,0.6246,0.7267,0.5668,0.2675,0.3023,0.4826,1.639,0.24,20.1,65326,46440,0.7109,18886,36833,28421,0.7716,8412,0.2587
D0703,MIZ_Dist_03,Mizoram,0.6321,21.6,0.6653,0.6871,0.489,0.2295,0.3302,0.5251,1.39,0.507,21.04,113433,87896,0.7749,25537,64201,55259,0.8607,8942,0.1822
D0704,MIZ_Dist_04,Mizoram,0.6869,41.68,0.5139,0.6337,0.4947,0.2662,0.2666,0.319,2.312,0.3345,19.65,132955,109296,0.8221,23659,100035,77025,0.77,23010,0.204
D0705,MIZ_Dist_05,Mizoram,0.7628,33.65,0.5725,0.9128,0.6884,0.1951,0.2893,0.5387,1.335,0.4671,17.36,181246,149223,0.8233,32023,87614,72858,0.8316,14756,0.1725
D0706,MIZ_Dist_06,Mizoram,0.6853,158.95,0.7236,0.7761,0.6407,0.1982,0.3366,0.591,1.962,0.339,19.97,939380,814300,0.8668,125080,481501,407201,0.8457,74300,0.1437
D0707,MIZ_Dist_07,Mizoram,0.685,4.95,0.6114,0.7388,0.605,0.311,0.2909,0.5562,1.759,0.4666,15.51,27534,21970,0.7979,5564,12961,7904,0.6099,5057,0.2961
D0708,MIZ_Dist_08,Mizoram,0.6057,13.25,0.7047,0.7623,0.6371,0.301,0.3272,0.7399,1.791,0.458,15.52,98069,72843,0.7428,25226,39035,31572,0.8088,7463,0.2242
D0709,MIZ_Dist_09,Mizoram,0.5511,92.51,0.657,0.7458,0.537,0.2549,0.2619,0.624,1.592,0.2903,13.89,577236,422481,0.7319,154755,218071,142095,0.6516,75976,0.3082
D0710,MIZ_Dist_10,Mizoram,0.6196,29.27,0.6298,0.7628,0.5722,0.2594,0.414,0.5755,2.087,0.4007,17.08,168449,132378,0.7859,36071,109065,90276,0.8277,18789,0.1932
D0711,MIZ_Dist_11,Mizoram,0.6751,18.44,0.5134,0.75,0.6559,0.1788,0.2542,0.5372,1.687,0.4089,23.21,99080,74249,0.7494,24831,42194,37130,0.88,5064,0.1853
D0712,SIK_Dist_01,Sikkim,0.6719,43.15,0.6794,0.8225,0.615,0.2332,0.1445,0.5728,1.925,0.3904,23.27,247154,181456,0.7342,65698,56113,41056,0.7317,15057,0.2671
D0713,SIK_Dist_02,Sikkim,0.7694,39.58,0.5,0.817,0.6722,0.1275,0.2559,0.5881,1.944,0.4221,24.21,232757,180525,0.7756,52232,91141,80204,0.88,10937,0.1722
D0714,SIK_Dist_03,Sikkim,0.6979,14.7,0.5873,0.719,0.6205,0.2421,0.2906,0.3702,2.113,0.4877,16.18,54419,46061,0.8464,8358,38455,31260,0.8129,7195,0.1703
D0715,SIK_Dist_04,Sikkim,0.6706,78.88,0.7118,0.8239,0.6901,0.2682,0.2256,0.5667,1.496,0.373,25.26,446998,335843,0.7513,111155,160186,132598,0.8278,27588,0.2104
D0716,GOA_Dist_01,Goa,0.8512,25.92,0.4964,0.7369,0.6233,0.2183,0.2524,0.3301,1.576,0.5654,18.39,85551,76711,0.8967,8840,58878,50344,0.8551,8534,0.1241
D0717,GOA_Dist_02,Goa,0.8489,67.14,0.5289,0.7656,0.5586,0.1692,0.2951,0.4597,2.162,0.5156,19.84,308672,243668,0.7894,65004,178333,151301,0.8484,27032,0.1811
D0718,DEL_Dist_01,Delhi,0.7618,79.03,0.4981,0.7828,0.5967,0.2947,0.0912,0.4058,2.391,0.6366,17.94,320651,253044,0.7892,67607,64881,56273,0.8673,8608,0.1718
D0719,DEL_Dist_02,Delhi,0.8002,11.6,0.7129,0.6946,0.5728,0.1996,0.1489,0.6696,1.646,0.5545,19.26,77697,64805,0.8341,12892,15554,12147,0.781,3407,0.1925
D0720,DEL_Dist_03,Delhi,0.8545,29.65,0.513,0.8736,0.7003,0.128,0.2098,0.4635,2.349,0.5145,23.1,137395,109358,0.7959,28037,55981,49263,0.88,6718,0.162
D0721,DEL_Dist_04,Delhi,0.95,20.72,0.4567,0.8178,0.7339,0.1578,0.2606,0.3612,2.268,0.4757,27.09,74836,68849,0.92,5987,48599,42767,0.88,5832,0.1
D0722,DEL_Dist_05,Delhi,0.8913,41.17,0.4055,0.9243,0.7656,0.3468,0.1831,0.3387,1.676,0.5766,19.83,139438,122654,0.8796,16784,67853,57159,0.8424,10694,0.139
D0723,DEL_Dist_06,Delhi,0.7841,26.19,0.5833,0.7785,0.6336,0.1194,0.2767,0.4415,1.908,0.5029,26.47,115626,99361,0.8593,16265,65225,57398,0.88,7827,0.1303
D0724,DEL_Dist_07,Delhi,0.7423,146.72,0.5856,0.7078,0.6089,0.1985,0.1783,0.4992,1.937,0.4363,21.18,732508,584731,0.7983,147777,235481,194679,0.8267,40802,0.1875
D0725,DEL_Dist_08,Delhi,0.8465,129.65,0.6025,0.8759,0.7674,0.1998,0.2184,0.6203,1.759,0.5076,20.2,804203,712121,0.8855,92082,254828,224248,0.88,30580,0.1173
D0726,DEL_Dist_09,Delhi,0.8237,14.99,0.4296,0.8105,0.6685,0.1563,0.2986,0.4586,2.146,0.448,21.32,68729,56105,0.8163,12624,40269,35436,0.88,4833,0.1518
D0727,DEL_Dist_10,Delhi,0.7553,62.03,0.4205,0.7283,0.6081,0.3222,0.2177,0.3567,1.879,0.2917,22.04,221266,193574,0.8748,27692,121547,98368,0.8093,23179,0.1579
D0728,DEL_Dist_11,Delhi,0.8819,33.6,0.3301,0.8894,0.6245,0.1594,0.2482,0.3297,1.98,0.5088,24.56,110776,101913,0.92,8863,75052,66045,0.88,9007,0.1
D0729,JAM_Dist_01,Jammu & Kashmir,0.493,21.56,0.7273,0.6594,0.4718,0.4024,0.3953,0.5406,1.368,0.2961,14.34,116543,73546,0.6311,42997,76704,52091,0.6791,24613,0.3449
D0730,JAM_Dist_02,Jammu & Kashmir,0.5912,56.22,0.6026,0.6853,0.517,0.331,0.3221,0.5391,1.612,0.4874,17.67,303085,228112,0.7526,74973,163001,123084,0.7551,39917,0.2461
D0731,JAM_Dist_03,Jammu & Kashmir,0.6895,34.79,0.5304,0.7617,0.6167,0.2037,0.2527,0.4418,1.701,0.4828,19.48,153708,113583,0.739,40125,79132,56589,0.7151,22543,0.273
D0732,JAM_Dist_04,Jammu & Kashmir,0.5348,136.29,0.6498,0.7136,0.6304,0.3477,0.2583,0.5348,1.626,0.2176,10.48,728855,475740,0.6527,253115,316814,202614,0.6395,114200,0.3539
D0733,JAM_Dist_05,Jammu & Kashmir,0.5895,40.28,0.6298,0.7597,0.6312,0.2907,0.3271,0.5209,2.145,0.3564,19.02,209788,152722,0.728,57066,118569,98597,0.8316,19972,0.2202
D0734,JAM_Dist_06,Jammu & Kashmir,0.6802,64.72,0.5795,0.7361,0.6072,0.2821,0.2231,0.3624,1.792,0.5065,23.33,234525,161878,0.6902,72647,129955,104356,0.803,25599,0.2534
D0735,JAM_Dist_07,Jammu & Kashmir,0.4499,62.97,0.7143,0.6543,0.5728,0.3939,0.3851,0.6254,1.82,0.1925,10.28,393833,274680,0.6975,119153,218233,132434,0.6069,85799,0.3478
D0736,JAM_Dist_08,Jammu & Kashmir,0.7576,130.72,0.5679,0.7696,0.6901,0.1788,0.1729,0.5102,1.574,0.4106,22.33,666958,542139,0.8129,124819,203367,178962,0.88,24405,0.1536
D0737,JAM_Dist_09,Jammu & Kashmir,0.5986,10.21,0.6545,0.7987,0.7112,0.1885,0.3571,0.6519,1.757,0.395,14.62,66591,48512,0.7285,18079,32830,20408,0.6216,12422,0.3249
D0738,JAM_Dist_10,Jammu & Kashmir,0.5313,36.78,0.6556,0.673,0.5889,0.3057,0.4853,0.463,1.954,0.3536,14.41,170308,127779,0.7503,42529,160672,131248,0.8169,29424,0.2164
D0739,JAM_Dist_11,Jammu & Kashmir,0.6963,63.17,0.5325,0.8936,0.65,0.1882,0.2342,0.5262,1.709,0.4379,20.64,332392,251287,0.756,81105,133162,117182,0.88,15980,0.182
D0740,JAM_Dist_12,Jammu & Kashmir,0.5685,82.33,0.6871,0.7637,0.58,0.3072,0.3489,0.563,1.481,0.2656,14.66,463516,365695,0.789,97821,258522,185478,0.7175,73044,0.2468
D0741,JAM_Dist_13,Jammu & Kashmir,0.6737,21.87,0.564,0.7979,0.6535,0.1052,0.4629,0.503,1.59,0.3903,15.63,110011,92329,0.8393,17682,91126,66919,0.7344,24207,0.2132
D0742,JAM_Dist_14,Jammu & Kashmir,0.552,32.3,0.6815,0.7123,0.6355,0.3422,0.5017,0.6154,1.514,0.2793,14.36,198808,135407,0.6811,63401,145868,79550,0.5454,66318,0.3868
D0743,JAM_Dist_15,Jammu & Kashmir,0.6524,86.18,0.4928,0.6928,0.4869,0.3049,0.2592,0.3687,1.465,0.3807,24.46,317759,228256,0.7183,89503,201062,151845,0.7552,49217,0.2632
D0744,JAM_Dist_16,Jammu & Kashmir,0.7005,51.05,0.6316,0.7843,0.6059,0.3561,0.37,0.515,2.192,0.4766,17.66,262917,196365,0.7469,66552,169978,135865,0.7993,34113,0.2269
D0745,JAM_Dist_17,Jammu & Kashmir,0.6656,200.0,0.4412,0.7301,0.5217,0.339,0.3012,0.4489,2.524,0.4695,14.09,897792,617761,0.6881,280031,542120,434247,0.801,107873,0.2554
D0746,JAM_Dist_18,Jammu & Kashmir,0.7292,55.17,0.5546,0.7647,0.6392,0.1832,0.2873,0.4261,1.741,0.5,22.26,235037,175113,0.745,59924,142645,114993,0.8062,27652,0.2244
D0747,JAM_Dist_19,Jammu & Kashmir,0.6348,150.63,0.5588,0.8798,0.7022,0.3976,0.2522,0.4961,1.686,0.3394,17.46,747290,496936,0.665,250354,341886,265101,0.7754,76785,0.2798
D0748,JAM_Dist_20,Jammu & Kashmir,0.628,58.32,0.689,0.6831,0.6116,0.1535,0.339,0.5652,1.733,0.3674,18.2,329600,262543,0.7966,67057,177920,143552,0.8068,34368,0.1983
D0749,LAD_Dist_01,Ladakh,0.5654,51.03,0.6857,0.7955,0.6069,0.3565,0.44,0.7552,1.501,0.4489,15.5,385387,277505,0.7201,107882,202072,147006,0.7275,55066,0.2762
D0750,LAD_Dist_02,Ladakh,0.6529,57.6,0.5413,0.6484,0.5046,0.3374,0.2067,0.564,2.256,0.4376,18.04,324890,237913,0.7323,86977,107181,73645,0.6871,33536,0.2903
